Region,Product,Sales,CustomerID,EmployeeName
East,Tablet,757,10001,David
West,Headphones,544,10002,Emma
North,Headphones,8960,10003,Charlie
East,Phone,1834,10004,Alice
East,Laptop,1171,10005,David
West,Headphones,7500,10006,Charlie
North,Phone,4138,10007,Alice
North,Tablet,6585,10008,Charlie
East,Tablet,734,10009,Charlie
South,Tablet,7334,10010,Emma
East,Tablet,3707,10011,David
East,Phone,6064,10012,Emma
East,Laptop,2900,10013,Bob
East,Phone,5589,10014,Charlie
West,Laptop,8051,10015,David
North,Tablet,5505,10016,Bob
West,Headphones,7990,10017,Bob
West,Headphones,8240,10018,Emma
West,Headphones,9131,10019,Bob
East,Laptop,5682,10020,Alice
South,Tablet,1150,10021,Alice
North,Phone,533,10022,Alice
South,Headphones,3532,10023,Bob
West,Laptop,8144,10024,Charlie
West,Headphones,1610,10025,David
South,Phone,9153,10026,Alice
South,Tablet,9013,10027,Alice
South,Phone,5010,10028,Alice
West,Tablet,2374,10029,Emma
West,Tablet,3539,10030,Emma
North,Tablet,1756,10031,Alice
North,Headphones,3740,10032,Alice
West,Phone,4763,10033,Emma
South,Headphones,5769,10034,David
South,Phone,8217,10035,Charlie
North,Laptop,1909,10036,David
West,Laptop,2332,10037,Charlie
North,Phone,2524,10038,Bob
North,Phone,6236,10039,Bob
East,Phone,5493,10040,David
East,Phone,8134,10041,Emma
East,Tablet,5457,10042,Alice
South,Headphones,3713,10043,Bob
West,Tablet,6708,10044,Emma
West,Headphones,6953,10045,Emma
West,Headphones,3253,10046,Charlie
West,Headphones,7828,10047,Bob
East,Tablet,805,10048,David
South,Phone,1884,10049,Emma
South,Tablet,3867,10050,David
East,Tablet,2074,10051,David
South,Headphones,1372,10052,Bob
East,Laptop,8860,10053,David
West,Laptop,6078,10054,David
East,Tablet,1530,10055,Alice
West,Headphones,8264,10056,David
West,Tablet,7231,10057,Alice
North,Tablet,7405,10058,Bob
East,Phone,4942,10059,David
North,Headphones,4167,10060,Emma
East,Laptop,1776,10061,David
East,Laptop,7053,10062,Alice
North,Laptop,1042,10063,Emma
North,Tablet,9046,10064,Bob
East,Headphones,5308,10065,Charlie
South,Phone,8231,10066,Charlie
West,Laptop,1083,10067,Alice
North,Headphones,1010,10068,Bob
West,Laptop,7176,10069,Bob
South,Phone,7171,10070,David
South,Headphones,9638,10071,Charlie
South,Tablet,8195,10072,David
North,Tablet,3973,10073,Bob
South,Laptop,1698,10074,Alice
North,Laptop,4495,10075,Alice
South,Headphones,5035,10076,Emma
West,Phone,6371,10077,Alice
West,Laptop,3803,10078,Charlie
East,Headphones,2947,10079,Emma
West,Phone,9908,10080,Charlie
East,Laptop,8239,10081,David
West,Laptop,7344,10082,David
North,Headphones,1790,10083,Alice
West,Laptop,6334,10084,Emma
East,Tablet,8049,10085,Charlie
East,Phone,7187,10086,Charlie
South,Phone,9193,10087,Bob
North,Tablet,7928,10088,Alice
West,Headphones,886,10089,David
South,Tablet,9103,10090,Bob
West,Tablet,2506,10091,David
West,Phone,5713,10092,David
South,Headphones,2647,10093,Charlie
South,Laptop,4368,10094,David
South,Tablet,6537,10095,Emma
South,Tablet,7137,10096,David
South,Headphones,852,10097,Emma
West,Tablet,5464,10098,David
South,Headphones,3688,10099,Bob
North,Laptop,1802,10100,Charlie
East,Headphones,8249,10101,Bob
South,Laptop,1346,10102,Charlie
South,Headphones,8021,10103,Bob
West,Tablet,9217,10104,Alice
South,Laptop,3024,10105,David
South,Tablet,2378,10106,David
South,Laptop,4605,10107,Alice
West,Headphones,4130,10108,Alice
South,Headphones,8170,10109,Emma
East,Headphones,7167,10110,Bob
West,Phone,3319,10111,David
East,Phone,6479,10112,Emma
West,Laptop,8577,10113,David
South,Phone,9750,10114,Alice
East,Headphones,2989,10115,Emma
West,Phone,6188,10116,Emma
North,Phone,3764,10117,Emma
South,Tablet,6523,10118,Bob
West,Laptop,2793,10119,Emma
North,Laptop,1174,10120,David
West,Laptop,6757,10121,Bob
North,Phone,1511,10122,David
South,Headphones,9485,10123,Emma
East,Tablet,732,10124,Emma
North,Laptop,3527,10125,David
West,Phone,4109,10126,Charlie
South,Headphones,2673,10127,Emma
North,Tablet,3884,10128,Emma
West,Tablet,2828,10129,Bob
West,Laptop,1297,10130,David
West,Laptop,7621,10131,Emma
North,Headphones,4184,10132,David
North,Phone,4987,10133,Bob
North,Headphones,8190,10134,David
East,Laptop,3089,10135,David
North,Headphones,5201,10136,Bob
North,Phone,9200,10137,Emma
North,Tablet,8167,10138,David
East,Tablet,6914,10139,Charlie
North,Tablet,1963,10140,Emma
West,Tablet,3610,10141,Bob
North,Laptop,1547,10142,Alice
West,Laptop,5371,10143,Charlie
West,Phone,5789,10144,Emma
West,Phone,4935,10145,Bob
East,Phone,8860,10146,Charlie
East,Phone,2061,10147,Emma
East,Headphones,8359,10148,Alice
North,Phone,7305,10149,Emma
West,Tablet,8312,10150,Alice
East,Tablet,6786,10151,Alice
East,Tablet,8343,10152,David
North,Headphones,1074,10153,Bob
East,Phone,4516,10154,David
North,Tablet,7727,10155,Alice
South,Tablet,4524,10156,Bob
East,Tablet,9222,10157,Bob
South,Tablet,1490,10158,Bob
North,Laptop,2620,10159,Charlie
West,Phone,5464,10160,Emma
East,Phone,2941,10161,Alice
North,Headphones,6377,10162,Bob
West,Laptop,3020,10163,Charlie
West,Headphones,4908,10164,Charlie
South,Tablet,1451,10165,Alice
North,Headphones,1464,10166,David
West,Tablet,2634,10167,Charlie
East,Tablet,4954,10168,Alice
East,Phone,9386,10169,Charlie
South,Phone,2744,10170,Alice
West,Phone,3303,10171,Bob
North,Phone,4411,10172,David
East,Phone,1908,10173,Charlie
West,Laptop,5737,10174,Charlie
West,Phone,5093,10175,Charlie
South,Headphones,8551,10176,Emma
East,Tablet,9153,10177,Emma
East,Phone,8163,10178,Bob
North,Laptop,7613,10179,Charlie
East,Headphones,8642,10180,David
North,Headphones,6877,10181,Emma
East,Tablet,9108,10182,Alice
South,Headphones,6101,10183,Alice
East,Headphones,1888,10184,Alice
North,Headphones,6796,10185,Bob
North,Headphones,4867,10186,Charlie
South,Laptop,4478,10187,Charlie
East,Tablet,4990,10188,Emma
East,Phone,1352,10189,Alice
South,Headphones,6877,10190,Bob
East,Laptop,7001,10191,David
East,Tablet,8614,10192,Charlie
North,Phone,8928,10193,Charlie
East,Tablet,1556,10194,Bob
East,Laptop,2760,10195,Emma
South,Laptop,9717,10196,Bob
South,Laptop,1408,10197,Emma
West,Headphones,949,10198,Charlie
North,Laptop,1068,10199,Emma
East,Phone,3998,10200,Emma
East,Headphones,6370,10201,Emma
West,Tablet,1808,10202,Emma
East,Phone,1217,10203,Alice
North,Headphones,9661,10204,Alice
West,Laptop,3845,10205,Alice
North,Tablet,7714,10206,Alice
West,Laptop,8182,10207,Bob
West,Phone,3218,10208,David
South,Phone,9595,10209,Emma
North,Headphones,1955,10210,Bob
East,Phone,7797,10211,Alice
East,Tablet,7535,10212,Emma
North,Headphones,4730,10213,David
East,Tablet,1031,10214,Emma
East,Laptop,2767,10215,Charlie
North,Tablet,832,10216,Charlie
West,Tablet,5749,10217,Bob
North,Phone,7699,10218,David
West,Laptop,6221,10219,Bob
East,Phone,8512,10220,Emma
East,Laptop,8428,10221,David
East,Laptop,7000,10222,Bob
South,Tablet,900,10223,Emma
West,Phone,7539,10224,Alice
South,Tablet,4491,10225,Emma
South,Tablet,1557,10226,Bob
North,Tablet,8433,10227,David
South,Laptop,3493,10228,David
North,Phone,8733,10229,Alice
North,Phone,526,10230,Bob
South,Tablet,4033,10231,Alice
West,Laptop,3118,10232,Charlie
West,Phone,9862,10233,Emma
West,Headphones,7139,10234,Charlie
West,Phone,7129,10235,Charlie
West,Tablet,8127,10236,Alice
South,Headphones,7542,10237,Alice
South,Laptop,9402,10238,Emma
East,Headphones,2518,10239,Alice
West,Headphones,5378,10240,Alice
South,Tablet,3398,10241,Alice
East,Phone,6575,10242,Alice
West,Laptop,2547,10243,Alice
North,Headphones,5702,10244,Charlie
East,Tablet,2058,10245,Charlie
South,Phone,2222,10246,Emma
North,Headphones,4552,10247,David
North,Tablet,2151,10248,Emma
North,Tablet,5722,10249,Bob
East,Tablet,2278,10250,Emma
South,Laptop,1183,10251,Emma
North,Phone,9971,10252,Alice
West,Headphones,2510,10253,Alice
North,Phone,9907,10254,Alice
North,Phone,3082,10255,David
East,Headphones,9005,10256,Alice
East,Phone,7943,10257,Bob
South,Laptop,5992,10258,Charlie
West,Headphones,943,10259,Bob
East,Headphones,2171,10260,David
North,Tablet,3766,10261,Alice
South,Phone,7925,10262,Emma
North,Headphones,6409,10263,Charlie
North,Headphones,7514,10264,David
East,Laptop,5979,10265,Bob
South,Tablet,8319,10266,Alice
West,Headphones,5641,10267,David
West,Laptop,1215,10268,David
East,Headphones,1391,10269,Emma
East,Headphones,4307,10270,Emma
South,Headphones,1000,10271,Emma
West,Laptop,3140,10272,Bob
West,Phone,9394,10273,Emma
West,Headphones,2833,10274,David
North,Headphones,2694,10275,David
West,Phone,7437,10276,David
North,Headphones,9075,10277,Charlie
South,Tablet,9577,10278,Charlie
North,Headphones,2091,10279,Bob
South,Tablet,5559,10280,Emma
West,Phone,4898,10281,David
West,Laptop,4940,10282,Emma
South,Phone,2283,10283,David
East,Headphones,5885,10284,Charlie
South,Tablet,4617,10285,David
East,Laptop,7482,10286,Bob
North,Headphones,3083,10287,Alice
North,Laptop,8954,10288,David
North,Laptop,2930,10289,Bob
West,Headphones,6169,10290,Charlie
North,Phone,7560,10291,Charlie
East,Headphones,9083,10292,Alice
North,Headphones,3436,10293,Emma
South,Phone,9231,10294,Emma
South,Tablet,9807,10295,David
West,Headphones,7209,10296,Charlie
South,Laptop,9575,10297,Bob
East,Headphones,4823,10298,Alice
North,Headphones,7116,10299,Emma
West,Laptop,2919,10300,David
North,Phone,1899,10301,David
North,Tablet,2584,10302,Charlie
East,Tablet,8304,10303,Bob
South,Laptop,7487,10304,Bob
South,Phone,5656,10305,Emma
North,Headphones,5809,10306,David
West,Headphones,2035,10307,Charlie
South,Headphones,5253,10308,Bob
West,Headphones,8781,10309,David
South,Headphones,7548,10310,Bob
West,Laptop,4690,10311,Alice
East,Headphones,2154,10312,Bob
West,Headphones,8053,10313,Bob
East,Phone,7952,10314,David
East,Headphones,9057,10315,Bob
West,Tablet,4460,10316,Bob
East,Laptop,7334,10317,Alice
North,Laptop,5591,10318,Bob
East,Laptop,1018,10319,Bob
South,Tablet,4210,10320,David
West,Headphones,1329,10321,Charlie
North,Laptop,7127,10322,Alice
West,Tablet,8962,10323,Bob
South,Phone,8488,10324,Charlie
South,Headphones,3486,10325,David
South,Tablet,7275,10326,Alice
East,Headphones,7190,10327,David
East,Phone,5314,10328,Charlie
West,Tablet,9699,10329,Alice
West,Headphones,9296,10330,Bob
North,Tablet,676,10331,Charlie
North,Laptop,9328,10332,David
West,Headphones,6670,10333,Alice
East,Tablet,3123,10334,Charlie
South,Laptop,3278,10335,Charlie
West,Phone,4252,10336,David
North,Headphones,9352,10337,David
East,Headphones,4865,10338,Bob
West,Phone,4840,10339,Bob
West,Laptop,5255,10340,Charlie
East,Phone,8776,10341,David
West,Headphones,4170,10342,Charlie
East,Tablet,9598,10343,Emma
South,Laptop,4021,10344,David
East,Laptop,2375,10345,Emma
East,Laptop,4458,10346,Emma
East,Phone,2636,10347,David
West,Phone,9545,10348,Bob
West,Tablet,1006,10349,Charlie
East,Tablet,9099,10350,Alice
West,Laptop,5890,10351,Alice
North,Tablet,9215,10352,David
North,Phone,6113,10353,Bob
West,Tablet,7250,10354,Bob
West,Phone,3550,10355,Bob
East,Tablet,7592,10356,Alice
South,Headphones,2897,10357,Emma
West,Phone,8412,10358,Alice
North,Headphones,9019,10359,Bob
East,Phone,1809,10360,Alice
West,Tablet,7702,10361,Alice
North,Headphones,8200,10362,Charlie
North,Tablet,5218,10363,David
South,Phone,6450,10364,Emma
East,Headphones,1255,10365,Charlie
East,Laptop,645,10366,David
South,Tablet,5616,10367,Bob
South,Phone,4074,10368,Charlie
East,Headphones,5423,10369,David
East,Tablet,2358,10370,Charlie
West,Headphones,5222,10371,Alice
West,Tablet,4098,10372,Alice
South,Tablet,1129,10373,Charlie
West,Tablet,4018,10374,Charlie
North,Headphones,7058,10375,Emma
West,Headphones,4852,10376,Bob
West,Tablet,7929,10377,Alice
North,Laptop,9596,10378,Charlie
South,Laptop,6055,10379,David
North,Laptop,8497,10380,Bob
West,Phone,607,10381,David
South,Laptop,9734,10382,Bob
West,Headphones,5998,10383,David
North,Laptop,4755,10384,Alice
North,Headphones,4695,10385,Charlie
West,Phone,8956,10386,Charlie
East,Headphones,4321,10387,Emma
East,Headphones,1176,10388,Charlie
North,Headphones,5678,10389,Alice
North,Laptop,6066,10390,Bob
East,Tablet,4469,10391,Bob
East,Headphones,5920,10392,Charlie
West,Laptop,1107,10393,David
West,Laptop,6174,10394,Charlie
East,Laptop,6388,10395,Bob
West,Tablet,5832,10396,Emma
West,Tablet,7856,10397,Bob
South,Tablet,7286,10398,David
West,Tablet,2894,10399,David
North,Phone,8570,10400,Emma
West,Tablet,9852,10401,David
West,Tablet,5649,10402,Charlie
East,Tablet,6789,10403,Charlie
North,Headphones,2521,10404,Bob
West,Headphones,8284,10405,Alice
West,Tablet,5098,10406,Charlie
South,Phone,3515,10407,Charlie
West,Headphones,5810,10408,Emma
West,Laptop,2548,10409,Charlie
South,Headphones,6469,10410,Bob
East,Laptop,1393,10411,Emma
West,Headphones,9779,10412,Charlie
South,Tablet,6587,10413,Bob
North,Headphones,3433,10414,Emma
East,Tablet,2781,10415,Alice
North,Tablet,8764,10416,Bob
North,Headphones,1880,10417,Charlie
South,Laptop,983,10418,Emma
West,Laptop,9721,10419,Alice
South,Headphones,4279,10420,Bob
South,Tablet,6601,10421,Alice
South,Laptop,5454,10422,Bob
South,Phone,6453,10423,Charlie
East,Tablet,6780,10424,Bob
West,Headphones,1278,10425,Charlie
North,Tablet,3975,10426,Bob
North,Phone,5223,10427,Emma
West,Phone,7386,10428,Bob
North,Laptop,7213,10429,Bob
West,Phone,9101,10430,David
North,Tablet,1559,10431,David
South,Laptop,6873,10432,Bob
North,Phone,7894,10433,David
West,Laptop,2809,10434,Charlie
West,Laptop,2100,10435,David
West,Headphones,2733,10436,Bob
West,Laptop,7853,10437,Alice
West,Laptop,9989,10438,Alice
East,Phone,851,10439,Bob
East,Tablet,6969,10440,Bob
North,Tablet,9156,10441,Alice
West,Phone,3666,10442,Emma
North,Tablet,5753,10443,David
West,Laptop,2709,10444,Emma
West,Headphones,9247,10445,Charlie
East,Laptop,799,10446,Alice
East,Laptop,4366,10447,Alice
South,Headphones,9047,10448,Emma
East,Phone,1063,10449,Charlie
South,Laptop,5388,10450,Emma
South,Laptop,9714,10451,Charlie
South,Phone,1690,10452,Bob
South,Laptop,3710,10453,Bob
South,Laptop,6878,10454,Alice
North,Tablet,9718,10455,Bob
East,Phone,8947,10456,Emma
South,Laptop,2918,10457,Charlie
West,Laptop,3063,10458,Alice
East,Headphones,3451,10459,Bob
East,Headphones,7883,10460,Alice
South,Headphones,769,10461,Alice
North,Laptop,7119,10462,Charlie
South,Laptop,6147,10463,Emma
North,Headphones,9619,10464,Emma
West,Tablet,8755,10465,David
East,Tablet,5055,10466,Emma
West,Tablet,1542,10467,Bob
North,Tablet,5944,10468,David
North,Phone,5503,10469,David
West,Headphones,4688,10470,David
North,Laptop,9501,10471,David
West,Headphones,3588,10472,Emma
East,Tablet,2146,10473,David
West,Laptop,987,10474,Bob
East,Phone,3581,10475,Bob
West,Headphones,2247,10476,Alice
North,Laptop,9440,10477,Bob
West,Laptop,1027,10478,Alice
North,Tablet,1667,10479,Bob
West,Tablet,5110,10480,David
West,Headphones,4972,10481,Charlie
South,Phone,8161,10482,David
North,Laptop,6304,10483,Emma
South,Tablet,983,10484,Alice
North,Headphones,951,10485,Charlie
South,Tablet,4569,10486,Bob
East,Headphones,6155,10487,David
West,Tablet,7707,10488,Alice
North,Phone,4897,10489,Alice
North,Laptop,6171,10490,Bob
West,Tablet,3633,10491,Alice
North,Laptop,2273,10492,Bob
North,Headphones,6122,10493,Bob
South,Phone,9690,10494,David
North,Laptop,7912,10495,Alice
East,Tablet,2565,10496,Emma
East,Laptop,9089,10497,Emma
West,Laptop,6832,10498,David
North,Headphones,8413,10499,David
West,Phone,2446,10500,Bob
East,Phone,3915,10501,Emma
North,Laptop,1894,10502,Alice
North,Laptop,2921,10503,Emma
West,Headphones,4419,10504,David
East,Laptop,7845,10505,David
North,Headphones,3583,10506,Bob
West,Phone,8530,10507,Alice
East,Phone,8620,10508,David
West,Headphones,2344,10509,Alice
South,Laptop,2304,10510,Emma
North,Phone,9581,10511,Bob
South,Tablet,3003,10512,Emma
East,Headphones,2393,10513,David
South,Phone,2166,10514,David
South,Phone,4844,10515,Alice
East,Phone,7091,10516,David
West,Tablet,3565,10517,Alice
South,Tablet,5575,10518,Charlie
West,Tablet,3575,10519,David
South,Laptop,1759,10520,Emma
West,Headphones,2720,10521,Emma
East,Laptop,5941,10522,Alice
South,Tablet,9478,10523,Charlie
East,Headphones,5435,10524,David
South,Laptop,2947,10525,Bob
East,Laptop,3629,10526,Bob
East,Laptop,2398,10527,Emma
South,Tablet,8197,10528,David
South,Phone,7191,10529,Bob
South,Headphones,5003,10530,Alice
North,Tablet,4449,10531,David
West,Headphones,8510,10532,Emma
North,Tablet,7939,10533,Charlie
North,Laptop,516,10534,Alice
East,Laptop,8459,10535,Alice
South,Phone,6741,10536,David
West,Phone,8406,10537,Charlie
East,Headphones,3522,10538,Alice
North,Phone,1766,10539,Charlie
South,Phone,978,10540,Emma
East,Headphones,4796,10541,Alice
South,Tablet,4477,10542,Bob
East,Phone,6568,10543,Emma
South,Tablet,4774,10544,Emma
North,Laptop,6913,10545,Alice
West,Phone,8291,10546,Bob
North,Laptop,985,10547,Charlie
West,Laptop,5173,10548,Bob
South,Tablet,837,10549,Emma
East,Headphones,9552,10550,Alice
North,Phone,7400,10551,Bob
West,Tablet,2503,10552,Bob
North,Headphones,1971,10553,Emma
West,Laptop,7227,10554,Charlie
North,Phone,2542,10555,Bob
West,Laptop,2019,10556,Bob
West,Laptop,6989,10557,David
South,Phone,9393,10558,Emma
West,Headphones,4888,10559,David
South,Headphones,8356,10560,Emma
West,Phone,9865,10561,Emma
East,Phone,2105,10562,David
East,Tablet,6164,10563,Charlie
East,Tablet,7439,10564,Charlie
West,Laptop,5617,10565,Emma
South,Phone,5879,10566,David
South,Headphones,2624,10567,Bob
West,Laptop,5491,10568,Emma
East,Laptop,7294,10569,Emma
East,Laptop,1946,10570,Alice
South,Laptop,3806,10571,Charlie
East,Headphones,2872,10572,David
North,Laptop,650,10573,Bob
South,Phone,2159,10574,Bob
East,Tablet,6639,10575,Emma
South,Headphones,9570,10576,Bob
North,Phone,7699,10577,Bob
South,Phone,2819,10578,Emma
South,Phone,3383,10579,Charlie
South,Tablet,8303,10580,Alice
South,Tablet,2015,10581,Charlie
North,Tablet,1089,10582,Charlie
West,Phone,1087,10583,Alice
South,Tablet,3119,10584,Emma
South,Laptop,5987,10585,Charlie
East,Tablet,6723,10586,David
South,Headphones,9887,10587,David
East,Phone,4853,10588,Alice
West,Phone,3105,10589,David
North,Laptop,3038,10590,Emma
North,Tablet,9257,10591,Bob
West,Tablet,2256,10592,Emma
North,Headphones,1860,10593,Alice
West,Laptop,2873,10594,Bob
West,Headphones,1695,10595,David
West,Headphones,2631,10596,Charlie
North,Phone,8509,10597,David
East,Phone,6143,10598,Emma
West,Tablet,3910,10599,Emma
South,Tablet,2867,10600,Alice
North,Headphones,3843,10601,Charlie
West,Tablet,7781,10602,Charlie
West,Headphones,3597,10603,Bob
South,Tablet,9952,10604,Bob
East,Tablet,1833,10605,Emma
East,Phone,7665,10606,Alice
East,Phone,3836,10607,Emma
West,Phone,8657,10608,Charlie
West,Phone,3584,10609,Charlie
West,Laptop,3887,10610,Emma
North,Phone,5213,10611,Charlie
South,Laptop,8305,10612,Bob
West,Phone,5601,10613,Charlie
South,Tablet,2931,10614,Bob
South,Headphones,1516,10615,David
East,Tablet,1141,10616,Alice
North,Tablet,4562,10617,Alice
West,Laptop,9007,10618,Charlie
East,Phone,940,10619,Alice
East,Headphones,1638,10620,David
West,Headphones,9606,10621,Charlie
South,Phone,5743,10622,Bob
East,Laptop,2803,10623,David
South,Laptop,6450,10624,David
North,Laptop,7546,10625,Alice
South,Headphones,7106,10626,Bob
North,Laptop,3921,10627,Emma
South,Laptop,2578,10628,David
East,Headphones,6603,10629,Alice
East,Headphones,4650,10630,David
North,Tablet,2700,10631,Bob
West,Headphones,5051,10632,Bob
North,Phone,6929,10633,Charlie
North,Headphones,8727,10634,Emma
South,Headphones,9509,10635,Emma
South,Laptop,2446,10636,Alice
North,Tablet,4456,10637,Emma
East,Laptop,2725,10638,Bob
South,Tablet,8215,10639,Emma
West,Laptop,3825,10640,Alice
South,Phone,9199,10641,David
South,Laptop,4245,10642,Emma
West,Laptop,8660,10643,Emma
North,Phone,5314,10644,Bob
West,Phone,9151,10645,Bob
North,Headphones,6603,10646,David
North,Laptop,1905,10647,Charlie
North,Phone,6590,10648,Emma
West,Phone,7787,10649,Bob
North,Headphones,2536,10650,Charlie
East,Tablet,6534,10651,Emma
West,Phone,3177,10652,Emma
East,Phone,6644,10653,Charlie
North,Laptop,2244,10654,Bob
South,Headphones,9923,10655,David
North,Laptop,1677,10656,Emma
East,Tablet,1261,10657,Alice
East,Headphones,5278,10658,Alice
West,Laptop,6958,10659,Alice
South,Phone,6123,10660,David
West,Phone,5214,10661,Emma
East,Headphones,4226,10662,Bob
North,Phone,2433,10663,Bob
South,Laptop,4061,10664,David
North,Headphones,7679,10665,Emma
North,Phone,4944,10666,Charlie
South,Phone,3464,10667,Charlie
West,Tablet,9722,10668,Emma
North,Tablet,7724,10669,Emma
East,Headphones,9281,10670,Bob
North,Tablet,3601,10671,David
South,Laptop,4397,10672,David
South,Phone,4178,10673,Bob
South,Phone,2343,10674,Alice
West,Phone,2438,10675,Charlie
North,Headphones,8944,10676,Emma
West,Headphones,8366,10677,Charlie
West,Tablet,7583,10678,Charlie
South,Phone,5872,10679,David
South,Phone,1966,10680,Bob
West,Phone,1235,10681,Alice
North,Phone,839,10682,Alice
East,Phone,1876,10683,Bob
West,Laptop,5219,10684,Charlie
North,Phone,1204,10685,Bob
South,Laptop,4224,10686,Bob
South,Phone,8689,10687,Emma
North,Headphones,4918,10688,Emma
East,Headphones,5759,10689,Charlie
South,Laptop,1052,10690,David
South,Phone,3991,10691,Alice
South,Headphones,1289,10692,Emma
North,Headphones,1673,10693,Charlie
West,Phone,1052,10694,Bob
South,Phone,3922,10695,Emma
West,Headphones,4711,10696,Bob
East,Phone,9323,10697,Bob
South,Tablet,769,10698,Emma
South,Phone,1360,10699,Charlie
East,Headphones,790,10700,Alice
South,Headphones,6370,10701,Charlie
West,Laptop,1129,10702,David
North,Tablet,7507,10703,David
West,Headphones,6443,10704,Alice
North,Tablet,974,10705,David
North,Phone,5132,10706,Bob
West,Headphones,4580,10707,David
West,Laptop,2260,10708,Emma
West,Headphones,5208,10709,Bob
West,Laptop,7420,10710,Charlie
East,Tablet,3898,10711,Alice
South,Laptop,4061,10712,Emma
North,Phone,4344,10713,Emma
West,Phone,4304,10714,Alice
West,Phone,2008,10715,David
West,Headphones,4610,10716,Alice
East,Phone,5353,10717,Alice
West,Phone,7331,10718,David
West,Headphones,8695,10719,Charlie
West,Tablet,3947,10720,Alice
South,Phone,6084,10721,David
East,Phone,4291,10722,Emma
West,Headphones,5581,10723,Alice
North,Tablet,9852,10724,Alice
North,Tablet,1333,10725,Charlie
North,Tablet,5835,10726,Charlie
East,Headphones,5987,10727,Emma
East,Laptop,6760,10728,Charlie
North,Laptop,9894,10729,Emma
West,Phone,2675,10730,Alice
East,Phone,4673,10731,David
North,Phone,3288,10732,Charlie
North,Laptop,7960,10733,Emma
West,Headphones,9033,10734,Charlie
South,Phone,7221,10735,Charlie
East,Headphones,4691,10736,Bob
West,Phone,7812,10737,Alice
North,Headphones,8687,10738,Charlie
North,Headphones,5116,10739,David
West,Laptop,1495,10740,Bob
East,Headphones,856,10741,Emma
South,Tablet,8877,10742,Emma
South,Laptop,2193,10743,David
North,Phone,3090,10744,David
East,Laptop,8421,10745,Alice
South,Tablet,2191,10746,David
East,Tablet,9774,10747,Emma
East,Headphones,2557,10748,Alice
North,Tablet,3404,10749,David
South,Tablet,4951,10750,David
West,Tablet,7437,10751,Emma
North,Tablet,2880,10752,Alice
South,Phone,8708,10753,Bob
South,Phone,9015,10754,Bob
South,Laptop,2570,10755,Alice
South,Headphones,1430,10756,David
South,Phone,1944,10757,David
East,Tablet,9094,10758,Alice
North,Headphones,3902,10759,Bob
East,Phone,5052,10760,Charlie
West,Laptop,2021,10761,Emma
South,Tablet,3598,10762,Alice
North,Headphones,8620,10763,Charlie
South,Phone,7855,10764,Emma
North,Headphones,2687,10765,Charlie
East,Phone,3068,10766,Charlie
North,Laptop,8783,10767,Emma
West,Tablet,5447,10768,Charlie
West,Laptop,5440,10769,Bob
North,Tablet,5262,10770,Alice
North,Tablet,2253,10771,Bob
North,Headphones,5554,10772,Bob
North,Phone,5392,10773,Emma
West,Laptop,6281,10774,Emma
South,Laptop,587,10775,Emma
North,Laptop,2141,10776,Charlie
North,Headphones,3462,10777,Charlie
West,Headphones,5913,10778,Alice
West,Headphones,7920,10779,Charlie
East,Tablet,9242,10780,Alice
North,Laptop,7410,10781,Bob
East,Tablet,5673,10782,Alice
West,Laptop,5729,10783,Alice
West,Laptop,9315,10784,Emma
South,Phone,4257,10785,Charlie
North,Laptop,5296,10786,David
East,Headphones,3792,10787,David
West,Headphones,4332,10788,Emma
West,Headphones,3111,10789,Bob
East,Phone,8853,10790,Bob
South,Phone,8728,10791,Bob
West,Tablet,9537,10792,Alice
North,Laptop,7266,10793,Charlie
West,Laptop,8037,10794,Bob
North,Headphones,5796,10795,David
East,Headphones,3846,10796,Alice
North,Headphones,4554,10797,Bob
East,Headphones,4700,10798,Bob
North,Headphones,9027,10799,Charlie
East,Headphones,2060,10800,Charlie
North,Laptop,8022,10801,Alice
South,Phone,4664,10802,David
North,Headphones,7220,10803,Emma
North,Laptop,9353,10804,David
South,Headphones,5939,10805,Charlie
West,Tablet,5352,10806,Charlie
West,Tablet,7095,10807,Emma
North,Laptop,7213,10808,David
South,Phone,3683,10809,David
North,Tablet,8532,10810,Emma
East,Tablet,2909,10811,Charlie
East,Phone,4798,10812,Alice
North,Tablet,3034,10813,David
West,Headphones,6099,10814,Bob
West,Phone,503,10815,David
North,Tablet,526,10816,David
North,Phone,5661,10817,David
East,Headphones,1464,10818,Charlie
West,Tablet,6707,10819,Bob
North,Laptop,3596,10820,David
East,Tablet,571,10821,Alice
West,Tablet,6101,10822,Bob
South,Headphones,3447,10823,Emma
East,Laptop,6738,10824,Alice
West,Laptop,4990,10825,Emma
West,Laptop,2911,10826,David
East,Headphones,8808,10827,Charlie
South,Headphones,3424,10828,David
East,Headphones,3337,10829,David
West,Headphones,1076,10830,Emma
North,Headphones,9463,10831,David
North,Laptop,8407,10832,Alice
East,Phone,8891,10833,Charlie
West,Headphones,2255,10834,Emma
North,Phone,8871,10835,Bob
West,Tablet,2905,10836,David
East,Tablet,7383,10837,Emma
North,Headphones,8663,10838,David
West,Tablet,6639,10839,David
North,Phone,3488,10840,Emma
East,Tablet,6284,10841,Alice
West,Tablet,1619,10842,Bob
North,Phone,2714,10843,David
East,Tablet,8500,10844,Alice
North,Headphones,8565,10845,David
North,Phone,3401,10846,David
South,Phone,1585,10847,Alice
South,Laptop,673,10848,David
East,Laptop,4032,10849,Bob
South,Phone,1738,10850,Emma
East,Phone,5334,10851,Alice
South,Laptop,4313,10852,Charlie
North,Headphones,7584,10853,David
East,Tablet,8512,10854,Emma
East,Tablet,2473,10855,Bob
North,Tablet,4282,10856,Bob
East,Phone,2744,10857,Charlie
East,Headphones,9104,10858,Bob
South,Laptop,7721,10859,Emma
East,Headphones,8314,10860,Charlie
West,Headphones,1882,10861,Alice
North,Tablet,1623,10862,Charlie
South,Laptop,5681,10863,Alice
South,Headphones,4512,10864,Bob
West,Laptop,2743,10865,Emma
North,Phone,3089,10866,David
North,Tablet,1629,10867,Charlie
South,Laptop,9336,10868,Bob
East,Phone,6799,10869,Emma
South,Phone,5001,10870,David
North,Phone,7539,10871,Charlie
West,Headphones,3273,10872,Emma
South,Headphones,3285,10873,Bob
North,Tablet,7440,10874,Charlie
South,Tablet,2206,10875,Charlie
East,Phone,3101,10876,Alice
South,Tablet,9066,10877,Alice
South,Headphones,2112,10878,Charlie
North,Tablet,954,10879,Emma
North,Laptop,4797,10880,Bob
North,Headphones,1975,10881,David
South,Phone,9545,10882,Alice
East,Phone,9415,10883,Bob
West,Tablet,1891,10884,Charlie
West,Headphones,8953,10885,Bob
North,Phone,8508,10886,Bob
North,Phone,9234,10887,Bob
South,Headphones,9242,10888,Charlie
West,Headphones,5925,10889,Alice
North,Phone,1137,10890,David
East,Tablet,8856,10891,Emma
East,Tablet,3305,10892,Alice
North,Tablet,9312,10893,David
North,Laptop,1723,10894,Charlie
West,Headphones,3842,10895,David
West,Phone,8742,10896,Charlie
South,Laptop,988,10897,David
West,Tablet,5642,10898,Alice
East,Laptop,9356,10899,Charlie
East,Phone,1746,10900,Bob
North,Phone,6561,10901,Charlie
West,Headphones,3210,10902,Charlie
South,Tablet,4861,10903,David
East,Tablet,4452,10904,Charlie
East,Laptop,1380,10905,David
South,Tablet,934,10906,Alice
South,Laptop,6624,10907,Charlie
East,Phone,8604,10908,Bob
East,Phone,5684,10909,Bob
South,Phone,2484,10910,Alice
East,Phone,3298,10911,Bob
North,Phone,8103,10912,David
North,Laptop,1993,10913,Charlie
South,Phone,3179,10914,Emma
West,Laptop,2125,10915,Charlie
South,Phone,3517,10916,Charlie
South,Laptop,2347,10917,Emma
West,Laptop,3746,10918,Bob
West,Laptop,1816,10919,Bob
West,Tablet,2450,10920,Charlie
North,Laptop,723,10921,Bob
East,Laptop,2526,10922,David
North,Phone,2047,10923,David
East,Laptop,4278,10924,Emma
North,Laptop,7011,10925,Charlie
East,Headphones,6285,10926,David
North,Tablet,8257,10927,Alice
West,Headphones,4223,10928,Bob
South,Phone,2023,10929,Charlie
North,Tablet,2472,10930,David
East,Tablet,5104,10931,Emma
West,Headphones,1116,10932,David
North,Tablet,5015,10933,Alice
North,Headphones,5691,10934,David
West,Laptop,6274,10935,Charlie
North,Headphones,3121,10936,Emma
South,Tablet,2593,10937,Emma
North,Tablet,3676,10938,Alice
South,Phone,9824,10939,Charlie
South,Phone,7984,10940,Alice
West,Phone,4070,10941,Alice
North,Phone,1566,10942,Alice
West,Tablet,2646,10943,David
North,Phone,1205,10944,Bob
North,Headphones,2858,10945,David
East,Laptop,4034,10946,Charlie
North,Tablet,4312,10947,Alice
West,Phone,4268,10948,Alice
South,Tablet,6478,10949,Bob
North,Phone,2819,10950,Emma
East,Tablet,8663,10951,Alice
West,Phone,5721,10952,David
North,Laptop,709,10953,Alice
West,Phone,5334,10954,Charlie
East,Headphones,3307,10955,Bob
East,Tablet,4462,10956,Emma
West,Tablet,2890,10957,Charlie
North,Headphones,6019,10958,David
South,Headphones,5294,10959,Charlie
East,Laptop,2944,10960,Alice
North,Tablet,8832,10961,Bob
North,Laptop,8983,10962,Alice
South,Tablet,3364,10963,Bob
East,Tablet,4677,10964,David
East,Laptop,3107,10965,Charlie
North,Tablet,4436,10966,Bob
North,Tablet,3417,10967,Charlie
South,Laptop,2718,10968,Bob
South,Phone,2297,10969,Alice
East,Laptop,9668,10970,Bob
West,Tablet,9271,10971,Bob
East,Headphones,3073,10972,Emma
North,Phone,3089,10973,David
East,Headphones,3783,10974,Alice
West,Phone,1961,10975,Alice
South,Headphones,4917,10976,Charlie
West,Phone,1213,10977,Bob
West,Laptop,2923,10978,Bob
West,Phone,7720,10979,Bob
South,Phone,2390,10980,Alice
West,Phone,4067,10981,Emma
West,Tablet,5875,10982,Charlie
West,Headphones,2647,10983,Bob
North,Laptop,9609,10984,Emma
West,Headphones,2306,10985,David
South,Headphones,4551,10986,Alice
West,Laptop,9251,10987,David
West,Tablet,9320,10988,Alice
South,Phone,4262,10989,Charlie
West,Tablet,9698,10990,David
South,Tablet,8740,10991,Charlie
West,Phone,7410,10992,Charlie
South,Headphones,6673,10993,Charlie
West,Phone,2632,10994,David
West,Laptop,7432,10995,David
North,Phone,2025,10996,David
North,Headphones,828,10997,Bob
West,Tablet,3157,10998,Charlie
West,Tablet,9279,10999,Bob
East,Phone,6472,11000,Alice
South,Laptop,5868,11001,David
East,Headphones,6471,11002,Emma
North,Tablet,3705,11003,Alice
North,Phone,7333,11004,Charlie
North,Laptop,6641,11005,Charlie
North,Laptop,8032,11006,Bob
West,Tablet,8407,11007,David
North,Tablet,2098,11008,David
West,Headphones,4351,11009,Alice
West,Laptop,8082,11010,Alice
North,Headphones,8323,11011,Alice
North,Laptop,5107,11012,Emma
South,Laptop,6007,11013,Emma
East,Phone,6434,11014,Charlie
North,Tablet,9703,11015,Charlie
South,Laptop,6068,11016,Charlie
South,Headphones,5159,11017,David
East,Tablet,4898,11018,Charlie
West,Headphones,6742,11019,Bob
North,Tablet,7111,11020,Alice
East,Tablet,7212,11021,David
North,Laptop,2523,11022,Emma
South,Phone,6676,11023,Alice
South,Laptop,5007,11024,Charlie
West,Tablet,3685,11025,Emma
South,Laptop,8223,11026,Emma
South,Laptop,695,11027,Emma
East,Tablet,1606,11028,Alice
North,Tablet,3289,11029,David
North,Laptop,9230,11030,Alice
East,Laptop,5284,11031,Bob
West,Laptop,1218,11032,Charlie
North,Headphones,7576,11033,David
South,Laptop,4495,11034,David
North,Headphones,805,11035,Charlie
South,Phone,5930,11036,Bob
West,Headphones,9079,11037,Emma
East,Laptop,9416,11038,Charlie
North,Phone,8686,11039,Emma
East,Headphones,3096,11040,Charlie
North,Headphones,2935,11041,Alice
South,Tablet,8870,11042,Bob
East,Phone,2403,11043,Bob
North,Tablet,3883,11044,Charlie
South,Phone,4675,11045,Bob
East,Headphones,7681,11046,Emma
East,Tablet,5042,11047,Bob
North,Laptop,5991,11048,Bob
North,Headphones,8787,11049,Bob
North,Phone,1783,11050,David
South,Phone,747,11051,Charlie
North,Tablet,7142,11052,Alice
East,Tablet,1481,11053,Alice
East,Phone,4863,11054,David
North,Headphones,2065,11055,David
North,Tablet,2641,11056,Alice
West,Laptop,1235,11057,Emma
East,Phone,948,11058,Alice
South,Laptop,8034,11059,Alice
West,Phone,2335,11060,Charlie
North,Laptop,5215,11061,Alice
North,Headphones,1113,11062,Alice
East,Phone,6734,11063,Bob
North,Headphones,6128,11064,David
South,Tablet,1376,11065,Alice
East,Phone,9825,11066,Alice
North,Headphones,1171,11067,Emma
East,Laptop,2130,11068,Alice
North,Headphones,7939,11069,Charlie
North,Phone,860,11070,Emma
North,Headphones,7873,11071,Alice
South,Laptop,4401,11072,Charlie
South,Laptop,1297,11073,David
East,Laptop,2283,11074,Alice
North,Tablet,7551,11075,David
North,Phone,566,11076,Alice
South,Laptop,6177,11077,Emma
North,Tablet,2590,11078,Emma
South,Laptop,6570,11079,Charlie
North,Headphones,6432,11080,Bob
East,Phone,8925,11081,Charlie
North,Headphones,9914,11082,Alice
North,Tablet,1555,11083,David
West,Headphones,6756,11084,David
South,Headphones,3847,11085,Alice
North,Laptop,9861,11086,Bob
North,Headphones,4601,11087,Bob
West,Laptop,8007,11088,Bob
West,Laptop,9185,11089,Alice
South,Phone,3679,11090,Emma
West,Tablet,6714,11091,Emma
East,Tablet,1863,11092,Alice
West,Tablet,7767,11093,Emma
East,Laptop,1556,11094,Bob
South,Tablet,642,11095,Emma
South,Laptop,5331,11096,Alice
South,Phone,8299,11097,Emma
South,Tablet,2764,11098,Emma
South,Laptop,2424,11099,Emma
East,Tablet,2981,11100,Emma
East,Tablet,7477,11101,Alice
South,Phone,8396,11102,Charlie
West,Headphones,3625,11103,Emma
North,Tablet,9633,11104,Charlie
South,Phone,7550,11105,Alice
West,Tablet,6511,11106,David
North,Tablet,4650,11107,Charlie
South,Tablet,9750,11108,Alice
South,Tablet,7504,11109,David
East,Headphones,9698,11110,Emma
North,Headphones,1720,11111,Alice
North,Tablet,5161,11112,Bob
West,Tablet,5366,11113,David
East,Phone,2297,11114,Bob
East,Phone,6474,11115,Emma
East,Laptop,3371,11116,Emma
East,Headphones,9205,11117,Charlie
North,Tablet,2117,11118,Emma
North,Headphones,7505,11119,Charlie
South,Phone,6571,11120,David
South,Headphones,5112,11121,Bob
East,Headphones,4257,11122,David
East,Tablet,2532,11123,Bob
East,Tablet,9396,11124,Alice
South,Phone,5453,11125,David
West,Tablet,4814,11126,Alice
West,Phone,5163,11127,Bob
South,Phone,7551,11128,Charlie
South,Laptop,6132,11129,David
South,Laptop,5996,11130,David
South,Laptop,1392,11131,Charlie
South,Headphones,1471,11132,Charlie
South,Laptop,602,11133,Emma
East,Tablet,9799,11134,Emma
East,Tablet,6551,11135,Bob
East,Laptop,5645,11136,David
East,Headphones,3746,11137,Charlie
South,Phone,6354,11138,Charlie
West,Headphones,4212,11139,Alice
North,Headphones,3917,11140,Emma
South,Phone,6945,11141,Alice
North,Phone,5917,11142,Charlie
West,Phone,4651,11143,David
East,Tablet,7017,11144,David
West,Phone,4159,11145,Alice
South,Phone,9611,11146,Emma
East,Headphones,8006,11147,Bob
South,Headphones,5052,11148,David
East,Laptop,6173,11149,Bob
North,Headphones,2657,11150,Emma
North,Phone,1081,11151,Alice
North,Tablet,1295,11152,Emma
West,Headphones,2383,11153,Charlie
South,Headphones,6544,11154,Emma
West,Phone,9501,11155,Alice
North,Headphones,5720,11156,Alice
South,Headphones,1072,11157,Emma
North,Phone,1706,11158,Alice
West,Headphones,3580,11159,Charlie
West,Tablet,2960,11160,Bob
West,Laptop,4505,11161,Emma
North,Headphones,5425,11162,Alice
South,Tablet,3113,11163,Bob
South,Headphones,2215,11164,Charlie
North,Laptop,5745,11165,Emma
South,Phone,2069,11166,Alice
North,Laptop,1176,11167,Bob
South,Headphones,3013,11168,Charlie
East,Laptop,9492,11169,David
East,Laptop,9833,11170,Alice
West,Phone,3552,11171,Charlie
East,Headphones,2531,11172,Bob
East,Laptop,2008,11173,Emma
East,Laptop,9802,11174,Bob
North,Phone,4829,11175,Emma
East,Tablet,1412,11176,Charlie
East,Headphones,5743,11177,Charlie
West,Tablet,5822,11178,Bob
East,Tablet,1555,11179,Bob
East,Phone,8130,11180,Emma
South,Phone,7607,11181,Alice
West,Headphones,6170,11182,Bob
West,Tablet,2250,11183,Alice
West,Laptop,8075,11184,Alice
West,Tablet,6887,11185,Alice
West,Phone,3512,11186,Charlie
West,Laptop,3928,11187,Charlie
North,Laptop,6963,11188,Alice
East,Phone,5638,11189,Alice
West,Laptop,9048,11190,Charlie
East,Tablet,6760,11191,Emma
East,Phone,5755,11192,David
North,Headphones,4891,11193,Bob
West,Phone,8047,11194,Alice
South,Headphones,7822,11195,Charlie
North,Headphones,5724,11196,Alice
South,Phone,8451,11197,Alice
East,Phone,2489,11198,Alice
East,Headphones,9220,11199,Alice
North,Headphones,3104,11200,Emma
North,Laptop,2907,11201,Bob
South,Phone,563,11202,Bob
West,Phone,3312,11203,Charlie
South,Laptop,4527,11204,Emma
North,Phone,601,11205,Emma
South,Laptop,3635,11206,Bob
North,Laptop,1680,11207,Charlie
South,Phone,6009,11208,Emma
North,Tablet,8030,11209,Charlie
North,Headphones,3228,11210,Bob
North,Phone,8131,11211,Alice
West,Tablet,9090,11212,Emma
South,Laptop,904,11213,Charlie
South,Tablet,3373,11214,Alice
South,Phone,3768,11215,Bob
North,Phone,3194,11216,David
South,Tablet,2967,11217,Emma
South,Phone,4815,11218,Emma
North,Headphones,2421,11219,Charlie
East,Tablet,4459,11220,Bob
North,Laptop,7340,11221,Bob
South,Tablet,5348,11222,Emma
North,Tablet,8123,11223,Emma
East,Tablet,3868,11224,Charlie
North,Tablet,8372,11225,Charlie
South,Laptop,1179,11226,David
East,Laptop,8006,11227,Alice
West,Laptop,1247,11228,Charlie
South,Tablet,1821,11229,Alice
East,Headphones,8427,11230,Emma
East,Headphones,4248,11231,David
West,Laptop,6362,11232,David
North,Headphones,5289,11233,David
North,Headphones,1033,11234,Bob
South,Headphones,2318,11235,Emma
West,Headphones,2841,11236,Bob
North,Headphones,7194,11237,Bob
West,Phone,5506,11238,David
North,Laptop,5045,11239,Bob
East,Tablet,7727,11240,Emma
North,Headphones,5407,11241,Emma
West,Phone,8478,11242,Bob
East,Tablet,4985,11243,Emma
East,Phone,1735,11244,Alice
East,Headphones,8155,11245,Bob
West,Headphones,1645,11246,David
South,Headphones,7920,11247,David
South,Headphones,1975,11248,Emma
South,Tablet,3421,11249,Emma
West,Tablet,6179,11250,David
East,Phone,8196,11251,Alice
South,Laptop,5915,11252,David
West,Headphones,5438,11253,Bob
South,Phone,2104,11254,David
North,Phone,5547,11255,Charlie
South,Phone,9243,11256,Alice
South,Headphones,8675,11257,Alice
East,Headphones,8119,11258,David
West,Phone,6617,11259,Charlie
East,Headphones,8429,11260,Bob
East,Phone,2336,11261,David
East,Tablet,6404,11262,Bob
East,Headphones,6976,11263,Charlie
East,Tablet,7773,11264,David
South,Laptop,9816,11265,David
East,Headphones,1882,11266,Bob
East,Laptop,3900,11267,David
West,Phone,8556,11268,Charlie
North,Headphones,8726,11269,David
South,Headphones,2704,11270,Emma
South,Headphones,3844,11271,Charlie
South,Laptop,3514,11272,Alice
East,Laptop,8419,11273,Bob
East,Phone,2128,11274,Charlie
East,Tablet,7264,11275,Alice
West,Tablet,6245,11276,Alice
North,Laptop,9496,11277,Charlie
East,Headphones,1790,11278,Alice
North,Tablet,7510,11279,Alice
West,Tablet,3086,11280,Emma
South,Laptop,6623,11281,David
East,Phone,5430,11282,Emma
North,Laptop,3050,11283,David
North,Laptop,1455,11284,Alice
East,Headphones,9271,11285,David
South,Laptop,2497,11286,Emma
South,Headphones,7483,11287,Bob
South,Phone,7629,11288,Bob
West,Headphones,2630,11289,David
North,Phone,7709,11290,Bob
North,Phone,6799,11291,Charlie
North,Phone,4240,11292,Bob
West,Laptop,3000,11293,David
North,Headphones,7951,11294,Alice
West,Tablet,5807,11295,Emma
South,Laptop,7267,11296,Bob
East,Phone,1997,11297,David
North,Tablet,9313,11298,Emma
North,Laptop,3644,11299,Charlie
South,Tablet,8525,11300,Alice
East,Phone,792,11301,Emma
West,Tablet,9346,11302,Emma
East,Tablet,3304,11303,David
South,Phone,8104,11304,Charlie
South,Tablet,7639,11305,Bob
East,Laptop,8328,11306,Charlie
West,Tablet,6703,11307,Alice
West,Headphones,2121,11308,Bob
North,Laptop,8371,11309,Charlie
West,Tablet,4514,11310,Alice
East,Headphones,4005,11311,Emma
South,Headphones,9210,11312,Emma
North,Headphones,3185,11313,Emma
North,Tablet,527,11314,Emma
South,Phone,765,11315,Bob
West,Headphones,9998,11316,Emma
South,Phone,7605,11317,Bob
West,Laptop,7406,11318,Bob
South,Phone,5575,11319,Charlie
East,Phone,6319,11320,Emma
West,Phone,1310,11321,David
East,Phone,5176,11322,Emma
North,Phone,3890,11323,David
South,Laptop,1110,11324,Emma
North,Laptop,5046,11325,Bob
North,Phone,5527,11326,Emma
North,Phone,6224,11327,Emma
North,Headphones,702,11328,Emma
South,Laptop,901,11329,Emma
North,Tablet,2527,11330,Charlie
South,Laptop,9581,11331,Charlie
South,Tablet,678,11332,Bob
East,Headphones,6317,11333,Bob
West,Phone,2479,11334,David
West,Headphones,7685,11335,Bob
South,Phone,4484,11336,Charlie
East,Laptop,6165,11337,Bob
South,Phone,5521,11338,David
South,Tablet,6022,11339,David
South,Tablet,6012,11340,Charlie
East,Headphones,3483,11341,Bob
West,Laptop,9042,11342,David
East,Tablet,4782,11343,Bob
North,Headphones,6028,11344,Bob
East,Laptop,8488,11345,Charlie
East,Laptop,7775,11346,Charlie
East,Headphones,3287,11347,Bob
East,Tablet,5126,11348,Emma
West,Tablet,7061,11349,Emma
North,Headphones,6852,11350,Alice
West,Tablet,5308,11351,Alice
West,Headphones,9129,11352,Alice
East,Tablet,6388,11353,Charlie
South,Tablet,6237,11354,Bob
South,Headphones,2858,11355,David
West,Headphones,9074,11356,Bob
West,Tablet,5890,11357,Bob
East,Headphones,4716,11358,Alice
West,Tablet,906,11359,Bob
East,Phone,4840,11360,Alice
South,Laptop,565,11361,Bob
South,Laptop,727,11362,David
North,Tablet,2684,11363,Emma
South,Laptop,7300,11364,Emma
West,Tablet,8251,11365,Charlie
South,Headphones,9621,11366,David
East,Phone,6323,11367,Bob
South,Laptop,1680,11368,David
North,Laptop,9731,11369,Bob
South,Headphones,1601,11370,David
East,Phone,2599,11371,David
East,Phone,1013,11372,Emma
West,Phone,2332,11373,David
South,Headphones,7637,11374,Charlie
East,Laptop,6307,11375,Bob
North,Laptop,3616,11376,Alice
West,Phone,6350,11377,David
North,Headphones,8098,11378,Alice
South,Headphones,4843,11379,Emma
South,Headphones,5128,11380,Alice
South,Phone,6684,11381,Charlie
West,Headphones,9481,11382,Charlie
East,Phone,1800,11383,Emma
West,Phone,2447,11384,Charlie
North,Phone,2742,11385,Bob
West,Tablet,9786,11386,Charlie
North,Phone,1858,11387,David
West,Headphones,4156,11388,Charlie
East,Tablet,807,11389,Bob
North,Laptop,1950,11390,Emma
South,Laptop,7866,11391,Charlie
South,Headphones,2623,11392,Bob
West,Headphones,5382,11393,David
South,Headphones,3342,11394,Alice
North,Headphones,2164,11395,Alice
South,Tablet,6873,11396,Emma
East,Headphones,4448,11397,Emma
East,Phone,4572,11398,Alice
West,Laptop,4134,11399,Alice
North,Headphones,714,11400,Emma
East,Phone,3572,11401,Alice
East,Headphones,4972,11402,Charlie
North,Phone,2959,11403,Bob
South,Tablet,4206,11404,Emma
South,Laptop,1706,11405,Bob
West,Laptop,9101,11406,David
South,Tablet,3969,11407,David
North,Phone,8907,11408,Charlie
East,Headphones,5347,11409,David
South,Phone,848,11410,Emma
West,Laptop,4151,11411,Charlie
South,Tablet,3378,11412,Charlie
North,Tablet,5249,11413,Emma
West,Phone,4494,11414,Alice
South,Phone,502,11415,Bob
West,Tablet,1617,11416,Emma
North,Laptop,9774,11417,Alice
East,Headphones,7383,11418,Alice
North,Headphones,2017,11419,David
North,Phone,5346,11420,Charlie
North,Tablet,4079,11421,Charlie
North,Tablet,2879,11422,David
East,Tablet,9704,11423,David
East,Laptop,4764,11424,Charlie
West,Phone,3323,11425,Emma
South,Phone,1348,11426,Emma
East,Phone,5536,11427,Emma
East,Laptop,705,11428,Emma
South,Phone,1020,11429,David
East,Headphones,4076,11430,Bob
North,Phone,5613,11431,Bob
North,Phone,6758,11432,Charlie
South,Phone,7307,11433,Bob
West,Laptop,2634,11434,Emma
West,Headphones,5338,11435,David
South,Headphones,2975,11436,Emma
South,Tablet,6317,11437,Alice
North,Tablet,5045,11438,David
West,Headphones,8293,11439,Alice
East,Phone,1285,11440,Alice
North,Phone,8643,11441,Charlie
South,Phone,8208,11442,Alice
West,Laptop,4597,11443,Bob
East,Phone,5697,11444,Bob
East,Laptop,2657,11445,Alice
North,Headphones,9370,11446,Charlie
West,Phone,4028,11447,Alice
West,Phone,4059,11448,David
South,Tablet,8634,11449,David
West,Headphones,9062,11450,David
West,Phone,3437,11451,David
North,Laptop,8672,11452,Alice
West,Headphones,8638,11453,Emma
East,Tablet,5641,11454,Emma
North,Headphones,1221,11455,David
North,Laptop,1423,11456,Charlie
South,Tablet,5891,11457,Charlie
West,Laptop,8157,11458,Alice
South,Headphones,1335,11459,Emma
East,Tablet,2993,11460,Alice
North,Laptop,3479,11461,Bob
North,Headphones,2924,11462,David
North,Laptop,5021,11463,Bob
East,Phone,2876,11464,Bob
East,Headphones,953,11465,Charlie
South,Tablet,3959,11466,Emma
South,Tablet,4047,11467,David
South,Phone,1648,11468,Alice
West,Laptop,1022,11469,David
North,Laptop,5077,11470,Alice
North,Tablet,621,11471,Alice
South,Laptop,4118,11472,Emma
North,Headphones,7130,11473,Bob
South,Headphones,4222,11474,Alice
West,Tablet,3583,11475,Emma
West,Headphones,6430,11476,Bob
East,Tablet,7223,11477,Bob
West,Laptop,5313,11478,David
South,Laptop,3807,11479,David
West,Laptop,4142,11480,David
East,Phone,3317,11481,Charlie
North,Tablet,7921,11482,Bob
South,Headphones,7547,11483,Charlie
North,Laptop,8968,11484,David
East,Phone,6088,11485,Emma
East,Headphones,7887,11486,David
East,Headphones,9940,11487,Alice
North,Headphones,9816,11488,Emma
North,Laptop,3902,11489,Emma
North,Headphones,4832,11490,Bob
North,Tablet,9443,11491,Charlie
East,Phone,664,11492,Alice
East,Headphones,7489,11493,Emma
South,Headphones,2456,11494,Charlie
South,Tablet,4360,11495,Charlie
North,Headphones,3275,11496,Alice
West,Laptop,2268,11497,Alice
West,Laptop,6726,11498,David
East,Laptop,7121,11499,David
East,Headphones,1282,11500,Emma
East,Phone,8320,11501,Emma
South,Phone,9646,11502,Emma
South,Headphones,640,11503,David
East,Phone,1219,11504,Emma
East,Phone,2150,11505,Emma
East,Headphones,8385,11506,David
West,Laptop,4073,11507,David
South,Headphones,1515,11508,Emma
West,Laptop,4883,11509,Emma
West,Laptop,9034,11510,Charlie
East,Phone,6792,11511,Bob
East,Phone,6853,11512,David
North,Laptop,9667,11513,Bob
North,Laptop,3620,11514,David
West,Phone,2323,11515,Charlie
South,Tablet,4926,11516,Bob
East,Laptop,510,11517,Charlie
East,Laptop,5104,11518,Alice
West,Laptop,9805,11519,Bob
North,Phone,9313,11520,Bob
South,Headphones,1400,11521,Bob
North,Laptop,4247,11522,Alice
North,Laptop,1971,11523,Alice
North,Laptop,7361,11524,Charlie
North,Headphones,3603,11525,Alice
East,Headphones,9018,11526,David
East,Laptop,573,11527,Emma
North,Laptop,750,11528,Bob
South,Tablet,2997,11529,Charlie
West,Headphones,5128,11530,Charlie
South,Tablet,8987,11531,Charlie
South,Laptop,797,11532,Charlie
South,Laptop,8993,11533,Bob
North,Laptop,9276,11534,Charlie
East,Laptop,7017,11535,Bob
South,Phone,2134,11536,Charlie
North,Phone,5505,11537,Charlie
South,Phone,6529,11538,Emma
South,Tablet,8744,11539,David
North,Headphones,6115,11540,Alice
East,Laptop,3344,11541,Alice
East,Headphones,6123,11542,Alice
West,Phone,5090,11543,David
North,Laptop,5448,11544,Bob
West,Laptop,5690,11545,Alice
West,Tablet,8384,11546,Alice
West,Headphones,6832,11547,Alice
East,Tablet,1162,11548,Bob
North,Phone,8699,11549,David
West,Headphones,6975,11550,David
North,Phone,3587,11551,Bob
North,Tablet,5261,11552,Emma
East,Tablet,1168,11553,Charlie
West,Laptop,9977,11554,Bob
West,Headphones,4120,11555,Charlie
North,Headphones,660,11556,David
South,Laptop,6960,11557,Charlie
East,Headphones,517,11558,Alice
East,Phone,3033,11559,Charlie
East,Phone,7010,11560,Charlie
East,Tablet,4946,11561,David
West,Phone,6054,11562,Emma
West,Headphones,3418,11563,Charlie
South,Laptop,9745,11564,David
East,Tablet,815,11565,Alice
East,Laptop,5332,11566,Charlie
North,Tablet,2711,11567,Charlie
West,Tablet,7569,11568,Alice
East,Laptop,9011,11569,Bob
South,Phone,5633,11570,Emma
South,Phone,6922,11571,Alice
West,Phone,5027,11572,Alice
South,Phone,3215,11573,Alice
South,Laptop,9325,11574,Bob
West,Headphones,7165,11575,Alice
East,Tablet,7607,11576,Bob
East,Laptop,5632,11577,Emma
South,Phone,9364,11578,Bob
South,Phone,9162,11579,Emma
East,Laptop,7282,11580,Emma
West,Tablet,3107,11581,Emma
South,Laptop,3832,11582,David
North,Laptop,5197,11583,Emma
West,Headphones,7245,11584,Bob
South,Laptop,6134,11585,David
South,Headphones,6760,11586,Alice
North,Tablet,1685,11587,Alice
North,Laptop,7495,11588,Charlie
East,Laptop,6609,11589,Emma
West,Phone,6941,11590,Charlie
West,Laptop,1415,11591,Emma
East,Phone,7964,11592,Emma
West,Phone,2117,11593,Bob
West,Phone,2925,11594,Bob
West,Tablet,925,11595,Alice
West,Headphones,2287,11596,David
West,Phone,3084,11597,Alice
North,Laptop,5148,11598,Emma
West,Laptop,668,11599,David
North,Phone,1014,11600,Charlie
West,Phone,3935,11601,Emma
East,Laptop,5025,11602,Bob
South,Phone,3116,11603,Alice
North,Headphones,9382,11604,Alice
West,Headphones,3704,11605,Charlie
East,Tablet,8265,11606,Alice
South,Phone,9044,11607,Alice
North,Tablet,1617,11608,David
South,Tablet,1905,11609,Emma
East,Tablet,5914,11610,David
North,Phone,6841,11611,David
South,Tablet,4674,11612,Alice
West,Headphones,1177,11613,Emma
North,Tablet,9242,11614,Alice
South,Headphones,9511,11615,Alice
East,Headphones,713,11616,David
East,Phone,2166,11617,Bob
North,Tablet,9585,11618,Bob
South,Phone,4754,11619,David
North,Headphones,3286,11620,David
North,Laptop,8713,11621,Alice
South,Tablet,6360,11622,Emma
South,Phone,1761,11623,Alice
West,Laptop,1672,11624,Alice
South,Tablet,5380,11625,Charlie
East,Tablet,2554,11626,Alice
North,Phone,3315,11627,Emma
North,Laptop,5174,11628,Alice
East,Phone,5696,11629,David
South,Tablet,5084,11630,Emma
East,Tablet,5521,11631,David
East,Headphones,6730,11632,Charlie
West,Tablet,3131,11633,Charlie
East,Tablet,6845,11634,Emma
North,Laptop,8596,11635,Bob
East,Laptop,6800,11636,Bob
North,Headphones,7848,11637,Emma
North,Headphones,6344,11638,Emma
North,Headphones,2676,11639,David
South,Phone,5862,11640,Charlie
West,Phone,8597,11641,Emma
North,Headphones,6099,11642,Alice
North,Phone,9568,11643,David
South,Tablet,4758,11644,Charlie
North,Headphones,9646,11645,David
East,Headphones,4619,11646,Charlie
East,Phone,7140,11647,Alice
West,Laptop,4788,11648,Charlie
North,Headphones,1377,11649,David
South,Phone,4985,11650,Charlie
East,Phone,3044,11651,David
South,Laptop,5559,11652,Emma
South,Headphones,7664,11653,Alice
East,Laptop,3100,11654,David
South,Tablet,4028,11655,Bob
East,Laptop,2908,11656,Bob
South,Laptop,5360,11657,Charlie
East,Phone,4448,11658,Emma
North,Laptop,9930,11659,Emma
West,Tablet,2834,11660,Bob
East,Phone,1267,11661,Charlie
East,Tablet,5383,11662,Emma
West,Laptop,4706,11663,Emma
East,Tablet,6448,11664,Charlie
East,Tablet,7585,11665,David
South,Laptop,1244,11666,Bob
West,Laptop,4674,11667,Emma
North,Phone,7698,11668,David
East,Phone,3056,11669,David
West,Headphones,5566,11670,David
South,Phone,8297,11671,David
North,Laptop,4661,11672,Alice
West,Tablet,786,11673,Alice
North,Tablet,3747,11674,Charlie
North,Phone,5599,11675,Bob
North,Phone,503,11676,Charlie
East,Laptop,6435,11677,Alice
East,Tablet,911,11678,Charlie
South,Headphones,4845,11679,Charlie
South,Headphones,4227,11680,David
West,Phone,1856,11681,Emma
South,Headphones,8849,11682,Alice
North,Laptop,2100,11683,Alice
North,Headphones,7657,11684,Charlie
East,Phone,6206,11685,Emma
North,Laptop,6059,11686,Charlie
West,Tablet,7696,11687,Bob
North,Laptop,5573,11688,Alice
North,Phone,2882,11689,David
West,Phone,652,11690,David
South,Headphones,3296,11691,David
South,Headphones,7782,11692,Alice
West,Tablet,7451,11693,Alice
East,Tablet,3305,11694,David
North,Phone,4580,11695,Alice
West,Phone,9747,11696,David
North,Phone,6350,11697,Bob
East,Tablet,7862,11698,Bob
North,Phone,1828,11699,Bob
West,Tablet,2892,11700,Charlie
North,Phone,3653,11701,Charlie
South,Laptop,8692,11702,Emma
East,Laptop,666,11703,Emma
East,Phone,3754,11704,Emma
East,Laptop,5560,11705,Bob
West,Tablet,2385,11706,Bob
East,Headphones,4868,11707,Bob
South,Laptop,8029,11708,Alice
West,Headphones,1399,11709,Alice
South,Laptop,2748,11710,Bob
North,Tablet,3912,11711,David
North,Laptop,6949,11712,Emma
North,Laptop,9911,11713,Charlie
North,Phone,3632,11714,Emma
South,Headphones,8655,11715,David
West,Headphones,8636,11716,Alice
West,Tablet,859,11717,Bob
East,Tablet,6950,11718,Alice
South,Headphones,8147,11719,Alice
North,Phone,9025,11720,David
South,Phone,1230,11721,Alice
East,Headphones,7567,11722,Alice
East,Laptop,1917,11723,Emma
South,Headphones,8267,11724,Emma
South,Laptop,8388,11725,David
South,Headphones,4263,11726,Bob
West,Laptop,7428,11727,Emma
North,Phone,6196,11728,Alice
South,Headphones,1378,11729,Charlie
South,Tablet,5982,11730,Emma
South,Laptop,3384,11731,Charlie
East,Phone,2797,11732,Bob
East,Tablet,9352,11733,Alice
West,Phone,7871,11734,Emma
North,Laptop,4485,11735,Bob
West,Headphones,1769,11736,David
North,Phone,1794,11737,Bob
East,Headphones,1509,11738,David
East,Headphones,2257,11739,David
East,Phone,8276,11740,Emma
West,Phone,9883,11741,Charlie
South,Phone,7078,11742,David
South,Headphones,8680,11743,Alice
East,Tablet,9745,11744,Emma
South,Laptop,3341,11745,David
South,Tablet,6216,11746,Emma
West,Headphones,2904,11747,Alice
North,Phone,4062,11748,Emma
East,Phone,1771,11749,Emma
East,Laptop,8944,11750,David
West,Laptop,3268,11751,Bob
West,Tablet,8301,11752,Emma
South,Tablet,9428,11753,David
East,Laptop,6642,11754,Alice
North,Headphones,2428,11755,Alice
West,Tablet,6766,11756,Bob
North,Phone,5913,11757,Alice
North,Phone,7328,11758,David
East,Headphones,2690,11759,Bob
East,Laptop,1502,11760,David
West,Tablet,7154,11761,Bob
East,Phone,8594,11762,Bob
East,Laptop,6567,11763,David
East,Tablet,4252,11764,Bob
North,Headphones,6700,11765,David
West,Phone,4637,11766,Alice
South,Headphones,4202,11767,Alice
North,Headphones,6443,11768,Emma
East,Headphones,4938,11769,Charlie
North,Tablet,4927,11770,Charlie
East,Headphones,6056,11771,Alice
East,Tablet,9032,11772,Emma
North,Tablet,2888,11773,Charlie
West,Headphones,7492,11774,David
East,Headphones,6825,11775,David
West,Laptop,2200,11776,Bob
South,Phone,5883,11777,Charlie
East,Laptop,1733,11778,David
West,Phone,2798,11779,Charlie
West,Phone,8829,11780,Bob
South,Laptop,3430,11781,Alice
West,Laptop,2333,11782,Emma
West,Phone,2639,11783,Bob
South,Phone,8899,11784,Bob
East,Phone,6936,11785,Bob
West,Tablet,2708,11786,Emma
West,Phone,8053,11787,David
West,Headphones,6122,11788,Charlie
North,Headphones,9542,11789,Alice
South,Headphones,6786,11790,Alice
North,Laptop,8436,11791,Emma
South,Laptop,4190,11792,Alice
East,Laptop,3109,11793,Emma
East,Phone,6678,11794,Emma
West,Headphones,723,11795,Charlie
South,Phone,4274,11796,Charlie
East,Tablet,8416,11797,Emma
South,Tablet,9014,11798,Charlie
East,Laptop,6473,11799,David
North,Tablet,2586,11800,Bob
East,Headphones,7396,11801,Alice
North,Tablet,7983,11802,Alice
East,Laptop,8163,11803,Alice
West,Phone,7784,11804,Alice
North,Tablet,5961,11805,David
East,Headphones,2787,11806,David
West,Headphones,9378,11807,Bob
North,Headphones,5335,11808,Emma
West,Phone,9688,11809,Charlie
South,Headphones,3034,11810,Bob
South,Laptop,6030,11811,Alice
North,Laptop,1122,11812,Charlie
East,Headphones,1575,11813,Bob
North,Tablet,7376,11814,Alice
West,Headphones,8995,11815,Bob
East,Laptop,9355,11816,Alice
South,Laptop,5737,11817,Alice
East,Laptop,4494,11818,David
South,Tablet,3194,11819,Alice
East,Tablet,4804,11820,Bob
East,Tablet,3698,11821,Charlie
East,Laptop,5912,11822,David
West,Phone,9210,11823,Charlie
West,Headphones,7889,11824,Emma
North,Headphones,4933,11825,Charlie
North,Laptop,6409,11826,Emma
South,Tablet,8517,11827,Emma
West,Phone,4310,11828,David
South,Phone,1412,11829,Charlie
North,Tablet,7942,11830,Alice
South,Headphones,5402,11831,David
North,Headphones,3688,11832,David
West,Phone,3728,11833,Alice
East,Phone,1071,11834,Charlie
West,Tablet,8268,11835,David
South,Headphones,5635,11836,Emma
South,Phone,8789,11837,Alice
West,Headphones,4533,11838,Bob
West,Phone,2139,11839,David
North,Tablet,6943,11840,Emma
South,Headphones,5342,11841,Charlie
South,Phone,6041,11842,Charlie
West,Phone,4527,11843,Alice
East,Phone,760,11844,Emma
South,Phone,9627,11845,Alice
East,Tablet,2297,11846,David
West,Headphones,831,11847,Alice
West,Headphones,4710,11848,Bob
North,Laptop,8959,11849,Alice
South,Headphones,2559,11850,Alice
East,Laptop,572,11851,David
North,Phone,5611,11852,Emma
South,Tablet,3421,11853,Bob
North,Tablet,4388,11854,Alice
West,Phone,677,11855,David
South,Laptop,2499,11856,David
North,Phone,9463,11857,David
North,Tablet,9637,11858,Emma
East,Tablet,7926,11859,Alice
North,Headphones,4995,11860,Charlie
South,Laptop,769,11861,Bob
South,Headphones,2155,11862,Charlie
East,Tablet,3033,11863,Emma
South,Tablet,5482,11864,Alice
West,Headphones,4861,11865,Charlie
South,Headphones,6618,11866,Charlie
South,Tablet,9196,11867,Charlie
North,Headphones,2904,11868,Bob
North,Headphones,2701,11869,Alice
South,Laptop,6519,11870,David
East,Tablet,6159,11871,Alice
North,Phone,1653,11872,Charlie
East,Laptop,4661,11873,Alice
South,Phone,1836,11874,David
South,Headphones,9098,11875,Bob
West,Headphones,3978,11876,Alice
North,Phone,776,11877,Alice
South,Headphones,7258,11878,Bob
West,Headphones,3980,11879,Bob
North,Laptop,2861,11880,Charlie
South,Phone,5868,11881,Charlie
South,Laptop,9152,11882,Bob
North,Phone,2946,11883,David
North,Laptop,8101,11884,Charlie
North,Tablet,5551,11885,David
South,Tablet,4017,11886,Bob
South,Phone,5302,11887,Alice
West,Tablet,2875,11888,Bob
East,Laptop,8350,11889,Bob
North,Phone,7244,11890,Emma
South,Tablet,6889,11891,Bob
South,Tablet,6748,11892,Charlie
North,Phone,1471,11893,Alice
East,Tablet,7636,11894,David
North,Tablet,8844,11895,Emma
East,Phone,4460,11896,Charlie
South,Tablet,3586,11897,Alice
East,Tablet,9421,11898,David
West,Tablet,4467,11899,Alice
South,Tablet,5451,11900,Charlie
West,Headphones,4502,11901,Alice
North,Phone,2832,11902,Bob
North,Headphones,4875,11903,Alice
North,Headphones,1185,11904,Bob
East,Laptop,4388,11905,Charlie
South,Headphones,1468,11906,Emma
North,Headphones,7820,11907,Bob
North,Laptop,2533,11908,Alice
South,Tablet,7575,11909,Alice
North,Tablet,5761,11910,Alice
West,Headphones,9459,11911,Charlie
South,Laptop,1145,11912,David
South,Tablet,4621,11913,Alice
South,Laptop,8612,11914,Alice
West,Phone,9771,11915,Bob
South,Phone,6936,11916,Emma
West,Phone,9328,11917,Alice
South,Phone,7597,11918,Charlie
East,Headphones,8792,11919,David
North,Phone,6086,11920,David
East,Phone,1368,11921,David
North,Laptop,6414,11922,Charlie
West,Tablet,8713,11923,David
East,Laptop,6855,11924,David
South,Headphones,2403,11925,Bob
North,Phone,3076,11926,David
North,Tablet,4609,11927,Bob
East,Tablet,5114,11928,Bob
West,Phone,8514,11929,Bob
East,Phone,3793,11930,Charlie
West,Headphones,2435,11931,Alice
West,Headphones,1115,11932,Emma
North,Phone,5557,11933,David
East,Phone,8978,11934,Emma
East,Phone,2423,11935,Alice
West,Phone,6955,11936,Bob
East,Tablet,8104,11937,Bob
South,Headphones,8652,11938,Bob
South,Phone,3273,11939,Bob
East,Phone,5693,11940,David
East,Tablet,9684,11941,Alice
West,Laptop,2403,11942,Alice
South,Phone,9567,11943,Alice
South,Tablet,643,11944,Emma
North,Tablet,7996,11945,Bob
West,Laptop,2756,11946,Charlie
North,Headphones,9814,11947,Alice
South,Headphones,1199,11948,Emma
West,Headphones,6818,11949,David
East,Phone,770,11950,Bob
West,Headphones,8754,11951,Emma
East,Phone,1507,11952,Charlie
East,Phone,7703,11953,Charlie
West,Tablet,4224,11954,David
East,Headphones,7099,11955,Alice
North,Headphones,9984,11956,Alice
South,Headphones,6987,11957,Emma
East,Phone,8417,11958,Emma
North,Phone,5009,11959,Alice
East,Headphones,5900,11960,Alice
South,Phone,4820,11961,Emma
North,Phone,9869,11962,Bob
South,Laptop,5972,11963,Charlie
South,Laptop,7706,11964,Charlie
North,Headphones,7372,11965,David
North,Headphones,8423,11966,Charlie
North,Laptop,5216,11967,Emma
West,Phone,7618,11968,Bob
North,Phone,3120,11969,Emma
North,Tablet,3036,11970,Alice
North,Headphones,5603,11971,Alice
North,Headphones,7580,11972,Charlie
East,Headphones,5817,11973,Bob
West,Tablet,1695,11974,David
South,Tablet,9199,11975,Emma
North,Phone,904,11976,David
East,Laptop,1794,11977,David
East,Laptop,6554,11978,David
East,Laptop,4125,11979,David
South,Phone,8368,11980,Emma
North,Laptop,3319,11981,Alice
West,Tablet,5259,11982,Emma
West,Tablet,6245,11983,Alice
East,Headphones,8064,11984,Alice
South,Laptop,4137,11985,Emma
South,Tablet,2373,11986,Emma
South,Headphones,1906,11987,Emma
West,Laptop,6014,11988,Alice
East,Laptop,2077,11989,Emma
North,Tablet,8272,11990,Bob
West,Headphones,5879,11991,Charlie
East,Headphones,5811,11992,Charlie
East,Tablet,9328,11993,Bob
North,Tablet,6047,11994,Charlie
North,Tablet,1307,11995,Alice
North,Laptop,2895,11996,Emma
South,Tablet,5024,11997,Emma
North,Tablet,1915,11998,Emma
East,Phone,8008,11999,Bob
North,Tablet,2949,12000,Bob
East,Tablet,3996,12001,Alice
West,Laptop,7603,12002,Bob
South,Headphones,5232,12003,Emma
West,Laptop,7522,12004,Alice
West,Phone,7995,12005,Alice
East,Tablet,9206,12006,Emma
West,Tablet,5599,12007,David
East,Tablet,7832,12008,Emma
North,Tablet,3794,12009,Alice
North,Tablet,3408,12010,David
East,Tablet,5916,12011,Emma
North,Phone,9032,12012,Emma
South,Tablet,6170,12013,David
West,Tablet,2968,12014,David
South,Tablet,2928,12015,Charlie
West,Phone,4188,12016,David
North,Tablet,6648,12017,Bob
South,Phone,2527,12018,David
North,Laptop,7671,12019,Alice
West,Tablet,815,12020,David
East,Headphones,4489,12021,Emma
East,Phone,9793,12022,Bob
South,Laptop,1030,12023,David
North,Phone,8384,12024,Bob
North,Phone,2359,12025,Charlie
South,Laptop,5257,12026,Bob
East,Tablet,8372,12027,Emma
West,Tablet,9911,12028,Charlie
South,Phone,1567,12029,David
West,Laptop,1227,12030,Bob
East,Tablet,743,12031,Charlie
North,Phone,1211,12032,David
East,Headphones,8424,12033,David
South,Laptop,8962,12034,Bob
North,Headphones,3060,12035,Bob
South,Headphones,5639,12036,Charlie
South,Phone,4060,12037,Bob
East,Laptop,4503,12038,David
South,Tablet,2677,12039,Emma
East,Tablet,1337,12040,Charlie
North,Phone,4214,12041,Emma
East,Tablet,3578,12042,Emma
North,Tablet,5532,12043,David
East,Headphones,2150,12044,Emma
West,Headphones,3448,12045,Alice
West,Laptop,3020,12046,Charlie
South,Headphones,7769,12047,David
East,Tablet,8097,12048,Bob
East,Laptop,9864,12049,David
North,Laptop,862,12050,Bob
South,Phone,9341,12051,David
East,Headphones,2756,12052,Alice
South,Laptop,7852,12053,Charlie
West,Tablet,9827,12054,Emma
East,Laptop,4858,12055,David
East,Laptop,5797,12056,Charlie
South,Phone,5361,12057,Charlie
East,Tablet,1375,12058,Charlie
South,Tablet,6455,12059,Charlie
East,Headphones,7629,12060,Charlie
North,Tablet,4351,12061,Emma
South,Laptop,9844,12062,Emma
East,Tablet,8305,12063,David
West,Tablet,7156,12064,Bob
East,Laptop,2422,12065,David
West,Phone,9320,12066,Charlie
West,Headphones,1628,12067,Bob
North,Headphones,5061,12068,David
South,Phone,9455,12069,Bob
East,Laptop,1519,12070,Emma
North,Headphones,5524,12071,Charlie
East,Phone,8074,12072,Bob
West,Phone,4427,12073,Alice
South,Phone,3341,12074,Charlie
East,Headphones,5977,12075,Emma
East,Headphones,9366,12076,Emma
West,Headphones,1508,12077,David
East,Headphones,1726,12078,Alice
East,Tablet,2135,12079,Bob
West,Phone,7761,12080,David
North,Tablet,9015,12081,Emma
West,Phone,8029,12082,Bob
North,Headphones,2185,12083,Emma
South,Headphones,4212,12084,Emma
North,Tablet,7558,12085,Alice
North,Laptop,9233,12086,Charlie
South,Headphones,3444,12087,Bob
North,Laptop,1827,12088,Alice
West,Phone,6406,12089,Emma
North,Tablet,9330,12090,Emma
South,Laptop,2760,12091,Alice
West,Laptop,1929,12092,Bob
South,Headphones,9653,12093,Emma
South,Laptop,3462,12094,Bob
East,Laptop,7886,12095,Alice
East,Phone,2968,12096,Emma
South,Tablet,3728,12097,David
South,Headphones,8820,12098,David
South,Headphones,4899,12099,Emma
East,Laptop,4466,12100,Charlie
East,Phone,9608,12101,Emma
North,Laptop,5781,12102,Emma
North,Laptop,5517,12103,Emma
South,Headphones,5655,12104,Alice
West,Laptop,1750,12105,Emma
West,Laptop,5188,12106,Emma
East,Phone,4573,12107,Alice
East,Headphones,4287,12108,Emma
East,Tablet,9631,12109,David
South,Phone,6158,12110,David
West,Phone,9693,12111,Emma
North,Phone,4272,12112,Alice
South,Headphones,2712,12113,Emma
North,Laptop,7367,12114,Emma
North,Tablet,7463,12115,Bob
South,Headphones,6193,12116,Charlie
North,Laptop,4491,12117,Alice
West,Phone,9795,12118,Charlie
North,Headphones,2687,12119,Bob
West,Laptop,3532,12120,Charlie
West,Tablet,4403,12121,Emma
West,Tablet,8720,12122,David
East,Laptop,9952,12123,Alice
North,Headphones,4170,12124,Alice
South,Phone,6227,12125,Emma
South,Laptop,5394,12126,Charlie
North,Phone,6018,12127,Alice
East,Tablet,2836,12128,Bob
East,Laptop,3823,12129,Bob
West,Tablet,7620,12130,Charlie
North,Phone,8359,12131,Bob
North,Phone,599,12132,David
South,Laptop,4156,12133,Emma
North,Laptop,7286,12134,Alice
East,Laptop,1193,12135,Emma
North,Tablet,5301,12136,Charlie
South,Phone,8709,12137,Emma
West,Phone,4209,12138,Alice
South,Tablet,3270,12139,Alice
South,Laptop,1530,12140,Charlie
West,Headphones,4975,12141,Alice
South,Laptop,4709,12142,Bob
South,Headphones,7495,12143,Emma
North,Headphones,2119,12144,David
North,Tablet,9542,12145,David
West,Phone,9667,12146,David
North,Phone,3016,12147,Charlie
North,Phone,8495,12148,David
South,Phone,1625,12149,Emma
East,Tablet,9184,12150,Alice
North,Headphones,7406,12151,Bob
East,Phone,6104,12152,David
North,Headphones,3536,12153,David
North,Tablet,3026,12154,David
West,Laptop,666,12155,Bob
West,Tablet,4689,12156,Emma
West,Phone,7848,12157,David
East,Laptop,1075,12158,Alice
South,Tablet,7671,12159,Charlie
North,Tablet,9297,12160,Bob
North,Headphones,3843,12161,Emma
North,Tablet,2318,12162,Alice
East,Laptop,9847,12163,Bob
West,Tablet,9507,12164,Bob
South,Phone,6523,12165,Charlie
East,Headphones,8479,12166,Charlie
West,Laptop,9654,12167,Emma
East,Laptop,5671,12168,David
South,Tablet,5909,12169,Charlie
West,Phone,5041,12170,Emma
East,Headphones,6880,12171,Bob
South,Laptop,4360,12172,David
North,Headphones,2014,12173,Alice
South,Tablet,1567,12174,Bob
North,Phone,1381,12175,Emma
East,Tablet,7409,12176,Alice
West,Headphones,5532,12177,Bob
West,Tablet,7002,12178,Charlie
East,Headphones,4139,12179,Emma
West,Laptop,5057,12180,Alice
West,Laptop,8792,12181,Charlie
North,Tablet,4032,12182,Alice
East,Laptop,3316,12183,David
South,Headphones,6911,12184,David
North,Laptop,907,12185,Emma
East,Phone,7704,12186,Alice
North,Phone,3015,12187,David
South,Tablet,8633,12188,Bob
South,Tablet,2239,12189,Bob
East,Tablet,4552,12190,David
South,Tablet,758,12191,David
North,Headphones,9200,12192,Emma
South,Headphones,6286,12193,Emma
North,Phone,4183,12194,Bob
North,Headphones,5220,12195,Charlie
South,Laptop,4226,12196,Alice
East,Phone,1178,12197,Charlie
West,Tablet,9975,12198,Emma
South,Tablet,9598,12199,Charlie
North,Headphones,8959,12200,Emma
North,Phone,6626,12201,Charlie
South,Headphones,5406,12202,Bob
East,Headphones,8398,12203,Emma
East,Headphones,1700,12204,Bob
North,Phone,5855,12205,Charlie
North,Tablet,1616,12206,David
East,Laptop,6844,12207,David
West,Tablet,6430,12208,Alice
South,Phone,9590,12209,David
North,Tablet,1558,12210,Alice
North,Tablet,7784,12211,Charlie
East,Laptop,1187,12212,Alice
South,Tablet,6077,12213,Alice
East,Tablet,6090,12214,Alice
South,Tablet,8652,12215,Bob
South,Headphones,7563,12216,Alice
South,Phone,9479,12217,Emma
North,Phone,8895,12218,Charlie
West,Laptop,2991,12219,Bob
East,Headphones,5322,12220,Emma
West,Headphones,7504,12221,Charlie
East,Tablet,7511,12222,Bob
South,Phone,6200,12223,Charlie
North,Laptop,5362,12224,David
West,Headphones,5850,12225,Charlie
North,Tablet,9918,12226,David
East,Laptop,9605,12227,David
North,Headphones,855,12228,Charlie
North,Laptop,3972,12229,David
West,Headphones,8932,12230,Bob
South,Laptop,8210,12231,David
North,Headphones,9312,12232,Alice
South,Headphones,1354,12233,Bob
East,Laptop,6863,12234,Bob
North,Headphones,7204,12235,Bob
West,Headphones,4124,12236,Alice
East,Headphones,5946,12237,Alice
East,Laptop,9752,12238,Alice
West,Laptop,9073,12239,Alice
North,Headphones,6531,12240,Alice
North,Headphones,6682,12241,Emma
East,Laptop,1632,12242,Emma
North,Tablet,2976,12243,Alice
South,Headphones,3635,12244,Bob
West,Tablet,2579,12245,David
South,Laptop,1444,12246,David
North,Headphones,6340,12247,Emma
East,Tablet,4462,12248,Alice
West,Laptop,7174,12249,Charlie
North,Tablet,1334,12250,David
North,Phone,4250,12251,David
East,Laptop,4684,12252,Bob
East,Phone,7678,12253,David
South,Laptop,5668,12254,Emma
West,Laptop,5491,12255,Alice
West,Headphones,8646,12256,Alice
East,Phone,5790,12257,David
South,Phone,4738,12258,Charlie
West,Phone,8898,12259,Emma
East,Laptop,8665,12260,David
North,Phone,4034,12261,Emma
West,Phone,2552,12262,Charlie
South,Headphones,8651,12263,Emma
South,Tablet,528,12264,Emma
South,Tablet,9905,12265,Emma
North,Phone,8879,12266,Alice
West,Phone,2360,12267,Charlie
West,Phone,8434,12268,Alice
North,Phone,3072,12269,Bob
West,Tablet,8551,12270,David
North,Headphones,6628,12271,Alice
North,Laptop,4514,12272,Emma
North,Phone,4752,12273,Bob
South,Phone,2627,12274,Charlie
West,Tablet,3207,12275,Charlie
North,Phone,2313,12276,Alice
West,Headphones,8316,12277,Emma
South,Headphones,8851,12278,Emma
North,Phone,9035,12279,Charlie
East,Tablet,8896,12280,Emma
South,Phone,8996,12281,David
East,Phone,9091,12282,Alice
West,Tablet,6749,12283,Alice
West,Headphones,6985,12284,Emma
South,Laptop,9677,12285,Charlie
West,Phone,2305,12286,David
East,Headphones,5547,12287,David
North,Phone,6040,12288,David
North,Laptop,2596,12289,Bob
North,Tablet,5837,12290,Emma
South,Headphones,1959,12291,David
West,Laptop,7434,12292,Emma
East,Phone,8922,12293,Charlie
West,Laptop,4282,12294,Charlie
West,Headphones,4000,12295,Charlie
West,Tablet,9574,12296,Bob
North,Phone,6105,12297,Charlie
East,Tablet,6919,12298,Emma
East,Tablet,9124,12299,Alice
West,Laptop,9900,12300,Alice
North,Laptop,8389,12301,Emma
North,Headphones,5738,12302,Alice
East,Headphones,2317,12303,David
North,Tablet,8070,12304,Alice
North,Headphones,5603,12305,Bob
North,Tablet,1117,12306,Charlie
South,Phone,9009,12307,Alice
West,Tablet,6785,12308,Alice
East,Headphones,956,12309,Bob
East,Headphones,1000,12310,Bob
South,Tablet,8574,12311,Alice
West,Laptop,2815,12312,David
East,Tablet,4374,12313,Alice
North,Tablet,7130,12314,David
East,Laptop,5473,12315,Charlie
North,Phone,5274,12316,Emma
South,Laptop,1503,12317,Charlie
North,Headphones,7348,12318,Alice
East,Laptop,4696,12319,Alice
East,Headphones,7215,12320,David
East,Headphones,1566,12321,Bob
South,Tablet,5216,12322,David
South,Tablet,7108,12323,Bob
West,Phone,3734,12324,Bob
East,Headphones,6994,12325,Bob
North,Tablet,4998,12326,Bob
South,Headphones,5767,12327,Alice
East,Phone,6671,12328,Emma
East,Headphones,8595,12329,Emma
South,Phone,4169,12330,Charlie
West,Phone,5215,12331,Charlie
South,Phone,6569,12332,Charlie
South,Tablet,2461,12333,David
North,Laptop,1375,12334,Charlie
North,Laptop,9234,12335,Charlie
West,Tablet,4016,12336,Charlie
East,Headphones,4365,12337,Alice
South,Tablet,4999,12338,Charlie
West,Headphones,9710,12339,Emma
North,Phone,7733,12340,Alice
South,Tablet,6447,12341,Bob
East,Laptop,1074,12342,David
North,Headphones,1958,12343,Alice
North,Tablet,7895,12344,Alice
North,Tablet,3672,12345,Emma
West,Headphones,2970,12346,Charlie
East,Phone,3927,12347,Bob
South,Phone,8298,12348,Emma
West,Phone,8236,12349,Emma
West,Phone,4706,12350,Alice
West,Headphones,2700,12351,Bob
North,Laptop,3464,12352,Emma
East,Tablet,7405,12353,David
West,Tablet,3813,12354,David
South,Phone,3427,12355,Emma
East,Headphones,9373,12356,Alice
South,Laptop,8970,12357,David
East,Laptop,4958,12358,Alice
South,Tablet,2148,12359,Charlie
North,Phone,6027,12360,Charlie
West,Tablet,9850,12361,Alice
South,Tablet,8684,12362,Emma
East,Laptop,2841,12363,Charlie
West,Headphones,2018,12364,Charlie
West,Laptop,2338,12365,David
East,Tablet,1370,12366,Emma
South,Phone,6038,12367,Alice
North,Phone,5977,12368,Charlie
North,Headphones,9863,12369,Emma
South,Headphones,1628,12370,Charlie
West,Headphones,6999,12371,David
West,Tablet,1784,12372,Emma
West,Tablet,9262,12373,Bob
West,Headphones,3364,12374,David
South,Phone,6545,12375,Alice
West,Phone,2477,12376,Emma
East,Phone,9138,12377,Charlie
West,Tablet,9972,12378,Emma
North,Laptop,5539,12379,Alice
West,Phone,7539,12380,Emma
South,Phone,9328,12381,Charlie
North,Phone,3473,12382,David
South,Headphones,5126,12383,David
South,Tablet,618,12384,Charlie
North,Headphones,8499,12385,Bob
South,Headphones,2792,12386,Bob
South,Laptop,2604,12387,David
West,Headphones,1567,12388,Alice
East,Laptop,923,12389,Emma
South,Headphones,4319,12390,Charlie
South,Phone,8203,12391,Alice
South,Tablet,1780,12392,Emma
West,Headphones,3932,12393,David
East,Laptop,1262,12394,Charlie
North,Tablet,2129,12395,Alice
West,Laptop,5999,12396,Emma
West,Phone,9134,12397,David
East,Headphones,3514,12398,David
East,Tablet,1997,12399,Emma
West,Phone,8780,12400,Bob
North,Headphones,9671,12401,Bob
West,Headphones,9153,12402,Emma
East,Laptop,4052,12403,Emma
North,Laptop,8137,12404,Emma
East,Phone,9071,12405,David
North,Laptop,4996,12406,Charlie
South,Phone,5146,12407,David
East,Phone,3483,12408,David
East,Phone,3560,12409,Bob
West,Laptop,8334,12410,Emma
East,Tablet,7304,12411,David
East,Phone,8010,12412,David
South,Tablet,3450,12413,Emma
East,Headphones,5040,12414,Charlie
South,Laptop,7918,12415,Bob
South,Laptop,6563,12416,Alice
South,Tablet,8161,12417,David
South,Headphones,3921,12418,Charlie
North,Headphones,2490,12419,Alice
West,Phone,4356,12420,Emma
North,Laptop,1982,12421,Alice
East,Headphones,3045,12422,Emma
North,Headphones,4720,12423,Charlie
North,Phone,1142,12424,Alice
East,Phone,4418,12425,Bob
East,Tablet,2086,12426,Charlie
East,Laptop,2909,12427,Alice
North,Headphones,7004,12428,David
North,Tablet,554,12429,Alice
East,Laptop,1341,12430,Alice
West,Tablet,7428,12431,Bob
West,Laptop,5087,12432,Charlie
South,Laptop,9676,12433,David
East,Headphones,3406,12434,Charlie
South,Laptop,5588,12435,Charlie
West,Phone,5556,12436,David
South,Headphones,6482,12437,David
East,Phone,2772,12438,Bob
East,Tablet,6641,12439,Emma
East,Tablet,8515,12440,Bob
North,Laptop,8794,12441,David
South,Laptop,9661,12442,Alice
West,Phone,1571,12443,Alice
West,Phone,1236,12444,Charlie
West,Phone,6876,12445,Charlie
North,Tablet,8249,12446,Emma
North,Phone,4130,12447,Emma
East,Headphones,727,12448,Emma
West,Headphones,7165,12449,Emma
North,Tablet,6211,12450,Alice
East,Phone,6656,12451,David
West,Phone,4070,12452,Emma
South,Laptop,9136,12453,Bob
East,Headphones,8493,12454,Emma
North,Tablet,2119,12455,Alice
North,Phone,2704,12456,Charlie
East,Laptop,3203,12457,Bob
East,Tablet,8242,12458,Emma
North,Tablet,8074,12459,Alice
South,Headphones,9873,12460,Charlie
West,Phone,1297,12461,Emma
South,Tablet,9526,12462,Alice
East,Laptop,3499,12463,Alice
South,Laptop,3264,12464,David
North,Tablet,4184,12465,Alice
East,Laptop,8699,12466,Emma
West,Tablet,6739,12467,Alice
North,Laptop,4374,12468,Bob
North,Tablet,3829,12469,Alice
West,Tablet,6569,12470,Alice
West,Tablet,6084,12471,Bob
South,Laptop,9305,12472,Emma
East,Tablet,9380,12473,Charlie
West,Headphones,9589,12474,David
West,Tablet,8801,12475,Charlie
East,Phone,1660,12476,Emma
West,Phone,4110,12477,Emma
West,Headphones,5244,12478,Bob
South,Tablet,7831,12479,Charlie
North,Phone,2503,12480,Alice
North,Tablet,8535,12481,Bob
North,Phone,2027,12482,Bob
North,Laptop,7818,12483,David
West,Laptop,7734,12484,Bob
East,Headphones,5669,12485,Charlie
East,Headphones,5110,12486,Emma
South,Tablet,7221,12487,David
South,Headphones,9197,12488,Alice
West,Tablet,4750,12489,Charlie
East,Laptop,7126,12490,Alice
East,Laptop,3355,12491,Bob
North,Phone,4464,12492,Charlie
West,Tablet,8435,12493,David
West,Laptop,2174,12494,David
North,Laptop,9882,12495,Alice
West,Tablet,2892,12496,Emma
West,Phone,7378,12497,David
South,Phone,2421,12498,Alice
East,Phone,4933,12499,Emma
West,Phone,2327,12500,Charlie
South,Laptop,1216,12501,David
East,Tablet,1130,12502,David
North,Tablet,5360,12503,Alice
South,Laptop,8776,12504,David
South,Laptop,4268,12505,Alice
East,Laptop,9428,12506,David
North,Headphones,3207,12507,Alice
South,Tablet,8918,12508,David
West,Tablet,3857,12509,Charlie
West,Tablet,9999,12510,Charlie
West,Phone,8360,12511,Alice
North,Laptop,4704,12512,Charlie
South,Laptop,4730,12513,Alice
West,Laptop,5533,12514,Alice
North,Headphones,4886,12515,Bob
West,Tablet,8657,12516,Charlie
East,Laptop,8175,12517,Bob
South,Headphones,2367,12518,Bob
South,Laptop,7465,12519,David
North,Phone,7696,12520,Alice
North,Tablet,526,12521,Emma
South,Headphones,6656,12522,Bob
West,Laptop,9624,12523,David
West,Tablet,7088,12524,Charlie
East,Headphones,6267,12525,Emma
West,Tablet,966,12526,Alice
North,Tablet,8189,12527,David
North,Phone,3200,12528,Emma
West,Tablet,9309,12529,Alice
North,Headphones,4277,12530,Alice
South,Tablet,3187,12531,Emma
South,Headphones,5832,12532,David
West,Tablet,7306,12533,Emma
South,Laptop,5556,12534,Bob
South,Phone,679,12535,Alice
East,Laptop,8496,12536,Charlie
East,Phone,5964,12537,Emma
South,Headphones,7220,12538,Emma
West,Phone,1421,12539,Alice
East,Tablet,3592,12540,Alice
North,Tablet,6027,12541,Emma
North,Laptop,7965,12542,Charlie
North,Phone,3219,12543,Alice
West,Headphones,8613,12544,Alice
South,Headphones,9715,12545,Bob
North,Tablet,651,12546,David
West,Headphones,8704,12547,Bob
East,Tablet,9406,12548,Charlie
South,Tablet,4125,12549,David
East,Tablet,8940,12550,Emma
West,Laptop,1644,12551,Charlie
North,Laptop,4982,12552,Charlie
North,Tablet,5034,12553,Bob
West,Tablet,1220,12554,David
North,Tablet,5068,12555,Charlie
South,Headphones,3729,12556,David
West,Tablet,1506,12557,Emma
East,Tablet,5228,12558,David
West,Phone,7599,12559,Bob
South,Phone,7616,12560,Bob
South,Phone,4313,12561,Charlie
West,Phone,1037,12562,David
West,Tablet,3185,12563,Bob
North,Phone,2480,12564,Alice
South,Headphones,6406,12565,Bob
West,Headphones,1039,12566,Emma
West,Phone,7546,12567,Alice
South,Laptop,7761,12568,David
West,Headphones,9175,12569,Charlie
North,Headphones,9720,12570,Alice
South,Phone,6800,12571,Bob
North,Phone,551,12572,Charlie
North,Tablet,8934,12573,Charlie
North,Headphones,2186,12574,Charlie
North,Phone,3321,12575,Charlie
South,Phone,7063,12576,David
North,Tablet,8620,12577,David
North,Headphones,8596,12578,David
West,Phone,9116,12579,Bob
South,Tablet,9386,12580,David
South,Phone,9045,12581,Charlie
East,Laptop,4190,12582,Alice
South,Laptop,2189,12583,Alice
South,Phone,8984,12584,Alice
East,Headphones,1216,12585,Alice
South,Laptop,7783,12586,Alice
South,Tablet,5075,12587,Emma
South,Phone,5072,12588,Alice
South,Tablet,1137,12589,Alice
East,Laptop,8479,12590,Alice
South,Headphones,9991,12591,Bob
South,Tablet,4448,12592,Emma
East,Laptop,9381,12593,Alice
West,Laptop,6050,12594,David
North,Laptop,9403,12595,Bob
West,Tablet,9130,12596,Emma
East,Laptop,3841,12597,David
North,Phone,6050,12598,David
East,Laptop,4738,12599,Bob
East,Phone,2283,12600,David
South,Headphones,9559,12601,Charlie
North,Phone,1988,12602,Bob
South,Headphones,7660,12603,Bob
North,Headphones,967,12604,Charlie
East,Phone,6083,12605,Bob
East,Headphones,1917,12606,David
West,Phone,6405,12607,David
North,Tablet,2276,12608,David
South,Headphones,1581,12609,Charlie
West,Phone,3425,12610,David
West,Headphones,4584,12611,Charlie
West,Laptop,8128,12612,Charlie
South,Phone,6695,12613,Charlie
West,Laptop,1511,12614,Bob
South,Headphones,8402,12615,Emma
West,Headphones,1313,12616,Charlie
South,Tablet,772,12617,David
East,Phone,4144,12618,Charlie
East,Laptop,2216,12619,Alice
East,Tablet,6776,12620,Bob
East,Headphones,6732,12621,David
East,Headphones,7328,12622,Bob
West,Tablet,856,12623,Bob
West,Laptop,703,12624,Alice
West,Headphones,4245,12625,Charlie
South,Headphones,2096,12626,David
South,Phone,7114,12627,Emma
South,Tablet,996,12628,Bob
South,Headphones,562,12629,Emma
East,Laptop,2079,12630,Emma
East,Phone,9231,12631,Charlie
East,Tablet,4793,12632,Emma
North,Laptop,5376,12633,David
West,Headphones,8350,12634,Charlie
South,Tablet,4625,12635,Emma
South,Tablet,3213,12636,Charlie
East,Laptop,5828,12637,David
South,Tablet,9772,12638,Bob
South,Laptop,8387,12639,Alice
West,Headphones,3879,12640,Charlie
East,Phone,2098,12641,Alice
West,Laptop,8133,12642,Bob
North,Phone,3678,12643,David
North,Tablet,8544,12644,Bob
North,Laptop,5613,12645,Alice
East,Headphones,3872,12646,David
South,Laptop,7263,12647,Emma
East,Laptop,1569,12648,Emma
East,Laptop,3276,12649,Charlie
South,Phone,1692,12650,Emma
West,Phone,1313,12651,Alice
North,Tablet,1652,12652,Emma
West,Tablet,6332,12653,Charlie
North,Tablet,2383,12654,David
East,Tablet,767,12655,Emma
North,Laptop,4171,12656,Charlie
East,Phone,3312,12657,Emma
West,Phone,7062,12658,Emma
East,Phone,7513,12659,Alice
West,Phone,5677,12660,Charlie
South,Tablet,4585,12661,Charlie
South,Laptop,883,12662,Bob
South,Phone,3350,12663,Bob
East,Headphones,7221,12664,Charlie
South,Laptop,7583,12665,Alice
North,Headphones,1549,12666,Emma
West,Laptop,2333,12667,David
West,Laptop,9489,12668,Emma
North,Laptop,4967,12669,David
East,Headphones,3475,12670,Alice
East,Phone,5655,12671,Bob
West,Phone,8198,12672,Charlie
South,Headphones,8500,12673,Alice
East,Phone,1790,12674,David
East,Tablet,8461,12675,Charlie
North,Phone,8099,12676,David
North,Tablet,7686,12677,Emma
South,Tablet,8006,12678,Emma
East,Tablet,2687,12679,Emma
East,Headphones,8758,12680,Charlie
North,Phone,8291,12681,Bob
East,Phone,7270,12682,Bob
West,Headphones,9270,12683,David
North,Headphones,8434,12684,Bob
South,Phone,2105,12685,Bob
North,Headphones,8487,12686,David
East,Headphones,7665,12687,David
South,Tablet,6554,12688,David
North,Headphones,5005,12689,Charlie
West,Tablet,7747,12690,David
West,Laptop,6307,12691,Charlie
North,Tablet,6756,12692,Charlie
West,Tablet,8551,12693,Charlie
West,Headphones,4784,12694,David
West,Phone,2654,12695,Bob
South,Laptop,8242,12696,Bob
West,Laptop,3304,12697,David
West,Laptop,2720,12698,Bob
West,Phone,9690,12699,David
South,Laptop,1221,12700,Charlie
North,Laptop,9906,12701,Emma
East,Phone,7474,12702,Alice
West,Laptop,6303,12703,David
North,Headphones,3894,12704,Charlie
West,Headphones,4525,12705,Emma
South,Tablet,8628,12706,Charlie
North,Tablet,5656,12707,Alice
South,Tablet,5312,12708,Bob
West,Headphones,9150,12709,Bob
West,Headphones,9318,12710,Charlie
South,Headphones,2956,12711,Alice
East,Tablet,706,12712,Charlie
South,Tablet,1856,12713,Bob
West,Tablet,7961,12714,Charlie
South,Tablet,7656,12715,Emma
East,Tablet,8651,12716,Alice
South,Tablet,7022,12717,Bob
East,Headphones,3173,12718,Charlie
East,Phone,1549,12719,Alice
South,Phone,7323,12720,Charlie
South,Tablet,3091,12721,Bob
North,Phone,7376,12722,Alice
West,Phone,4504,12723,Bob
East,Headphones,6473,12724,Emma
North,Tablet,8782,12725,Emma
South,Tablet,9167,12726,David
West,Phone,8556,12727,Alice
North,Tablet,2546,12728,Emma
East,Tablet,5807,12729,David
North,Tablet,8236,12730,Alice
East,Tablet,4190,12731,Bob
South,Phone,3766,12732,Charlie
West,Laptop,5129,12733,Charlie
West,Phone,3245,12734,Bob
West,Headphones,7523,12735,Emma
South,Laptop,8776,12736,Charlie
East,Laptop,3139,12737,Bob
South,Laptop,5436,12738,David
West,Phone,576,12739,David
South,Headphones,6973,12740,Bob
South,Phone,4004,12741,Alice
South,Headphones,2924,12742,Emma
East,Phone,6984,12743,Emma
North,Phone,5796,12744,Bob
North,Phone,7067,12745,Charlie
South,Laptop,6586,12746,Emma
North,Phone,2721,12747,Emma
North,Headphones,905,12748,David
South,Headphones,2629,12749,David
South,Headphones,7334,12750,David
West,Laptop,897,12751,Emma
North,Phone,3973,12752,Emma
East,Phone,5489,12753,Emma
South,Tablet,4426,12754,Charlie
West,Laptop,2444,12755,Charlie
East,Headphones,9129,12756,Charlie
North,Headphones,5891,12757,Alice
West,Phone,5899,12758,Emma
South,Headphones,722,12759,Emma
East,Phone,2110,12760,Bob
South,Phone,8330,12761,Bob
North,Tablet,5104,12762,Alice
East,Laptop,4500,12763,Bob
North,Phone,3164,12764,Charlie
North,Phone,1565,12765,Alice
West,Phone,5864,12766,Alice
South,Tablet,9968,12767,Alice
East,Phone,5893,12768,David
North,Laptop,7602,12769,Bob
North,Laptop,8001,12770,Emma
East,Headphones,1103,12771,David
North,Laptop,5630,12772,Charlie
West,Headphones,6795,12773,David
West,Laptop,8880,12774,Charlie
West,Headphones,7603,12775,Emma
West,Phone,9367,12776,Emma
North,Tablet,1137,12777,Bob
East,Tablet,2344,12778,David
East,Tablet,546,12779,Emma
East,Phone,1319,12780,Charlie
East,Tablet,4307,12781,Emma
South,Laptop,3522,12782,Bob
East,Headphones,1580,12783,Charlie
South,Phone,3646,12784,Alice
South,Tablet,1777,12785,Bob
West,Laptop,7241,12786,Bob
South,Laptop,2717,12787,Alice
North,Phone,5765,12788,Emma
South,Phone,3386,12789,Bob
West,Tablet,6134,12790,Alice
South,Headphones,9487,12791,Alice
North,Tablet,3828,12792,Bob
North,Tablet,7793,12793,David
North,Phone,3506,12794,Bob
West,Tablet,7458,12795,David
West,Tablet,8472,12796,Emma
East,Headphones,4643,12797,Alice
West,Laptop,6017,12798,Charlie
North,Laptop,1718,12799,Bob
North,Headphones,8518,12800,Charlie
West,Laptop,9416,12801,Emma
South,Tablet,1844,12802,Bob
West,Headphones,637,12803,Charlie
West,Headphones,4950,12804,Emma
North,Phone,5406,12805,David
East,Laptop,3259,12806,Emma
North,Phone,558,12807,Bob
East,Tablet,1270,12808,Bob
North,Headphones,888,12809,Bob
West,Tablet,3922,12810,Emma
North,Laptop,7512,12811,Bob
North,Phone,5352,12812,Emma
North,Laptop,1095,12813,Alice
West,Tablet,9127,12814,Alice
West,Phone,2482,12815,Alice
West,Laptop,9465,12816,Charlie
West,Tablet,8709,12817,Alice
East,Laptop,4830,12818,Alice
East,Headphones,5929,12819,Emma
South,Phone,2192,12820,Emma
West,Phone,3270,12821,Bob
East,Phone,4876,12822,Bob
North,Headphones,5426,12823,Bob
West,Phone,3767,12824,Emma
South,Headphones,9830,12825,Emma
South,Phone,8064,12826,Alice
South,Laptop,2195,12827,David
North,Laptop,2086,12828,Emma
East,Laptop,5180,12829,David
North,Laptop,5947,12830,Emma
West,Headphones,5960,12831,Emma
South,Tablet,8465,12832,Charlie
North,Tablet,2768,12833,David
North,Laptop,7749,12834,Charlie
East,Tablet,7961,12835,Alice
East,Tablet,3986,12836,Charlie
South,Phone,6301,12837,Charlie
North,Headphones,3249,12838,Alice
North,Laptop,8285,12839,David
East,Tablet,7475,12840,Bob
North,Tablet,1905,12841,Emma
North,Laptop,4075,12842,David
North,Phone,3227,12843,Alice
East,Laptop,6987,12844,Charlie
South,Phone,6791,12845,Bob
West,Tablet,3001,12846,Charlie
South,Headphones,1437,12847,Emma
West,Phone,2255,12848,Alice
North,Phone,3890,12849,Bob
South,Laptop,6316,12850,David
West,Tablet,1716,12851,David
East,Headphones,1703,12852,Alice
East,Laptop,2390,12853,Alice
South,Laptop,9082,12854,Charlie
South,Headphones,8188,12855,Bob
North,Tablet,7000,12856,Emma
South,Headphones,7216,12857,Alice
North,Laptop,4246,12858,Bob
North,Laptop,8790,12859,Alice
East,Phone,2695,12860,Alice
East,Headphones,5165,12861,David
West,Headphones,9693,12862,Bob
East,Headphones,7849,12863,David
East,Laptop,4898,12864,David
South,Tablet,4129,12865,Bob
East,Laptop,8266,12866,David
West,Phone,6647,12867,Charlie
South,Laptop,1563,12868,Emma
West,Laptop,9330,12869,Emma
East,Laptop,9834,12870,Charlie
West,Phone,9243,12871,Alice
South,Headphones,3775,12872,David
North,Tablet,1476,12873,Emma
West,Tablet,4569,12874,Bob
West,Phone,6902,12875,Alice
South,Headphones,845,12876,Emma
South,Headphones,5442,12877,David
West,Phone,3442,12878,Emma
East,Laptop,7904,12879,David
West,Headphones,1576,12880,Alice
South,Tablet,9863,12881,Charlie
North,Phone,4270,12882,David
North,Tablet,6152,12883,David
East,Laptop,8924,12884,Alice
West,Phone,8548,12885,Alice
North,Tablet,950,12886,Bob
West,Tablet,850,12887,Alice
South,Laptop,4504,12888,Emma
North,Phone,5178,12889,David
East,Headphones,744,12890,Charlie
South,Headphones,5145,12891,Alice
East,Tablet,5234,12892,David
South,Laptop,940,12893,Charlie
North,Tablet,6415,12894,Bob
East,Laptop,911,12895,Emma
East,Headphones,1313,12896,Bob
South,Tablet,5178,12897,Alice
East,Tablet,2230,12898,Emma
South,Laptop,7143,12899,Bob
South,Phone,2474,12900,David
South,Laptop,1049,12901,Alice
South,Phone,2437,12902,Bob
North,Headphones,703,12903,Emma
South,Tablet,4088,12904,Emma
West,Tablet,7583,12905,Charlie
East,Laptop,3036,12906,Emma
West,Laptop,6288,12907,Emma
North,Headphones,8798,12908,Alice
West,Headphones,4311,12909,Emma
East,Phone,3201,12910,Charlie
West,Headphones,8325,12911,Emma
North,Headphones,6474,12912,Charlie
South,Headphones,4436,12913,David
West,Headphones,4590,12914,Charlie
North,Phone,9649,12915,Alice
North,Headphones,7456,12916,Bob
East,Phone,9752,12917,Bob
East,Laptop,3046,12918,David
West,Tablet,4236,12919,Alice
South,Laptop,2172,12920,David
North,Headphones,901,12921,David
West,Tablet,9293,12922,Emma
North,Headphones,4813,12923,Emma
North,Headphones,6852,12924,Alice
South,Laptop,8979,12925,Bob
South,Headphones,587,12926,Charlie
West,Laptop,7646,12927,Emma
South,Headphones,6779,12928,Alice
South,Phone,2705,12929,Alice
West,Tablet,3467,12930,Bob
South,Laptop,4750,12931,Alice
East,Laptop,4034,12932,Alice
North,Tablet,8911,12933,Bob
North,Laptop,3738,12934,Emma
North,Tablet,9013,12935,Bob
North,Phone,3238,12936,David
West,Headphones,5436,12937,Emma
North,Phone,2336,12938,David
North,Headphones,3059,12939,Alice
North,Tablet,2068,12940,David
North,Phone,5220,12941,Bob
East,Headphones,8457,12942,Bob
North,Tablet,9044,12943,Charlie
East,Headphones,9720,12944,Alice
West,Laptop,7025,12945,Bob
South,Laptop,8435,12946,Emma
North,Tablet,9619,12947,Bob
South,Headphones,8721,12948,Emma
South,Laptop,8014,12949,Alice
West,Phone,7565,12950,Charlie
South,Headphones,7237,12951,Charlie
East,Headphones,3040,12952,David
South,Laptop,4319,12953,Bob
South,Laptop,9186,12954,Alice
South,Tablet,8523,12955,David
North,Headphones,9564,12956,Alice
North,Phone,1334,12957,Alice
East,Laptop,3824,12958,David
East,Headphones,1129,12959,Alice
North,Laptop,3486,12960,David
East,Tablet,8721,12961,Bob
North,Headphones,8579,12962,David
West,Headphones,8433,12963,Bob
South,Tablet,4282,12964,Charlie
South,Phone,9498,12965,David
East,Laptop,6985,12966,Charlie
North,Tablet,5906,12967,David
North,Headphones,3968,12968,Alice
East,Tablet,7644,12969,Charlie
North,Headphones,8912,12970,Emma
West,Tablet,5775,12971,Emma
South,Phone,6367,12972,Emma
East,Headphones,7016,12973,Charlie
East,Tablet,5126,12974,Bob
North,Phone,2762,12975,David
East,Phone,2914,12976,Alice
West,Laptop,5740,12977,Alice
North,Headphones,9549,12978,Charlie
North,Laptop,5622,12979,Emma
North,Phone,5493,12980,Alice
North,Laptop,9464,12981,Alice
West,Laptop,2992,12982,Bob
North,Tablet,8711,12983,Alice
East,Laptop,9497,12984,Alice
West,Phone,2675,12985,David
South,Laptop,2905,12986,Alice
South,Headphones,3863,12987,David
East,Tablet,7841,12988,Emma
East,Phone,8400,12989,Bob
West,Laptop,9572,12990,Alice
South,Headphones,2105,12991,Bob
South,Phone,3057,12992,Bob
South,Laptop,9135,12993,Bob
South,Tablet,2542,12994,Charlie
South,Laptop,1278,12995,David
North,Phone,3659,12996,Bob
East,Phone,6895,12997,Emma
North,Phone,2246,12998,Alice
South,Headphones,6474,12999,Bob
West,Laptop,5650,13000,Bob
West,Laptop,920,13001,Alice
South,Laptop,2608,13002,Emma
South,Tablet,5174,13003,Bob
West,Headphones,5845,13004,Bob
North,Headphones,4496,13005,Emma
North,Tablet,6582,13006,Bob
South,Headphones,4410,13007,Emma
North,Tablet,3126,13008,Bob
West,Phone,990,13009,Alice
North,Phone,9987,13010,Emma
South,Headphones,6432,13011,Alice
West,Phone,3871,13012,Alice
North,Phone,4564,13013,Bob
East,Phone,6337,13014,Emma
West,Laptop,5489,13015,Charlie
West,Phone,6471,13016,Alice
East,Laptop,3880,13017,Alice
East,Tablet,6189,13018,Alice
West,Tablet,9103,13019,Bob
East,Tablet,7973,13020,Bob
South,Tablet,2176,13021,Alice
South,Tablet,8290,13022,Bob
South,Phone,5782,13023,Bob
West,Phone,3211,13024,Bob
East,Phone,9931,13025,David
East,Tablet,1102,13026,Emma
North,Tablet,2437,13027,Bob
North,Laptop,8621,13028,David
East,Headphones,8717,13029,David
East,Phone,7312,13030,Bob
East,Headphones,1567,13031,David
West,Tablet,5752,13032,Charlie
East,Tablet,6363,13033,David
North,Tablet,879,13034,Emma
West,Headphones,9976,13035,David
East,Laptop,6002,13036,Bob
North,Tablet,3682,13037,Alice
West,Laptop,4247,13038,Charlie
East,Laptop,5696,13039,David
East,Phone,5632,13040,Charlie
East,Headphones,6540,13041,Emma
West,Tablet,4620,13042,David
North,Laptop,9237,13043,David
North,Headphones,5759,13044,Charlie
South,Headphones,8966,13045,David
East,Tablet,3422,13046,David
South,Phone,3887,13047,Alice
South,Phone,5942,13048,Charlie
North,Laptop,6052,13049,Bob
West,Phone,4513,13050,Bob
West,Phone,5867,13051,Emma
North,Phone,8802,13052,Alice
West,Headphones,7459,13053,Charlie
South,Tablet,6790,13054,Charlie
East,Headphones,1051,13055,Alice
North,Headphones,633,13056,Alice
East,Tablet,7107,13057,Emma
West,Headphones,7099,13058,Bob
East,Laptop,5624,13059,Charlie
West,Laptop,1560,13060,Alice
West,Headphones,7884,13061,Charlie
South,Phone,2686,13062,Bob
West,Headphones,3165,13063,Charlie
South,Phone,3670,13064,Charlie
South,Headphones,3146,13065,Alice
South,Laptop,1095,13066,Alice
North,Phone,4606,13067,Alice
North,Laptop,6317,13068,Bob
West,Headphones,3921,13069,David
South,Tablet,2778,13070,Bob
North,Phone,1664,13071,Alice
South,Phone,1117,13072,Emma
East,Headphones,950,13073,Charlie
East,Headphones,7872,13074,Charlie
East,Phone,2392,13075,Charlie
West,Tablet,6028,13076,Charlie
South,Headphones,2954,13077,Emma
East,Headphones,4308,13078,Alice
North,Headphones,9976,13079,David
East,Tablet,2257,13080,Charlie
East,Phone,722,13081,David
East,Laptop,7453,13082,Bob
West,Headphones,7536,13083,Bob
North,Tablet,9592,13084,Charlie
South,Phone,2865,13085,Alice
North,Phone,2109,13086,Emma
South,Tablet,7721,13087,Charlie
West,Headphones,1723,13088,Bob
West,Laptop,2407,13089,Bob
West,Headphones,6310,13090,David
West,Phone,6948,13091,Emma
South,Laptop,8466,13092,Charlie
East,Headphones,9960,13093,Alice
South,Laptop,5437,13094,David
North,Tablet,6248,13095,Emma
West,Headphones,1731,13096,David
West,Phone,1237,13097,Alice
North,Phone,4936,13098,Bob
South,Laptop,3479,13099,Charlie
East,Tablet,1029,13100,Charlie
East,Headphones,7641,13101,Alice
North,Tablet,4918,13102,Charlie
East,Tablet,9896,13103,Charlie
South,Laptop,2486,13104,David
South,Laptop,846,13105,Alice
North,Headphones,6325,13106,David
South,Phone,1715,13107,Charlie
West,Headphones,8545,13108,Emma
North,Tablet,6298,13109,Emma
South,Laptop,744,13110,David
North,Tablet,7558,13111,Bob
East,Laptop,632,13112,Bob
South,Phone,1870,13113,Alice
West,Tablet,1587,13114,Emma
South,Laptop,4502,13115,Emma
North,Headphones,8810,13116,David
North,Headphones,3403,13117,Charlie
South,Headphones,7322,13118,Alice
West,Tablet,1394,13119,David
West,Laptop,1765,13120,Bob
West,Laptop,6923,13121,Charlie
North,Laptop,862,13122,Alice
South,Tablet,7664,13123,Charlie
East,Laptop,9005,13124,Bob
North,Phone,6132,13125,David
West,Tablet,2206,13126,David
South,Phone,7834,13127,Emma
West,Phone,7413,13128,David
East,Headphones,2893,13129,Emma
West,Tablet,8626,13130,David
West,Laptop,4194,13131,Alice
East,Phone,1489,13132,Bob
South,Tablet,4180,13133,Charlie
North,Laptop,9596,13134,Bob
South,Headphones,6910,13135,Bob
East,Tablet,3897,13136,Emma
West,Tablet,4497,13137,Emma
South,Tablet,1410,13138,Alice
North,Laptop,7086,13139,Charlie
East,Phone,6481,13140,David
South,Phone,2623,13141,David
North,Tablet,2351,13142,Bob
East,Tablet,6956,13143,Alice
North,Laptop,2115,13144,Charlie
East,Headphones,9897,13145,David
West,Tablet,4526,13146,Bob
South,Tablet,7369,13147,Alice
North,Headphones,2946,13148,Charlie
East,Tablet,3812,13149,Bob
North,Phone,8514,13150,Bob
North,Tablet,7357,13151,Alice
South,Phone,5519,13152,Alice
West,Laptop,3716,13153,Alice
North,Laptop,5975,13154,Alice
East,Phone,4169,13155,Charlie
East,Phone,3024,13156,Alice
West,Headphones,7998,13157,Alice
East,Phone,2461,13158,Alice
West,Phone,6803,13159,Charlie
East,Tablet,5125,13160,David
South,Headphones,8792,13161,Bob
North,Phone,3948,13162,Emma
South,Phone,3744,13163,Bob
North,Phone,6547,13164,Charlie
North,Tablet,5174,13165,Alice
North,Tablet,1714,13166,Charlie
South,Tablet,8106,13167,David
North,Laptop,4126,13168,Emma
South,Tablet,9481,13169,David
West,Phone,8375,13170,Alice
East,Tablet,6768,13171,Charlie
East,Tablet,7312,13172,Charlie
North,Headphones,5979,13173,Alice
South,Phone,9194,13174,Alice
East,Tablet,672,13175,Emma
South,Laptop,1386,13176,David
South,Headphones,6763,13177,Alice
North,Tablet,4868,13178,Alice
East,Headphones,7556,13179,David
North,Headphones,5453,13180,Alice
North,Laptop,760,13181,Emma
East,Laptop,3852,13182,Emma
East,Laptop,1852,13183,David
West,Phone,5743,13184,Bob
West,Headphones,3506,13185,Emma
South,Tablet,1322,13186,Charlie
East,Laptop,1031,13187,Charlie
West,Laptop,3320,13188,Bob
South,Headphones,666,13189,Emma
South,Headphones,5426,13190,Alice
South,Headphones,1555,13191,Bob
West,Tablet,1754,13192,Alice
East,Phone,4786,13193,Charlie
North,Phone,8509,13194,Bob
South,Laptop,4507,13195,Emma
West,Phone,8258,13196,Charlie
West,Tablet,9664,13197,Emma
North,Phone,8389,13198,Alice
North,Tablet,5244,13199,Emma
West,Laptop,8797,13200,Bob
East,Headphones,4787,13201,Alice
North,Tablet,1502,13202,Bob
West,Headphones,584,13203,Alice
North,Laptop,3495,13204,Bob
East,Tablet,5656,13205,Charlie
South,Tablet,7694,13206,Bob
North,Phone,6283,13207,Charlie
East,Tablet,6195,13208,David
West,Laptop,653,13209,Emma
North,Headphones,6914,13210,Alice
North,Tablet,7184,13211,Emma
West,Laptop,2519,13212,Charlie
South,Laptop,9789,13213,Charlie
West,Tablet,1070,13214,Charlie
North,Phone,8422,13215,Bob
West,Tablet,8840,13216,Emma
East,Tablet,6653,13217,Charlie
West,Phone,3191,13218,David
North,Laptop,8169,13219,Charlie
West,Tablet,6007,13220,Emma
South,Phone,5369,13221,Charlie
West,Headphones,6349,13222,Charlie
South,Headphones,6467,13223,Alice
East,Phone,4155,13224,Charlie
South,Laptop,7171,13225,Emma
West,Phone,6169,13226,Alice
North,Laptop,2992,13227,Alice
South,Headphones,9798,13228,Charlie
East,Tablet,7012,13229,Charlie
South,Phone,9274,13230,David
South,Headphones,4850,13231,Emma
South,Tablet,7099,13232,Emma
East,Headphones,5156,13233,Bob
West,Phone,9011,13234,Bob
South,Phone,4815,13235,Emma
South,Tablet,5294,13236,Charlie
North,Phone,1937,13237,Alice
East,Headphones,531,13238,David
South,Tablet,1214,13239,Charlie
East,Tablet,8455,13240,Alice
South,Headphones,9731,13241,Emma
West,Laptop,908,13242,Charlie
West,Tablet,7846,13243,David
South,Laptop,8538,13244,Bob
West,Headphones,8240,13245,Alice
South,Headphones,8164,13246,Charlie
West,Tablet,5531,13247,David
North,Phone,1627,13248,Charlie
North,Tablet,5936,13249,Emma
North,Phone,9398,13250,Alice
East,Laptop,1282,13251,Emma
East,Phone,5800,13252,Emma
North,Tablet,2679,13253,Bob
East,Phone,7306,13254,Emma
West,Headphones,1678,13255,David
South,Laptop,2906,13256,Alice
South,Headphones,3307,13257,Bob
South,Headphones,3264,13258,Charlie
North,Headphones,3224,13259,Emma
East,Headphones,3035,13260,Charlie
West,Phone,8904,13261,Bob
West,Headphones,5361,13262,Charlie
North,Phone,6800,13263,David
West,Headphones,8356,13264,Bob
West,Tablet,3646,13265,Alice
West,Headphones,7078,13266,Alice
West,Tablet,1701,13267,Alice
East,Phone,3389,13268,Alice
West,Laptop,1144,13269,Bob
South,Phone,6451,13270,Bob
North,Laptop,4722,13271,Bob
East,Laptop,4820,13272,Emma
West,Headphones,3588,13273,Bob
East,Laptop,9188,13274,Bob
West,Phone,9164,13275,Bob
South,Headphones,3882,13276,Alice
North,Laptop,8425,13277,David
West,Phone,1660,13278,Alice
West,Laptop,4812,13279,David
West,Laptop,8887,13280,David
West,Headphones,2748,13281,David
North,Headphones,4961,13282,Alice
North,Phone,3266,13283,Emma
South,Headphones,2051,13284,Charlie
North,Headphones,2947,13285,Emma
West,Tablet,6144,13286,Alice
South,Tablet,4809,13287,David
South,Phone,7996,13288,Charlie
South,Headphones,8810,13289,Emma
West,Phone,3996,13290,Bob
East,Tablet,2216,13291,Emma
West,Tablet,5437,13292,Alice
North,Tablet,3414,13293,Charlie
North,Phone,2172,13294,Bob
West,Headphones,9894,13295,Charlie
West,Laptop,1955,13296,Charlie
South,Headphones,7045,13297,Emma
West,Phone,7526,13298,David
South,Tablet,4478,13299,Emma
North,Laptop,2971,13300,Bob
South,Phone,8809,13301,Alice
West,Tablet,867,13302,Emma
North,Phone,3676,13303,David
East,Laptop,3874,13304,David
South,Tablet,7273,13305,Emma
North,Headphones,4312,13306,Bob
South,Phone,6791,13307,David
North,Laptop,6485,13308,David
North,Headphones,2697,13309,Bob
South,Laptop,5411,13310,Bob
East,Phone,1400,13311,Bob
North,Laptop,692,13312,Bob
North,Tablet,3270,13313,Emma
North,Laptop,5680,13314,Emma
East,Phone,1450,13315,Charlie
East,Tablet,7179,13316,Charlie
West,Laptop,4106,13317,Charlie
South,Laptop,5538,13318,David
East,Tablet,757,13319,Bob
South,Headphones,1721,13320,Emma
West,Headphones,1150,13321,Emma
South,Tablet,2925,13322,Bob
East,Laptop,9614,13323,Charlie
South,Headphones,3659,13324,David
East,Tablet,897,13325,Emma
South,Phone,5801,13326,Alice
East,Laptop,5902,13327,David
East,Phone,8200,13328,David
South,Laptop,1060,13329,Charlie
West,Headphones,8881,13330,Bob
North,Phone,8896,13331,Alice
West,Phone,5599,13332,Charlie
South,Tablet,3871,13333,Bob
West,Headphones,3541,13334,Alice
East,Headphones,7344,13335,Emma
North,Laptop,5898,13336,Alice
South,Tablet,1212,13337,Charlie
South,Tablet,3956,13338,Alice
South,Laptop,7447,13339,Alice
North,Phone,4906,13340,Alice
East,Laptop,8149,13341,Emma
South,Laptop,4377,13342,Bob
West,Laptop,4022,13343,Alice
South,Tablet,6151,13344,David
South,Laptop,4612,13345,Charlie
South,Laptop,5065,13346,David
South,Laptop,5406,13347,Bob
East,Headphones,5923,13348,Charlie
West,Phone,9246,13349,Bob
East,Phone,5477,13350,Charlie
West,Phone,3178,13351,David
South,Phone,9275,13352,David
North,Tablet,5441,13353,Emma
East,Tablet,7829,13354,Bob
North,Laptop,1341,13355,David
East,Tablet,4538,13356,Charlie
South,Phone,2304,13357,Alice
East,Headphones,9421,13358,Alice
South,Laptop,4849,13359,Alice
East,Laptop,5446,13360,Emma
South,Phone,7618,13361,David
South,Phone,7157,13362,Bob
West,Phone,2072,13363,Bob
South,Tablet,6740,13364,Emma
West,Laptop,5466,13365,Charlie
South,Phone,756,13366,David
North,Headphones,627,13367,David
South,Laptop,7367,13368,Charlie
North,Laptop,8354,13369,Charlie
North,Tablet,2705,13370,David
South,Laptop,9013,13371,David
North,Phone,4879,13372,Alice
West,Phone,8567,13373,Bob
East,Headphones,6777,13374,Alice
South,Laptop,4824,13375,Alice
North,Laptop,8810,13376,Bob
South,Tablet,7581,13377,Emma
West,Phone,2871,13378,Emma
South,Headphones,5516,13379,Emma
South,Phone,6802,13380,Emma
North,Laptop,6882,13381,Charlie
West,Laptop,7039,13382,Alice
East,Headphones,6952,13383,Charlie
East,Laptop,6892,13384,Charlie
North,Headphones,5296,13385,Bob
South,Headphones,2941,13386,Emma
North,Phone,1517,13387,David
North,Headphones,5001,13388,Emma
North,Laptop,3547,13389,Alice
South,Tablet,6294,13390,Charlie
West,Tablet,4750,13391,Alice
North,Laptop,6447,13392,Charlie
South,Tablet,8885,13393,Charlie
West,Tablet,7891,13394,Charlie
North,Headphones,2946,13395,David
East,Tablet,7623,13396,Emma
West,Tablet,1899,13397,Charlie
North,Tablet,6795,13398,Bob
West,Phone,4187,13399,Charlie
West,Laptop,8364,13400,Emma
West,Headphones,6627,13401,Emma
West,Tablet,1052,13402,David
West,Laptop,6043,13403,Charlie
West,Tablet,9421,13404,Bob
North,Phone,3060,13405,David
East,Phone,5608,13406,David
South,Tablet,4766,13407,Charlie
West,Tablet,5445,13408,Charlie
South,Tablet,9485,13409,David
North,Phone,6184,13410,David
West,Phone,8816,13411,David
East,Laptop,8866,13412,Alice
South,Headphones,3051,13413,David
West,Headphones,4348,13414,Emma
North,Phone,3956,13415,Bob
East,Headphones,3258,13416,Bob
South,Tablet,4255,13417,Charlie
South,Laptop,4142,13418,David
West,Phone,8619,13419,Bob
East,Phone,2160,13420,Bob
East,Headphones,8729,13421,Emma
East,Tablet,6086,13422,Emma
East,Laptop,4076,13423,Alice
North,Headphones,6958,13424,Alice
East,Phone,6625,13425,Bob
South,Phone,3423,13426,Charlie
South,Headphones,3208,13427,Bob
North,Tablet,4671,13428,Charlie
South,Laptop,8922,13429,Bob
South,Laptop,3250,13430,Emma
East,Laptop,7976,13431,David
South,Laptop,8431,13432,Bob
North,Tablet,3304,13433,Alice
East,Phone,5944,13434,Charlie
West,Phone,1341,13435,Charlie
East,Laptop,6075,13436,Bob
North,Laptop,8010,13437,Charlie
East,Laptop,6905,13438,Alice
East,Headphones,4034,13439,Emma
North,Headphones,8357,13440,David
East,Phone,1107,13441,David
North,Phone,7894,13442,Charlie
North,Laptop,5118,13443,Bob
West,Headphones,4460,13444,Charlie
South,Tablet,4757,13445,Alice
South,Headphones,6112,13446,Bob
East,Phone,701,13447,Emma
East,Headphones,7059,13448,Alice
West,Phone,5631,13449,Emma
West,Laptop,1864,13450,Bob
West,Tablet,1251,13451,Emma
North,Laptop,8045,13452,Alice
West,Laptop,5844,13453,Alice
West,Tablet,1705,13454,Charlie
East,Tablet,4387,13455,Bob
West,Tablet,1830,13456,David
North,Phone,9122,13457,David
North,Laptop,8019,13458,Emma
East,Phone,5183,13459,David
West,Tablet,2774,13460,David
West,Phone,8023,13461,Alice
North,Tablet,3865,13462,Alice
West,Headphones,1763,13463,Alice
West,Tablet,4736,13464,David
West,Laptop,4799,13465,Emma
South,Laptop,4233,13466,Bob
East,Laptop,2165,13467,Charlie
South,Phone,1360,13468,Emma
East,Laptop,1344,13469,Alice
North,Tablet,636,13470,Emma
West,Headphones,6247,13471,Bob
East,Laptop,6994,13472,Alice
South,Phone,6286,13473,Bob
West,Headphones,9845,13474,Charlie
North,Laptop,9670,13475,Emma
East,Laptop,9260,13476,Charlie
East,Headphones,6700,13477,David
East,Laptop,8825,13478,Emma
West,Phone,2561,13479,David
South,Tablet,4878,13480,Bob
South,Tablet,4230,13481,David
East,Headphones,8818,13482,Bob
North,Tablet,6622,13483,Charlie
North,Laptop,2295,13484,Alice
South,Laptop,4813,13485,Charlie
North,Phone,8687,13486,David
South,Tablet,5340,13487,Bob
East,Headphones,4226,13488,David
South,Laptop,759,13489,Alice
South,Headphones,1741,13490,Emma
East,Laptop,2343,13491,Emma
North,Laptop,6277,13492,Emma
South,Phone,2780,13493,David
South,Tablet,9647,13494,Emma
East,Phone,8296,13495,Bob
North,Tablet,5067,13496,Alice
South,Headphones,9800,13497,Charlie
East,Tablet,9072,13498,Bob
South,Headphones,1755,13499,Alice
West,Laptop,6962,13500,Charlie
East,Headphones,2158,13501,Emma
North,Headphones,3148,13502,Charlie
North,Laptop,3871,13503,David
North,Headphones,3929,13504,David
North,Headphones,5360,13505,Emma
South,Laptop,8120,13506,Emma
South,Laptop,3432,13507,Bob
North,Laptop,5586,13508,Bob
North,Tablet,7149,13509,David
North,Laptop,8619,13510,Alice
South,Laptop,5483,13511,Bob
North,Headphones,3021,13512,Alice
North,Phone,3202,13513,David
West,Phone,518,13514,Bob
West,Tablet,3069,13515,Alice
North,Tablet,1283,13516,Alice
East,Phone,914,13517,Bob
North,Phone,9055,13518,Emma
West,Laptop,1603,13519,Charlie
East,Headphones,5391,13520,Emma
East,Laptop,5809,13521,Charlie
North,Tablet,1671,13522,Alice
West,Phone,9134,13523,Bob
West,Tablet,6908,13524,David
East,Laptop,5245,13525,Bob
North,Tablet,5061,13526,Emma
South,Tablet,8672,13527,Charlie
South,Headphones,7136,13528,Bob
West,Tablet,3089,13529,Charlie
South,Laptop,6222,13530,Emma
West,Headphones,1222,13531,Emma
West,Tablet,1341,13532,Bob
West,Laptop,2847,13533,David
South,Phone,1145,13534,David
West,Headphones,8715,13535,Charlie
East,Tablet,3772,13536,Bob
North,Tablet,506,13537,Alice
North,Headphones,4201,13538,Emma
West,Laptop,9963,13539,Charlie
North,Tablet,6130,13540,Emma
South,Laptop,3056,13541,Charlie
South,Headphones,3454,13542,Bob
North,Tablet,7887,13543,Charlie
South,Phone,7288,13544,Charlie
North,Phone,9753,13545,Alice
North,Phone,5161,13546,Charlie
North,Headphones,4301,13547,David
West,Tablet,6133,13548,Charlie
North,Headphones,7913,13549,Charlie
West,Tablet,1663,13550,Bob
North,Phone,1781,13551,Charlie
North,Phone,8687,13552,Alice
North,Laptop,9900,13553,Bob
South,Headphones,802,13554,Emma
West,Headphones,9447,13555,David
West,Laptop,4759,13556,David
North,Phone,6263,13557,Emma
North,Phone,9918,13558,Charlie
South,Headphones,8680,13559,Alice
South,Tablet,8075,13560,Alice
South,Phone,9925,13561,Alice
West,Laptop,6478,13562,Alice
West,Laptop,9589,13563,Charlie
West,Laptop,6590,13564,Emma
North,Headphones,8654,13565,Emma
West,Headphones,8683,13566,David
East,Headphones,6180,13567,Emma
East,Headphones,7011,13568,Alice
South,Laptop,3862,13569,Charlie
West,Laptop,2512,13570,Bob
East,Headphones,1600,13571,Bob
South,Headphones,9507,13572,Alice
West,Laptop,5604,13573,David
North,Headphones,6115,13574,Bob
East,Headphones,5002,13575,Alice
North,Headphones,8123,13576,Charlie
West,Headphones,5087,13577,Bob
East,Phone,9724,13578,Alice
West,Headphones,6537,13579,Bob
North,Laptop,1655,13580,Charlie
East,Laptop,9792,13581,Emma
North,Laptop,1496,13582,Emma
West,Laptop,5709,13583,Charlie
West,Headphones,3045,13584,Charlie
North,Phone,4200,13585,Emma
East,Tablet,7265,13586,Charlie
North,Tablet,5484,13587,Charlie
West,Tablet,853,13588,Charlie
North,Tablet,2818,13589,Emma
West,Laptop,9430,13590,Emma
North,Headphones,3019,13591,Bob
East,Headphones,5927,13592,Emma
East,Tablet,5103,13593,Bob
North,Tablet,8746,13594,Emma
North,Phone,2584,13595,David
East,Phone,1399,13596,Bob
West,Phone,9215,13597,Charlie
East,Laptop,962,13598,David
West,Headphones,2001,13599,Emma
North,Laptop,1215,13600,Emma
North,Laptop,5830,13601,David
West,Headphones,7674,13602,Alice
North,Phone,4111,13603,Charlie
West,Headphones,9680,13604,Bob
South,Tablet,711,13605,David
East,Phone,7856,13606,Bob
South,Headphones,1253,13607,Emma
West,Laptop,4250,13608,Alice
East,Headphones,3722,13609,Alice
West,Phone,935,13610,Bob
East,Tablet,9927,13611,Emma
East,Laptop,9470,13612,Alice
East,Tablet,5429,13613,Charlie
East,Tablet,2460,13614,Emma
West,Laptop,4772,13615,David
East,Headphones,6313,13616,David
East,Headphones,2224,13617,David
South,Tablet,8877,13618,Charlie
North,Headphones,1994,13619,Emma
North,Phone,2479,13620,Bob
South,Tablet,5928,13621,Bob
South,Tablet,4553,13622,Emma
West,Tablet,8937,13623,Charlie
West,Phone,7660,13624,Emma
West,Tablet,9075,13625,Bob
South,Headphones,7709,13626,Emma
South,Headphones,784,13627,David
East,Headphones,5583,13628,Emma
West,Headphones,4494,13629,Alice
West,Tablet,8991,13630,Emma
West,Phone,1400,13631,Bob
North,Laptop,1959,13632,Bob
East,Headphones,3421,13633,Bob
West,Laptop,3033,13634,David
West,Laptop,7079,13635,Bob
West,Tablet,1305,13636,Alice
North,Headphones,8095,13637,Emma
North,Headphones,2728,13638,Charlie
South,Headphones,2421,13639,Bob
East,Laptop,5472,13640,Emma
South,Headphones,2887,13641,David
East,Headphones,2496,13642,Emma
North,Phone,5325,13643,Bob
West,Tablet,5782,13644,Bob
South,Headphones,3003,13645,Bob
West,Headphones,604,13646,Alice
South,Tablet,7362,13647,Emma
North,Tablet,9130,13648,Charlie
North,Laptop,2021,13649,Alice
North,Laptop,1851,13650,Charlie
South,Laptop,3198,13651,Bob
East,Tablet,4112,13652,Charlie
South,Phone,1008,13653,Charlie
East,Headphones,5810,13654,Alice
South,Tablet,6690,13655,Alice
South,Phone,1774,13656,Emma
North,Tablet,3322,13657,Charlie
West,Phone,563,13658,Alice
West,Tablet,4421,13659,Emma
East,Tablet,1359,13660,Charlie
West,Phone,2047,13661,Charlie
South,Phone,2576,13662,Bob
South,Phone,936,13663,Alice
North,Phone,6585,13664,David
North,Phone,4157,13665,Alice
West,Phone,1262,13666,Bob
East,Phone,1235,13667,Emma
West,Phone,7714,13668,Alice
West,Tablet,8084,13669,Charlie
West,Phone,4594,13670,David
West,Phone,7094,13671,Emma
South,Tablet,5228,13672,Alice
East,Tablet,4229,13673,Emma
South,Laptop,7741,13674,Charlie
East,Laptop,1576,13675,David
North,Phone,2330,13676,Charlie
West,Phone,1173,13677,David
South,Laptop,1048,13678,Emma
East,Laptop,9628,13679,Alice
North,Headphones,1395,13680,David
North,Headphones,3069,13681,Charlie
West,Phone,1413,13682,David
East,Headphones,1676,13683,Emma
South,Laptop,7773,13684,Emma
West,Phone,7196,13685,Emma
South,Tablet,5365,13686,Alice
North,Tablet,4806,13687,Emma
South,Laptop,3773,13688,Alice
South,Headphones,7076,13689,Bob
West,Tablet,2022,13690,David
South,Headphones,6925,13691,Charlie
West,Tablet,7977,13692,Alice
North,Headphones,3302,13693,Alice
West,Tablet,3622,13694,Charlie
West,Tablet,2956,13695,David
East,Phone,2149,13696,Emma
South,Phone,2820,13697,David
North,Laptop,1643,13698,Alice
West,Tablet,8737,13699,Emma
North,Headphones,3814,13700,Bob
East,Tablet,4906,13701,Charlie
South,Headphones,3109,13702,David
West,Headphones,8091,13703,Emma
South,Tablet,3619,13704,Charlie
East,Headphones,1900,13705,David
East,Laptop,8699,13706,Alice
North,Phone,9675,13707,Alice
West,Headphones,4097,13708,Alice
North,Tablet,5989,13709,Bob
East,Phone,4011,13710,Alice
South,Laptop,4328,13711,Alice
North,Headphones,1065,13712,Alice
North,Headphones,8151,13713,Emma
South,Phone,9592,13714,Charlie
North,Headphones,3271,13715,Bob
South,Tablet,7277,13716,David
West,Phone,613,13717,Bob
South,Phone,1031,13718,Charlie
West,Headphones,3910,13719,Alice
South,Laptop,9736,13720,Alice
East,Laptop,6339,13721,David
East,Laptop,8724,13722,Bob
West,Laptop,8824,13723,Bob
West,Phone,2226,13724,David
East,Phone,5570,13725,Bob
West,Headphones,8717,13726,Bob
South,Laptop,3148,13727,Bob
South,Laptop,9953,13728,David
East,Headphones,2565,13729,David
North,Headphones,1433,13730,Charlie
South,Headphones,1550,13731,Bob
West,Tablet,9508,13732,Charlie
North,Headphones,6530,13733,Emma
North,Headphones,7616,13734,Emma
South,Tablet,5543,13735,Bob
South,Laptop,9429,13736,Alice
North,Phone,6967,13737,Emma
North,Laptop,4102,13738,Alice
East,Phone,7378,13739,Charlie
West,Phone,1292,13740,Bob
East,Headphones,6463,13741,Charlie
South,Headphones,1885,13742,Charlie
East,Tablet,1560,13743,David
East,Laptop,8423,13744,Bob
East,Laptop,4638,13745,David
East,Phone,1649,13746,Charlie
West,Headphones,8193,13747,Alice
West,Headphones,7992,13748,Bob
North,Laptop,6827,13749,Bob
South,Tablet,3853,13750,Emma
East,Headphones,6469,13751,Alice
North,Tablet,5128,13752,Alice
North,Laptop,3948,13753,Charlie
North,Laptop,5827,13754,Charlie
West,Tablet,5549,13755,Charlie
East,Headphones,568,13756,Emma
East,Laptop,4008,13757,Alice
South,Phone,800,13758,David
East,Laptop,7297,13759,Alice
East,Headphones,3100,13760,David
North,Phone,2653,13761,Bob
South,Laptop,5405,13762,David
East,Headphones,4518,13763,Bob
West,Headphones,3582,13764,Charlie
East,Laptop,7574,13765,Alice
North,Headphones,1739,13766,Charlie
West,Tablet,959,13767,Alice
North,Phone,8482,13768,David
East,Tablet,3126,13769,Alice
West,Laptop,4263,13770,David
South,Tablet,7520,13771,Alice
South,Laptop,3301,13772,Bob
West,Laptop,963,13773,David
West,Headphones,1497,13774,Charlie
North,Headphones,6141,13775,Charlie
West,Laptop,6884,13776,Charlie
North,Phone,2178,13777,Charlie
East,Phone,1364,13778,Bob
North,Phone,9882,13779,Bob
West,Tablet,8236,13780,Emma
West,Laptop,3197,13781,Emma
East,Headphones,9556,13782,Emma
West,Tablet,3426,13783,Emma
West,Tablet,8042,13784,Alice
South,Headphones,4929,13785,David
South,Laptop,7910,13786,Charlie
East,Tablet,7718,13787,Alice
North,Laptop,7525,13788,Bob
South,Laptop,2897,13789,Charlie
North,Laptop,2721,13790,David
West,Headphones,6314,13791,David
South,Laptop,7004,13792,Bob
East,Tablet,8022,13793,Charlie
East,Headphones,6285,13794,Emma
East,Headphones,6719,13795,Charlie
South,Tablet,4498,13796,Charlie
North,Headphones,3303,13797,David
West,Tablet,5047,13798,Bob
North,Phone,7010,13799,Charlie
North,Tablet,9517,13800,Alice
West,Headphones,4161,13801,Alice
West,Tablet,551,13802,Bob
South,Phone,6558,13803,Emma
South,Laptop,4015,13804,Charlie
South,Laptop,3830,13805,Charlie
South,Laptop,7991,13806,David
South,Headphones,2174,13807,Charlie
West,Phone,6528,13808,Emma
North,Tablet,1861,13809,Charlie
South,Tablet,9478,13810,Charlie
South,Tablet,1055,13811,David
North,Tablet,8292,13812,Alice
South,Headphones,2612,13813,Alice
North,Headphones,2710,13814,Emma
North,Phone,2201,13815,Bob
West,Tablet,3212,13816,Bob
East,Laptop,6963,13817,David
West,Headphones,2816,13818,Charlie
East,Phone,6969,13819,David
East,Phone,2110,13820,Alice
East,Headphones,4852,13821,Emma
South,Laptop,6843,13822,Bob
West,Laptop,5205,13823,Charlie
East,Tablet,9819,13824,Bob
North,Headphones,5991,13825,Alice
South,Laptop,9596,13826,Charlie
West,Headphones,8855,13827,Alice
East,Phone,9828,13828,Bob
North,Phone,5210,13829,Bob
West,Phone,2525,13830,Alice
West,Headphones,605,13831,Charlie
South,Tablet,4959,13832,Alice
West,Tablet,3592,13833,Charlie
South,Laptop,9844,13834,David
East,Headphones,1198,13835,David
South,Tablet,9438,13836,Charlie
North,Headphones,6571,13837,Alice
South,Tablet,6239,13838,Charlie
North,Phone,9652,13839,Bob
South,Phone,3991,13840,Alice
West,Laptop,3797,13841,Charlie
East,Phone,3477,13842,Bob
North,Tablet,708,13843,Emma
South,Laptop,3816,13844,Bob
South,Laptop,5907,13845,Charlie
South,Phone,7733,13846,Alice
West,Headphones,2391,13847,Alice
West,Phone,9868,13848,David
North,Phone,4006,13849,Charlie
North,Laptop,2539,13850,Bob
West,Phone,3789,13851,Bob
North,Tablet,7145,13852,Charlie
East,Laptop,5261,13853,Bob
East,Phone,2117,13854,Emma
West,Headphones,8686,13855,David
North,Tablet,934,13856,Alice
South,Headphones,2146,13857,Bob
East,Tablet,7167,13858,Emma
West,Headphones,5758,13859,Charlie
North,Phone,7690,13860,Bob
West,Tablet,1940,13861,Charlie
South,Laptop,6595,13862,Emma
East,Laptop,7375,13863,Emma
West,Headphones,4943,13864,Alice
West,Headphones,5360,13865,Charlie
West,Headphones,9625,13866,David
South,Tablet,9838,13867,Alice
West,Laptop,8213,13868,Charlie
South,Phone,880,13869,Charlie
South,Tablet,9516,13870,Emma
South,Headphones,7673,13871,Emma
East,Laptop,2137,13872,Charlie
East,Headphones,8043,13873,Emma
West,Phone,1024,13874,Charlie
West,Phone,3607,13875,Charlie
East,Laptop,8642,13876,Alice
North,Tablet,1593,13877,Alice
East,Phone,604,13878,David
South,Phone,2239,13879,Alice
East,Phone,3626,13880,Bob
South,Phone,2176,13881,Bob
West,Headphones,8404,13882,Emma
North,Headphones,8527,13883,Bob
West,Tablet,5416,13884,Alice
South,Laptop,3434,13885,David
South,Laptop,5656,13886,Charlie
South,Laptop,1542,13887,David
North,Phone,2345,13888,Alice
East,Headphones,4001,13889,Alice
West,Headphones,2041,13890,Alice
West,Tablet,966,13891,Emma
East,Laptop,3444,13892,Bob
West,Headphones,4794,13893,Alice
North,Tablet,2091,13894,Charlie
West,Laptop,4572,13895,Bob
South,Phone,4072,13896,Bob
East,Headphones,9885,13897,Emma
North,Headphones,6478,13898,David
East,Laptop,793,13899,Bob
North,Phone,9613,13900,Bob
South,Phone,6358,13901,Alice
East,Headphones,1838,13902,Charlie
West,Laptop,5709,13903,Alice
North,Tablet,3975,13904,Charlie
East,Headphones,2998,13905,Bob
West,Phone,9599,13906,Charlie
East,Tablet,6228,13907,Alice
East,Laptop,7817,13908,Alice
East,Phone,2993,13909,David
North,Tablet,3588,13910,Emma
West,Headphones,6781,13911,David
South,Phone,7295,13912,Bob
North,Laptop,6127,13913,Charlie
North,Phone,4490,13914,Alice
North,Headphones,4251,13915,Alice
South,Laptop,7741,13916,Alice
West,Headphones,2597,13917,Alice
West,Tablet,3674,13918,Bob
West,Phone,887,13919,Emma
East,Headphones,798,13920,David
East,Tablet,4934,13921,David
East,Laptop,4561,13922,Alice
South,Laptop,973,13923,Alice
East,Tablet,5557,13924,Charlie
South,Tablet,5789,13925,Alice
West,Laptop,4608,13926,David
East,Headphones,9140,13927,Charlie
East,Tablet,2721,13928,Charlie
North,Headphones,5751,13929,Alice
South,Laptop,4111,13930,Charlie
West,Headphones,3142,13931,Emma
North,Headphones,2420,13932,Alice
North,Tablet,7575,13933,Emma
West,Headphones,6494,13934,Alice
North,Headphones,2816,13935,Emma
South,Headphones,1774,13936,Alice
South,Laptop,5483,13937,David
East,Laptop,8334,13938,Alice
North,Phone,4118,13939,David
East,Laptop,759,13940,Bob
North,Laptop,3706,13941,Bob
South,Phone,5678,13942,Alice
South,Phone,5858,13943,David
South,Tablet,5007,13944,David
North,Tablet,6958,13945,Charlie
South,Laptop,8041,13946,Charlie
North,Headphones,4008,13947,Emma
East,Tablet,7805,13948,Charlie
North,Tablet,5494,13949,Alice
East,Laptop,8923,13950,Charlie
North,Headphones,7254,13951,Charlie
East,Phone,9421,13952,Alice
South,Phone,6016,13953,Alice
East,Laptop,6368,13954,Emma
South,Laptop,6299,13955,David
South,Headphones,3429,13956,Charlie
East,Laptop,9009,13957,Bob
North,Laptop,2030,13958,David
North,Laptop,8413,13959,Alice
West,Headphones,9802,13960,Charlie
North,Laptop,1215,13961,Emma
West,Tablet,8027,13962,Bob
North,Headphones,3812,13963,David
North,Tablet,7723,13964,Charlie
South,Headphones,5692,13965,Alice
West,Tablet,7527,13966,David
North,Headphones,701,13967,Bob
West,Phone,2640,13968,Alice
South,Laptop,9748,13969,Bob
South,Laptop,4171,13970,Charlie
West,Headphones,9110,13971,David
South,Tablet,7870,13972,Emma
East,Phone,3098,13973,Charlie
East,Tablet,9317,13974,Charlie
South,Laptop,2444,13975,Emma
East,Laptop,3429,13976,Emma
North,Tablet,3883,13977,Alice
West,Headphones,4040,13978,Bob
North,Headphones,893,13979,Charlie
West,Tablet,7510,13980,Alice
South,Laptop,7277,13981,Alice
North,Tablet,9323,13982,Charlie
South,Laptop,821,13983,Bob
South,Tablet,5169,13984,Emma
West,Headphones,2193,13985,Charlie
West,Phone,1563,13986,Bob
West,Laptop,8421,13987,Emma
North,Phone,3611,13988,David
East,Headphones,3761,13989,Charlie
West,Tablet,3586,13990,Charlie
West,Headphones,4311,13991,Bob
North,Phone,3851,13992,Alice
West,Headphones,7580,13993,Alice
North,Headphones,9650,13994,Bob
South,Tablet,4643,13995,Charlie
West,Phone,6832,13996,Charlie
West,Phone,6947,13997,Charlie
South,Phone,8363,13998,David
South,Laptop,3676,13999,Alice
South,Headphones,2916,14000,David
West,Phone,8168,14001,Charlie
East,Headphones,9151,14002,Alice
East,Tablet,2811,14003,Charlie
East,Tablet,1729,14004,Charlie
West,Laptop,2030,14005,Bob
South,Laptop,3297,14006,Alice
West,Tablet,1863,14007,Charlie
South,Phone,5002,14008,Emma
West,Tablet,952,14009,Emma
West,Headphones,4404,14010,Charlie
South,Laptop,6496,14011,Bob
East,Laptop,1077,14012,Charlie
South,Tablet,4419,14013,Emma
North,Phone,7817,14014,Alice
North,Phone,3764,14015,Bob
South,Headphones,2431,14016,Charlie
West,Laptop,4742,14017,Emma
North,Tablet,8681,14018,Alice
North,Tablet,682,14019,Emma
West,Laptop,8927,14020,Bob
West,Tablet,1137,14021,David
East,Laptop,3505,14022,Charlie
West,Phone,3972,14023,Alice
South,Phone,1024,14024,Bob
South,Tablet,6159,14025,Bob
East,Phone,2870,14026,David
North,Phone,9976,14027,David
North,Headphones,2135,14028,Charlie
West,Laptop,4932,14029,Charlie
South,Laptop,7967,14030,Bob
North,Tablet,4714,14031,Charlie
East,Laptop,1079,14032,Charlie
East,Headphones,8350,14033,David
South,Tablet,4441,14034,Bob
East,Tablet,8887,14035,Emma
East,Laptop,9024,14036,Emma
South,Phone,3591,14037,Alice
West,Phone,5218,14038,David
West,Phone,9349,14039,Alice
East,Phone,9395,14040,Bob
West,Headphones,6052,14041,Emma
West,Tablet,5478,14042,Emma
East,Phone,1752,14043,Emma
West,Headphones,9215,14044,Alice
East,Tablet,2922,14045,Charlie
North,Laptop,8727,14046,Alice
South,Laptop,9467,14047,Emma
South,Headphones,527,14048,David
West,Tablet,8039,14049,David
West,Phone,585,14050,Alice
West,Tablet,7409,14051,Alice
South,Phone,4781,14052,Bob
North,Headphones,5153,14053,Alice
North,Phone,8533,14054,Alice
South,Headphones,8164,14055,Emma
North,Tablet,5566,14056,Charlie
South,Tablet,756,14057,Emma
North,Phone,1947,14058,Charlie
East,Tablet,6200,14059,Emma
East,Phone,5099,14060,Emma
South,Tablet,3843,14061,Bob
North,Laptop,1193,14062,Charlie
West,Phone,9174,14063,Emma
North,Headphones,4165,14064,Emma
East,Laptop,3174,14065,Charlie
East,Headphones,850,14066,Bob
North,Tablet,9340,14067,Charlie
North,Laptop,7544,14068,Bob
West,Tablet,8919,14069,Bob
West,Phone,2563,14070,David
North,Headphones,6429,14071,Bob
North,Tablet,9116,14072,David
North,Headphones,7913,14073,Alice
North,Headphones,2321,14074,Bob
South,Tablet,5389,14075,Charlie
North,Phone,2085,14076,David
West,Headphones,5159,14077,Alice
East,Tablet,2780,14078,Alice
South,Phone,4249,14079,Bob
North,Tablet,3038,14080,Charlie
East,Phone,9708,14081,Bob
South,Headphones,943,14082,Emma
East,Laptop,2567,14083,Alice
North,Tablet,8802,14084,Emma
North,Headphones,3034,14085,Emma
West,Tablet,588,14086,David
North,Tablet,3890,14087,Emma
North,Phone,5737,14088,Alice
South,Tablet,7077,14089,Alice
West,Phone,2441,14090,Charlie
South,Headphones,3810,14091,Bob
East,Tablet,8763,14092,Charlie
North,Headphones,1321,14093,Charlie
East,Laptop,8572,14094,Bob
South,Headphones,1315,14095,Alice
North,Tablet,9095,14096,David
North,Laptop,2198,14097,Emma
South,Phone,7862,14098,David
South,Laptop,6191,14099,Emma
South,Tablet,6229,14100,Bob
South,Tablet,2453,14101,Bob
South,Headphones,5463,14102,Charlie
North,Phone,6486,14103,Bob
South,Tablet,8252,14104,Emma
North,Tablet,5491,14105,David
North,Phone,4301,14106,David
South,Phone,8947,14107,David
South,Headphones,2431,14108,David
West,Laptop,1611,14109,Charlie
North,Phone,1372,14110,David
South,Tablet,8454,14111,Emma
South,Phone,5087,14112,Charlie
South,Tablet,6979,14113,Charlie
West,Headphones,2061,14114,Charlie
West,Laptop,6026,14115,Bob
East,Headphones,4957,14116,Charlie
North,Phone,6060,14117,Emma
East,Tablet,8381,14118,David
South,Phone,9585,14119,Bob
West,Phone,8215,14120,David
West,Phone,3184,14121,Alice
East,Phone,9938,14122,Bob
West,Laptop,1246,14123,Emma
South,Tablet,5743,14124,Bob
West,Phone,7326,14125,Charlie
East,Tablet,4585,14126,Bob
South,Laptop,6617,14127,Charlie
East,Tablet,1506,14128,David
West,Tablet,8629,14129,Bob
East,Laptop,4810,14130,Bob
East,Phone,9582,14131,Emma
North,Tablet,3376,14132,Alice
West,Headphones,2526,14133,Bob
West,Tablet,6056,14134,David
East,Phone,4607,14135,Charlie
North,Headphones,5741,14136,David
West,Phone,6169,14137,Emma
South,Tablet,5899,14138,Bob
East,Laptop,9433,14139,Alice
West,Phone,3508,14140,Alice
South,Phone,7995,14141,Bob
West,Laptop,4162,14142,Alice
South,Tablet,5920,14143,David
East,Phone,3411,14144,Charlie
West,Tablet,7397,14145,Bob
West,Tablet,5985,14146,Charlie
North,Tablet,6338,14147,Alice
East,Laptop,1273,14148,Emma
South,Tablet,2644,14149,Charlie
West,Tablet,9684,14150,Emma
West,Headphones,6480,14151,David
South,Headphones,6897,14152,Emma
East,Headphones,8641,14153,Charlie
North,Phone,3737,14154,Charlie
North,Phone,8695,14155,Bob
West,Headphones,6082,14156,Emma
South,Laptop,6788,14157,David
West,Laptop,8856,14158,Bob
South,Headphones,2397,14159,Bob
North,Phone,5933,14160,David
East,Phone,3067,14161,Bob
South,Laptop,8630,14162,David
North,Tablet,6217,14163,Alice
West,Laptop,7252,14164,Bob
South,Tablet,3059,14165,Charlie
East,Phone,5137,14166,Alice
West,Phone,1112,14167,Bob
West,Headphones,8246,14168,David
North,Phone,2384,14169,Alice
South,Tablet,4524,14170,Alice
West,Laptop,3634,14171,Charlie
East,Headphones,9747,14172,Bob
South,Tablet,2122,14173,Bob
East,Laptop,3782,14174,David
West,Laptop,3110,14175,Alice
East,Laptop,3569,14176,Charlie
North,Phone,6986,14177,David
East,Laptop,1755,14178,David
South,Phone,3160,14179,Charlie
East,Laptop,9734,14180,Bob
East,Laptop,4952,14181,Charlie
North,Phone,7602,14182,Bob
East,Phone,4676,14183,Emma
East,Tablet,4186,14184,Alice
West,Laptop,5737,14185,Charlie
West,Phone,8161,14186,David
South,Tablet,1290,14187,Bob
West,Tablet,8916,14188,Alice
West,Phone,3534,14189,Alice
West,Laptop,725,14190,Charlie
West,Tablet,5848,14191,David
North,Laptop,6966,14192,Charlie
West,Laptop,3679,14193,David
North,Tablet,9503,14194,Emma
North,Phone,4723,14195,Charlie
West,Laptop,8020,14196,Bob
East,Headphones,4566,14197,Charlie
North,Phone,4862,14198,Charlie
East,Tablet,5523,14199,Emma
East,Headphones,4809,14200,Emma
West,Laptop,746,14201,Charlie
South,Phone,6237,14202,David
West,Headphones,2118,14203,Emma
South,Phone,9112,14204,Emma
South,Laptop,5660,14205,David
West,Phone,1871,14206,Alice
West,Headphones,8228,14207,Emma
South,Phone,4738,14208,Emma
West,Tablet,3112,14209,David
South,Tablet,2580,14210,David
East,Headphones,6419,14211,Charlie
West,Phone,4824,14212,Charlie
East,Headphones,8297,14213,Alice
North,Phone,3235,14214,Alice
East,Laptop,6583,14215,Alice
East,Tablet,7852,14216,Bob
South,Laptop,9521,14217,David
East,Phone,3558,14218,Emma
West,Laptop,9541,14219,David
South,Headphones,5834,14220,David
North,Headphones,1653,14221,Alice
West,Phone,5440,14222,David
North,Tablet,3579,14223,Bob
East,Headphones,902,14224,Emma
West,Tablet,3475,14225,Alice
West,Phone,8036,14226,Charlie
North,Tablet,6419,14227,Emma
West,Phone,7260,14228,Charlie
West,Laptop,1480,14229,Charlie
West,Phone,7180,14230,David
East,Laptop,2884,14231,Emma
North,Phone,9490,14232,Bob
West,Headphones,1866,14233,David
South,Headphones,3438,14234,Charlie
South,Tablet,1762,14235,Emma
South,Phone,8159,14236,David
South,Phone,6687,14237,Emma
East,Phone,8995,14238,Alice
West,Tablet,2816,14239,Bob
North,Headphones,8409,14240,Bob
West,Phone,1421,14241,Bob
East,Tablet,7614,14242,Charlie
South,Phone,7074,14243,Charlie
East,Laptop,9112,14244,Bob
West,Phone,6029,14245,Emma
North,Laptop,4309,14246,Alice
East,Tablet,1666,14247,Charlie
North,Tablet,9231,14248,David
East,Headphones,6768,14249,David
North,Phone,5831,14250,Charlie
North,Tablet,5529,14251,Bob
South,Headphones,1960,14252,Emma
North,Phone,5187,14253,Alice
South,Tablet,5857,14254,David
West,Laptop,5239,14255,Charlie
West,Tablet,827,14256,Emma
South,Laptop,5738,14257,Bob
South,Headphones,9043,14258,Alice
East,Headphones,5632,14259,Alice
East,Phone,5232,14260,David
East,Phone,4408,14261,David
West,Phone,5791,14262,Charlie
East,Headphones,8925,14263,Alice
North,Laptop,3622,14264,Bob
North,Phone,5376,14265,Bob
East,Phone,3228,14266,Charlie
North,Headphones,9624,14267,Alice
West,Laptop,8495,14268,David
North,Tablet,2323,14269,Bob
West,Phone,4000,14270,Emma
South,Tablet,4573,14271,Charlie
South,Tablet,9552,14272,Bob
South,Phone,1730,14273,Emma
South,Headphones,4895,14274,Emma
North,Phone,6551,14275,Bob
East,Laptop,1976,14276,Charlie
North,Laptop,2523,14277,Emma
West,Phone,3096,14278,Emma
North,Tablet,8340,14279,Alice
North,Laptop,7621,14280,Alice
West,Laptop,2930,14281,Alice
South,Phone,8454,14282,Emma
South,Phone,7443,14283,Emma
South,Headphones,1033,14284,Charlie
East,Phone,1756,14285,David
West,Phone,2157,14286,Alice
West,Laptop,9844,14287,David
North,Laptop,2252,14288,Alice
East,Laptop,7213,14289,Alice
South,Tablet,3478,14290,Charlie
East,Laptop,4832,14291,Charlie
West,Laptop,4153,14292,Bob
West,Phone,3513,14293,Alice
North,Headphones,9392,14294,Alice
North,Laptop,8152,14295,Alice
West,Headphones,7600,14296,Charlie
South,Laptop,5366,14297,Alice
South,Laptop,2264,14298,Bob
East,Headphones,1622,14299,Emma
West,Phone,4330,14300,Bob
West,Laptop,7200,14301,Emma
South,Headphones,3458,14302,Charlie
South,Laptop,2040,14303,David
West,Tablet,9214,14304,Charlie
North,Tablet,5967,14305,David
West,Tablet,7553,14306,Emma
West,Tablet,6170,14307,David
South,Phone,2238,14308,Emma
South,Tablet,4689,14309,David
North,Headphones,3033,14310,Emma
North,Laptop,5769,14311,David
East,Headphones,9190,14312,Emma
West,Tablet,2918,14313,Bob
South,Phone,5576,14314,Alice
North,Tablet,984,14315,Bob
East,Tablet,1164,14316,Charlie
East,Phone,3954,14317,David
South,Phone,1127,14318,Emma
South,Phone,9423,14319,Bob
East,Phone,4787,14320,Bob
North,Phone,9936,14321,Emma
East,Phone,5666,14322,David
West,Laptop,4374,14323,Charlie
West,Tablet,9831,14324,Charlie
South,Tablet,5040,14325,Charlie
North,Phone,7976,14326,Emma
North,Headphones,1207,14327,Bob
West,Phone,9124,14328,Charlie
East,Laptop,9164,14329,Bob
South,Headphones,547,14330,Charlie
East,Laptop,2414,14331,Charlie
East,Headphones,1605,14332,David
East,Headphones,3680,14333,Emma
North,Phone,9049,14334,David
West,Laptop,1067,14335,Bob
North,Headphones,9171,14336,Bob
West,Laptop,1366,14337,Emma
South,Phone,1528,14338,Charlie
South,Phone,2313,14339,Emma
East,Phone,4228,14340,Charlie
West,Phone,6013,14341,Alice
West,Tablet,4026,14342,Alice
West,Headphones,5303,14343,Emma
East,Tablet,7069,14344,Alice
East,Phone,1550,14345,Alice
South,Headphones,8818,14346,Bob
North,Headphones,6778,14347,Charlie
West,Laptop,2152,14348,Alice
West,Phone,8699,14349,David
North,Tablet,5208,14350,Bob
West,Laptop,9976,14351,Charlie
East,Headphones,5818,14352,Bob
East,Tablet,6359,14353,David
West,Phone,7115,14354,Charlie
East,Tablet,8870,14355,Emma
East,Tablet,7093,14356,Emma
West,Tablet,4095,14357,Bob
South,Laptop,5410,14358,Emma
North,Headphones,3754,14359,Charlie
East,Tablet,4953,14360,David
South,Headphones,2923,14361,David
East,Laptop,8608,14362,Emma
East,Phone,5297,14363,Alice
North,Phone,7481,14364,Alice
East,Tablet,8437,14365,Alice
North,Laptop,7181,14366,Emma
North,Phone,5377,14367,Emma
North,Laptop,4677,14368,Emma
South,Laptop,3929,14369,Charlie
West,Tablet,684,14370,Alice
South,Tablet,3633,14371,Bob
West,Laptop,5478,14372,Charlie
West,Laptop,9198,14373,Charlie
North,Tablet,6637,14374,Emma
East,Laptop,2432,14375,Emma
North,Tablet,6674,14376,Charlie
East,Headphones,5912,14377,Emma
West,Laptop,1696,14378,Alice
North,Tablet,5747,14379,Charlie
East,Laptop,4681,14380,Charlie
South,Tablet,1838,14381,Charlie
East,Laptop,6671,14382,Emma
North,Phone,3120,14383,Charlie
South,Phone,7046,14384,Bob
East,Laptop,9374,14385,Bob
East,Phone,6431,14386,Alice
East,Laptop,2229,14387,Charlie
East,Laptop,518,14388,Charlie
East,Headphones,6471,14389,Emma
South,Headphones,964,14390,David
West,Phone,9382,14391,David
South,Headphones,9702,14392,Charlie
South,Headphones,5810,14393,Alice
South,Laptop,8579,14394,Bob
West,Tablet,4520,14395,Charlie
North,Laptop,662,14396,Charlie
West,Headphones,794,14397,Alice
South,Laptop,9270,14398,Alice
East,Phone,7740,14399,David
East,Tablet,7344,14400,Charlie
South,Headphones,2085,14401,Charlie
East,Headphones,3880,14402,Emma
South,Laptop,5927,14403,Bob
East,Laptop,7312,14404,Emma
West,Laptop,694,14405,Emma
North,Laptop,9533,14406,Bob
North,Headphones,6843,14407,Charlie
West,Laptop,3431,14408,David
West,Headphones,7541,14409,Bob
South,Laptop,6199,14410,Alice
South,Tablet,9137,14411,Charlie
South,Tablet,8771,14412,Bob
East,Laptop,5340,14413,Bob
South,Laptop,8136,14414,Bob
West,Phone,2360,14415,David
North,Tablet,6061,14416,Emma
East,Headphones,1430,14417,Emma
South,Tablet,2434,14418,Bob
East,Headphones,4867,14419,Bob
East,Laptop,2671,14420,Emma
South,Tablet,3794,14421,David
East,Tablet,5247,14422,Charlie
North,Phone,4892,14423,Emma
West,Phone,5738,14424,Bob
West,Tablet,3334,14425,David
North,Tablet,7616,14426,David
East,Tablet,3428,14427,Bob
South,Headphones,7925,14428,Alice
East,Laptop,6250,14429,David
North,Phone,6994,14430,Emma
East,Laptop,2172,14431,Alice
West,Phone,8690,14432,Charlie
East,Phone,7944,14433,Emma
North,Phone,4850,14434,Bob
West,Tablet,1787,14435,Alice
East,Phone,7110,14436,Emma
East,Laptop,9750,14437,David
West,Phone,9293,14438,Bob
South,Laptop,7383,14439,Alice
West,Phone,5687,14440,David
South,Phone,630,14441,Bob
North,Tablet,8544,14442,Bob
North,Laptop,8802,14443,Alice
West,Phone,3234,14444,Alice
West,Phone,9522,14445,Alice
North,Laptop,9357,14446,Emma
South,Phone,1566,14447,Bob
North,Headphones,5470,14448,Charlie
West,Tablet,4288,14449,David
North,Laptop,1817,14450,Alice
West,Tablet,784,14451,Bob
West,Headphones,7466,14452,David
North,Headphones,8294,14453,Charlie
South,Headphones,4614,14454,David
East,Laptop,547,14455,Charlie
North,Headphones,6638,14456,Alice
East,Laptop,5361,14457,Emma
North,Laptop,3759,14458,Charlie
East,Phone,8342,14459,Alice
South,Laptop,3915,14460,David
South,Headphones,6950,14461,David
North,Laptop,9259,14462,David
West,Laptop,6664,14463,Emma
East,Tablet,8287,14464,Bob
West,Headphones,4565,14465,Charlie
West,Laptop,581,14466,Bob
West,Phone,3505,14467,David
South,Laptop,8908,14468,Emma
North,Laptop,834,14469,Alice
North,Tablet,9250,14470,Emma
South,Headphones,9565,14471,Bob
South,Headphones,9444,14472,David
North,Phone,9285,14473,Charlie
West,Phone,7568,14474,Emma
East,Phone,4397,14475,Bob
East,Laptop,8458,14476,Bob
East,Laptop,8601,14477,Alice
West,Phone,5148,14478,Charlie
North,Headphones,1282,14479,Bob
South,Headphones,4086,14480,Charlie
North,Phone,4294,14481,David
West,Tablet,9675,14482,Emma
South,Headphones,6097,14483,Bob
West,Headphones,7550,14484,David
East,Phone,5551,14485,Alice
East,Headphones,1242,14486,Charlie
West,Laptop,5044,14487,David
South,Laptop,4855,14488,Charlie
South,Headphones,4108,14489,Charlie
North,Laptop,3771,14490,Bob
East,Tablet,3010,14491,Charlie
North,Headphones,8785,14492,David
North,Phone,6555,14493,Alice
West,Laptop,1875,14494,Bob
West,Tablet,9823,14495,Emma
North,Tablet,3016,14496,Alice
East,Laptop,6738,14497,David
West,Tablet,590,14498,Bob
North,Headphones,1979,14499,Charlie
North,Tablet,1454,14500,Alice
North,Laptop,8714,14501,Bob
North,Tablet,3805,14502,Emma
North,Laptop,2221,14503,Emma
North,Laptop,5952,14504,Emma
West,Tablet,3047,14505,Bob
East,Laptop,5423,14506,Alice
North,Laptop,688,14507,Charlie
South,Phone,959,14508,Alice
West,Headphones,2736,14509,Charlie
West,Laptop,4946,14510,Alice
North,Headphones,1080,14511,Alice
West,Phone,2661,14512,Bob
North,Phone,5215,14513,Emma
East,Phone,6397,14514,Emma
East,Phone,3402,14515,Emma
West,Headphones,9164,14516,Emma
West,Tablet,1358,14517,Alice
South,Tablet,2940,14518,Emma
West,Headphones,2212,14519,Alice
South,Laptop,1015,14520,Charlie
East,Headphones,7855,14521,David
East,Laptop,1875,14522,David
North,Laptop,7184,14523,Charlie
East,Tablet,4169,14524,Alice
South,Phone,2890,14525,Emma
West,Tablet,3762,14526,Bob
North,Tablet,5138,14527,Alice
South,Headphones,3366,14528,Alice
West,Headphones,8348,14529,Charlie
North,Laptop,9751,14530,Charlie
East,Headphones,9448,14531,Bob
South,Laptop,3995,14532,Emma
West,Laptop,6994,14533,David
North,Phone,687,14534,Emma
North,Phone,5078,14535,Emma
East,Tablet,8593,14536,Alice
West,Phone,3214,14537,Bob
East,Laptop,7908,14538,Alice
East,Headphones,795,14539,Charlie
West,Phone,4033,14540,David
West,Phone,4640,14541,Bob
West,Phone,4542,14542,Bob
South,Phone,4770,14543,Emma
West,Laptop,3551,14544,Alice
North,Laptop,5965,14545,Emma
East,Tablet,8233,14546,Emma
South,Headphones,6505,14547,Bob
West,Tablet,6370,14548,David
South,Tablet,4404,14549,Charlie
West,Phone,2761,14550,Emma
South,Headphones,1920,14551,David
East,Phone,7193,14552,Emma
East,Laptop,8796,14553,David
North,Tablet,978,14554,Alice
North,Headphones,6018,14555,Charlie
West,Laptop,7077,14556,Bob
East,Tablet,7285,14557,Alice
South,Headphones,9384,14558,Emma
South,Tablet,3538,14559,Emma
South,Headphones,693,14560,Charlie
North,Tablet,558,14561,Charlie
South,Phone,2386,14562,Charlie
North,Tablet,5073,14563,Emma
North,Tablet,5722,14564,Emma
West,Headphones,3080,14565,Bob
South,Headphones,5144,14566,Charlie
South,Phone,8123,14567,David
East,Headphones,720,14568,Bob
West,Tablet,1375,14569,David
East,Headphones,1696,14570,Alice
West,Headphones,3209,14571,Charlie
South,Headphones,3231,14572,Bob
North,Phone,835,14573,Bob
North,Phone,8916,14574,Alice
North,Laptop,7514,14575,Alice
North,Phone,1747,14576,Alice
North,Phone,8680,14577,Bob
East,Phone,4457,14578,Emma
West,Tablet,7611,14579,David
South,Laptop,5089,14580,David
East,Tablet,2386,14581,Alice
West,Phone,810,14582,Emma
North,Phone,2104,14583,Emma
West,Laptop,6159,14584,Alice
West,Laptop,4482,14585,Charlie
North,Headphones,9060,14586,Bob
North,Phone,4046,14587,Charlie
North,Phone,5341,14588,Emma
South,Tablet,6674,14589,Alice
North,Headphones,5851,14590,Bob
South,Phone,8517,14591,David
North,Tablet,1497,14592,Emma
South,Laptop,996,14593,Bob
West,Tablet,6185,14594,Bob
East,Phone,1463,14595,Charlie
West,Tablet,1698,14596,David
West,Tablet,6410,14597,Charlie
North,Headphones,5984,14598,Charlie
South,Headphones,1076,14599,Charlie
East,Laptop,3660,14600,Charlie
North,Headphones,553,14601,Emma
North,Tablet,728,14602,David
North,Headphones,9470,14603,Charlie
West,Phone,1484,14604,Emma
South,Tablet,9160,14605,Emma
South,Tablet,2967,14606,Bob
East,Tablet,1031,14607,Bob
South,Phone,8528,14608,Alice
South,Tablet,1061,14609,Emma
North,Headphones,589,14610,Alice
North,Phone,6235,14611,Emma
West,Tablet,3645,14612,Charlie
North,Headphones,1792,14613,Charlie
North,Headphones,4610,14614,Alice
North,Laptop,7996,14615,Charlie
North,Headphones,8059,14616,Charlie
West,Headphones,4281,14617,Bob
North,Laptop,4567,14618,Charlie
East,Laptop,4005,14619,Bob
East,Phone,2891,14620,David
East,Headphones,1718,14621,Emma
East,Phone,5655,14622,Bob
North,Phone,2752,14623,Bob
East,Tablet,4391,14624,Bob
North,Phone,1275,14625,Emma
West,Phone,5729,14626,Emma
East,Phone,8916,14627,Emma
South,Phone,8053,14628,Charlie
East,Laptop,563,14629,Bob
East,Headphones,2287,14630,Emma
North,Tablet,7591,14631,David
East,Laptop,5556,14632,Emma
South,Tablet,8569,14633,Alice
North,Tablet,4415,14634,Alice
North,Laptop,592,14635,Bob
West,Phone,2177,14636,Bob
West,Laptop,6008,14637,Bob
East,Tablet,6230,14638,Charlie
West,Tablet,4364,14639,Alice
West,Phone,5436,14640,Alice
West,Laptop,1901,14641,Bob
North,Headphones,2106,14642,Alice
North,Tablet,1397,14643,Alice
North,Laptop,5087,14644,Charlie
West,Phone,4213,14645,David
North,Phone,3631,14646,Bob
West,Headphones,2032,14647,David
North,Tablet,7035,14648,David
North,Headphones,7786,14649,Charlie
South,Headphones,2298,14650,Alice
East,Headphones,8662,14651,Bob
West,Headphones,1851,14652,Emma
South,Phone,7551,14653,David
North,Tablet,7358,14654,David
West,Headphones,1098,14655,Charlie
North,Tablet,2544,14656,David
East,Phone,758,14657,David
South,Phone,5071,14658,David
East,Laptop,8503,14659,Charlie
South,Laptop,7468,14660,Alice
North,Tablet,6676,14661,David
East,Laptop,7542,14662,Bob
East,Headphones,9079,14663,David
North,Tablet,1297,14664,David
East,Phone,6213,14665,Bob
West,Phone,7811,14666,Charlie
South,Headphones,4520,14667,Emma
South,Laptop,6411,14668,Bob
South,Tablet,4454,14669,Emma
West,Tablet,4812,14670,Alice
South,Headphones,9480,14671,Alice
North,Laptop,6139,14672,David
East,Tablet,6679,14673,David
West,Headphones,7279,14674,Charlie
South,Tablet,2556,14675,Emma
North,Phone,9755,14676,Alice
East,Tablet,7602,14677,Alice
East,Tablet,7144,14678,David
West,Tablet,6285,14679,David
West,Laptop,1947,14680,Charlie
West,Laptop,1014,14681,David
North,Headphones,2413,14682,David
North,Laptop,2451,14683,Charlie
West,Tablet,6070,14684,David
South,Tablet,9465,14685,David
East,Laptop,828,14686,David
East,Laptop,9485,14687,Emma
North,Tablet,9653,14688,Alice
East,Tablet,7013,14689,Bob
South,Phone,6473,14690,Alice
East,Headphones,1910,14691,Emma
North,Laptop,8214,14692,Bob
North,Headphones,1637,14693,Alice
South,Tablet,5166,14694,Charlie
South,Headphones,5657,14695,Emma
East,Laptop,2068,14696,Charlie
East,Laptop,4972,14697,Charlie
North,Headphones,8066,14698,Alice
South,Laptop,3774,14699,Bob
South,Phone,3773,14700,David
South,Tablet,6743,14701,David
East,Tablet,3969,14702,Emma
South,Laptop,6432,14703,Charlie
North,Tablet,7064,14704,Emma
North,Phone,5862,14705,Alice
East,Laptop,5136,14706,Charlie
West,Phone,5846,14707,David
East,Phone,1736,14708,Alice
West,Tablet,4708,14709,Alice
South,Tablet,4968,14710,Emma
East,Headphones,2846,14711,Emma
North,Phone,1542,14712,Bob
South,Tablet,5266,14713,David
North,Phone,4606,14714,David
South,Headphones,8699,14715,Emma
East,Phone,7820,14716,David
West,Laptop,4231,14717,David
South,Headphones,7802,14718,Alice
West,Headphones,5992,14719,Charlie
South,Phone,960,14720,Charlie
North,Phone,2802,14721,Bob
North,Tablet,3133,14722,Charlie
South,Laptop,861,14723,David
West,Headphones,5993,14724,Alice
East,Headphones,7646,14725,Charlie
East,Headphones,1287,14726,David
North,Tablet,708,14727,David
East,Laptop,8958,14728,Emma
North,Headphones,5592,14729,Emma
East,Headphones,1053,14730,Charlie
South,Tablet,8525,14731,Emma
North,Phone,5016,14732,David
North,Headphones,6951,14733,David
South,Laptop,9810,14734,Emma
North,Laptop,2013,14735,Alice
East,Laptop,7925,14736,Emma
East,Laptop,5851,14737,Alice
North,Tablet,7249,14738,Emma
East,Headphones,7505,14739,David
West,Tablet,8912,14740,David
North,Laptop,2844,14741,Emma
South,Laptop,7654,14742,Bob
West,Laptop,2471,14743,Alice
North,Tablet,4938,14744,Bob
South,Laptop,5824,14745,David
East,Headphones,9583,14746,Alice
South,Laptop,6169,14747,Emma
West,Headphones,5661,14748,Alice
East,Headphones,1705,14749,Alice
North,Laptop,9910,14750,Charlie
East,Tablet,2355,14751,Alice
North,Phone,2499,14752,David
North,Phone,2935,14753,Bob
South,Headphones,7280,14754,Bob
South,Tablet,3598,14755,Emma
South,Phone,3886,14756,Charlie
West,Laptop,5940,14757,Bob
West,Laptop,6936,14758,Bob
South,Headphones,2277,14759,Alice
West,Tablet,7903,14760,David
East,Tablet,7358,14761,David
East,Phone,3439,14762,Emma
West,Phone,1338,14763,David
West,Laptop,6225,14764,Bob
East,Headphones,5259,14765,Alice
North,Tablet,5360,14766,David
East,Phone,3638,14767,Charlie
East,Phone,675,14768,Charlie
West,Headphones,5105,14769,Charlie
East,Headphones,3662,14770,David
West,Laptop,3252,14771,Alice
West,Headphones,9881,14772,David
South,Laptop,1337,14773,Bob
East,Laptop,8345,14774,David
North,Headphones,3233,14775,Charlie
South,Headphones,8188,14776,Charlie
West,Headphones,5706,14777,Alice
West,Headphones,3153,14778,Emma
North,Headphones,6640,14779,Charlie
West,Laptop,7719,14780,Charlie
East,Phone,3849,14781,Emma
South,Tablet,3810,14782,David
West,Tablet,5180,14783,Charlie
West,Laptop,2886,14784,Alice
North,Laptop,5691,14785,David
East,Phone,873,14786,David
West,Headphones,5175,14787,Charlie
North,Laptop,1761,14788,David
West,Tablet,8133,14789,David
North,Headphones,8812,14790,Alice
North,Laptop,6032,14791,David
East,Headphones,6342,14792,Charlie
West,Tablet,4345,14793,Charlie
East,Headphones,3384,14794,Emma
North,Laptop,4638,14795,Bob
South,Laptop,6123,14796,Emma
West,Tablet,2619,14797,Alice
South,Phone,8216,14798,Alice
West,Phone,990,14799,Charlie
East,Headphones,3545,14800,Bob
East,Laptop,882,14801,Emma
East,Laptop,1304,14802,Bob
East,Tablet,6085,14803,Charlie
East,Tablet,9869,14804,David
South,Laptop,2717,14805,Charlie
East,Tablet,9987,14806,Charlie
North,Phone,9609,14807,Bob
North,Phone,7777,14808,Alice
South,Headphones,7094,14809,David
West,Tablet,7286,14810,David
North,Headphones,6666,14811,Alice
West,Tablet,2914,14812,Bob
South,Tablet,1150,14813,Bob
West,Phone,8669,14814,Alice
West,Laptop,5415,14815,Emma
West,Tablet,3698,14816,Bob
West,Tablet,1441,14817,Alice
South,Tablet,9232,14818,Emma
North,Laptop,6305,14819,Charlie
East,Headphones,4227,14820,David
West,Headphones,3029,14821,Alice
North,Tablet,1702,14822,Bob
North,Tablet,5464,14823,David
South,Headphones,1150,14824,Emma
North,Headphones,3506,14825,David
South,Phone,3404,14826,Alice
West,Tablet,9005,14827,Charlie
West,Headphones,4614,14828,Emma
East,Phone,9875,14829,Emma
East,Laptop,621,14830,Emma
East,Tablet,7103,14831,David
North,Headphones,8860,14832,Charlie
West,Tablet,4182,14833,Alice
South,Phone,5224,14834,Alice
East,Headphones,4621,14835,David
South,Laptop,7364,14836,Alice
South,Laptop,7894,14837,Alice
East,Phone,2229,14838,Charlie
West,Laptop,6452,14839,David
East,Laptop,5629,14840,David
South,Laptop,1618,14841,Emma
East,Laptop,2668,14842,Alice
South,Laptop,8168,14843,Bob
South,Laptop,1550,14844,Charlie
East,Laptop,9396,14845,Charlie
North,Headphones,7140,14846,Bob
East,Laptop,3399,14847,Emma
North,Headphones,3707,14848,Bob
South,Tablet,9398,14849,Bob
South,Phone,8174,14850,Emma
North,Laptop,4332,14851,Bob
South,Phone,2508,14852,Emma
North,Laptop,5221,14853,Alice
North,Headphones,1566,14854,Emma
South,Laptop,8787,14855,David
West,Tablet,2418,14856,David
North,Phone,9957,14857,Bob
East,Phone,8931,14858,David
East,Tablet,1827,14859,Emma
South,Headphones,6710,14860,Alice
West,Headphones,7948,14861,Emma
South,Tablet,7859,14862,Charlie
West,Phone,1642,14863,Bob
North,Laptop,3723,14864,Alice
North,Headphones,4348,14865,Bob
North,Laptop,1915,14866,Charlie
North,Phone,6874,14867,David
East,Laptop,1260,14868,Charlie
East,Tablet,4142,14869,David
South,Headphones,2052,14870,Bob
West,Headphones,1362,14871,Bob
North,Tablet,9847,14872,Bob
North,Tablet,9048,14873,Emma
West,Headphones,7709,14874,Alice
West,Headphones,1828,14875,Emma
South,Headphones,1529,14876,Charlie
West,Phone,2876,14877,Alice
North,Phone,3741,14878,Bob
North,Phone,3640,14879,Bob
North,Laptop,1381,14880,Bob
North,Phone,9230,14881,David
North,Headphones,4057,14882,Charlie
South,Phone,7563,14883,Emma
North,Headphones,2696,14884,Charlie
South,Tablet,2450,14885,David
North,Laptop,6437,14886,David
East,Laptop,3663,14887,Charlie
East,Tablet,4963,14888,David
East,Headphones,4507,14889,Alice
East,Laptop,5175,14890,Bob
South,Phone,5251,14891,Emma
South,Headphones,6719,14892,David
West,Laptop,8918,14893,Emma
North,Tablet,8030,14894,Bob
East,Headphones,8235,14895,Charlie
South,Laptop,9283,14896,Bob
North,Tablet,2575,14897,Emma
North,Headphones,8272,14898,Alice
South,Phone,2522,14899,Charlie
East,Headphones,2578,14900,David
West,Phone,7894,14901,Alice
North,Headphones,7513,14902,Bob
West,Tablet,3821,14903,Emma
East,Phone,6511,14904,Emma
East,Phone,2936,14905,Emma
West,Headphones,7587,14906,Bob
East,Laptop,3859,14907,Charlie
North,Phone,2230,14908,David
West,Headphones,4162,14909,Alice
East,Tablet,5610,14910,Bob
West,Headphones,7118,14911,Emma
North,Headphones,7399,14912,David
East,Phone,1529,14913,Emma
North,Laptop,911,14914,Bob
East,Tablet,2481,14915,Emma
South,Phone,9353,14916,Bob
East,Phone,3970,14917,Emma
West,Phone,1805,14918,Bob
East,Tablet,5180,14919,Emma
North,Laptop,5095,14920,David
North,Tablet,1315,14921,David
East,Tablet,6112,14922,Emma
West,Laptop,2537,14923,Emma
South,Tablet,5375,14924,Bob
West,Headphones,7586,14925,Bob
South,Tablet,1649,14926,Bob
North,Phone,6908,14927,Charlie
West,Tablet,506,14928,Emma
South,Phone,1936,14929,Emma
East,Tablet,3750,14930,Emma
North,Phone,8163,14931,Emma
East,Phone,1194,14932,Bob
North,Phone,5587,14933,Bob
West,Laptop,3799,14934,Charlie
West,Tablet,5343,14935,Bob
North,Tablet,8237,14936,Emma
North,Headphones,5452,14937,Emma
North,Headphones,5547,14938,Alice
West,Headphones,8342,14939,Bob
South,Tablet,525,14940,Alice
East,Laptop,5047,14941,Emma
East,Phone,2653,14942,Bob
West,Tablet,8519,14943,Emma
East,Laptop,3989,14944,Alice
North,Laptop,9023,14945,Alice
South,Tablet,5661,14946,David
East,Phone,1144,14947,David
South,Laptop,2352,14948,Bob
North,Tablet,8223,14949,Bob
East,Phone,4630,14950,Bob
West,Headphones,4084,14951,Bob
South,Laptop,4309,14952,Bob
North,Laptop,9502,14953,Bob
South,Tablet,1811,14954,Bob
East,Tablet,2394,14955,Alice
East,Phone,6738,14956,Alice
West,Headphones,4800,14957,Alice
North,Headphones,8288,14958,Emma
North,Tablet,7477,14959,Charlie
West,Tablet,6673,14960,Emma
West,Phone,6909,14961,Bob
North,Tablet,2570,14962,Charlie
South,Phone,3156,14963,Alice
South,Phone,4634,14964,Alice
West,Headphones,4768,14965,David
South,Phone,6510,14966,Bob
North,Headphones,3984,14967,Bob
East,Headphones,913,14968,David
East,Headphones,8341,14969,Emma
South,Tablet,9383,14970,David
West,Headphones,6648,14971,Bob
West,Phone,4809,14972,Alice
West,Tablet,6291,14973,David
West,Phone,1419,14974,Charlie
West,Tablet,1406,14975,Alice
South,Phone,3710,14976,Emma
East,Laptop,3219,14977,Alice
East,Laptop,5395,14978,Emma
South,Laptop,1292,14979,Alice
West,Phone,9267,14980,Bob
South,Tablet,6043,14981,Emma
East,Headphones,4225,14982,Emma
North,Headphones,8691,14983,David
South,Phone,5661,14984,Alice
West,Phone,1860,14985,Emma
East,Phone,2548,14986,Emma
East,Phone,6752,14987,Alice
East,Headphones,6598,14988,Alice
East,Tablet,3696,14989,Charlie
West,Headphones,9779,14990,David
North,Phone,705,14991,Emma
East,Laptop,3815,14992,Alice
South,Headphones,7233,14993,Emma
North,Laptop,9314,14994,Charlie
East,Laptop,2177,14995,Charlie
North,Phone,3512,14996,Emma
South,Headphones,8047,14997,David
East,Tablet,2371,14998,Bob
South,Headphones,8770,14999,Emma
West,Tablet,7058,15000,Charlie
East,Tablet,5234,15001,David
East,Phone,6289,15002,Alice
East,Tablet,7434,15003,David
East,Headphones,3728,15004,David
West,Headphones,2835,15005,Emma
East,Laptop,2225,15006,David
North,Tablet,6237,15007,Alice
East,Phone,9806,15008,Emma
West,Phone,6485,15009,Charlie
East,Headphones,7716,15010,Alice
North,Tablet,660,15011,Emma
West,Phone,1925,15012,Emma
West,Tablet,2233,15013,Bob
North,Tablet,3022,15014,Alice
North,Laptop,7666,15015,David
North,Phone,1101,15016,Alice
North,Laptop,5184,15017,Alice
North,Phone,2020,15018,Bob
West,Tablet,2890,15019,David
West,Phone,9597,15020,Bob
East,Headphones,1617,15021,Bob
East,Tablet,7800,15022,Bob
South,Phone,5221,15023,Alice
East,Laptop,6641,15024,Bob
East,Laptop,3580,15025,Charlie
North,Tablet,8439,15026,David
North,Laptop,5277,15027,David
East,Tablet,7765,15028,Bob
South,Tablet,4301,15029,Alice
North,Tablet,7557,15030,Emma
East,Phone,8010,15031,Emma
East,Tablet,8599,15032,Alice
West,Laptop,6581,15033,Bob
South,Headphones,4127,15034,Bob
West,Phone,4880,15035,Charlie
South,Laptop,5879,15036,Emma
North,Tablet,3042,15037,Emma
South,Tablet,4950,15038,David
East,Headphones,7460,15039,Bob
East,Laptop,699,15040,Alice
South,Phone,7496,15041,Bob
South,Laptop,2683,15042,Bob
South,Tablet,5543,15043,Charlie
West,Phone,4536,15044,Alice
South,Tablet,5512,15045,Charlie
North,Tablet,8334,15046,Charlie
West,Laptop,3993,15047,Charlie
West,Headphones,4472,15048,Charlie
South,Tablet,2352,15049,Bob
North,Laptop,9079,15050,David
West,Phone,2162,15051,Bob
East,Headphones,8089,15052,Charlie
West,Tablet,712,15053,Charlie
South,Tablet,5155,15054,David
North,Phone,9249,15055,Emma
South,Laptop,3619,15056,Alice
East,Tablet,7145,15057,Charlie
East,Phone,3191,15058,Charlie
East,Tablet,2494,15059,Bob
South,Laptop,5548,15060,Charlie
West,Headphones,974,15061,Charlie
South,Laptop,8733,15062,Alice
North,Laptop,4492,15063,Bob
West,Laptop,5323,15064,Emma
East,Phone,4017,15065,Charlie
South,Tablet,2768,15066,Charlie
East,Headphones,1439,15067,Emma
East,Phone,4938,15068,David
North,Laptop,6798,15069,Emma
West,Headphones,3485,15070,Emma
North,Laptop,5489,15071,Bob
North,Laptop,6528,15072,Emma
North,Laptop,9542,15073,Bob
East,Headphones,8922,15074,Emma
North,Tablet,2999,15075,Charlie
North,Laptop,8120,15076,Charlie
West,Tablet,4804,15077,David
West,Headphones,3403,15078,Emma
North,Headphones,8263,15079,Alice
West,Laptop,8464,15080,Emma
West,Tablet,9930,15081,Alice
North,Tablet,2574,15082,Emma
East,Laptop,8325,15083,Bob
North,Phone,2565,15084,Charlie
West,Phone,9321,15085,Alice
East,Headphones,3708,15086,Alice
South,Headphones,5174,15087,Emma
East,Phone,9594,15088,Charlie
West,Phone,9745,15089,David
East,Phone,622,15090,Alice
North,Laptop,1456,15091,Charlie
South,Laptop,5596,15092,Charlie
South,Laptop,1486,15093,Alice
South,Laptop,9943,15094,Bob
West,Laptop,4933,15095,Bob
West,Laptop,1490,15096,Emma
South,Headphones,8425,15097,Emma
East,Tablet,6056,15098,Charlie
South,Headphones,9593,15099,Alice
East,Tablet,7325,15100,Bob
East,Headphones,5209,15101,Charlie
West,Headphones,8473,15102,Bob
East,Laptop,4080,15103,Alice
South,Laptop,3302,15104,Bob
West,Tablet,2704,15105,David
North,Tablet,1371,15106,Emma
North,Laptop,3324,15107,Bob
West,Headphones,6595,15108,Alice
South,Tablet,3903,15109,Alice
North,Phone,6653,15110,David
North,Phone,6050,15111,Alice
East,Phone,4382,15112,David
East,Tablet,3707,15113,Charlie
South,Laptop,3597,15114,Bob
West,Laptop,3578,15115,Alice
South,Laptop,3138,15116,Emma
West,Tablet,6051,15117,Bob
North,Tablet,3446,15118,David
East,Phone,3971,15119,Bob
South,Tablet,4802,15120,Bob
South,Phone,2124,15121,Alice
West,Phone,1982,15122,Emma
West,Laptop,758,15123,Charlie
South,Tablet,953,15124,Emma
West,Laptop,9490,15125,David
South,Laptop,4970,15126,Emma
South,Tablet,3011,15127,Emma
South,Tablet,4670,15128,David
North,Headphones,8933,15129,Emma
West,Phone,5636,15130,Charlie
East,Headphones,2212,15131,Bob
East,Phone,7926,15132,Charlie
West,Phone,2502,15133,Bob
South,Phone,8651,15134,Bob
East,Laptop,6754,15135,Emma
East,Laptop,3827,15136,Bob
West,Tablet,9188,15137,David
East,Phone,8535,15138,Charlie
South,Phone,3611,15139,Bob
West,Phone,5741,15140,Emma
South,Laptop,9418,15141,Emma
East,Tablet,2331,15142,Emma
East,Laptop,2321,15143,Alice
South,Headphones,2316,15144,Charlie
North,Headphones,591,15145,Emma
East,Headphones,3932,15146,David
North,Tablet,2469,15147,Emma
East,Headphones,2884,15148,Alice
North,Tablet,4179,15149,Charlie
North,Laptop,1102,15150,Bob
North,Laptop,927,15151,Charlie
South,Tablet,8698,15152,Bob
North,Laptop,6763,15153,Bob
North,Laptop,2934,15154,Emma
North,Tablet,1873,15155,David
East,Headphones,9332,15156,David
North,Tablet,5662,15157,Emma
East,Phone,7340,15158,Alice
North,Laptop,4311,15159,Bob
North,Tablet,3806,15160,David
South,Laptop,9137,15161,Charlie
East,Headphones,9204,15162,Alice
North,Laptop,9681,15163,Emma
East,Tablet,6856,15164,Alice
East,Headphones,1901,15165,David
West,Headphones,1045,15166,Emma
South,Headphones,3033,15167,David
South,Phone,2509,15168,Bob
South,Tablet,6401,15169,Alice
West,Tablet,4585,15170,Bob
West,Headphones,2715,15171,Charlie
South,Laptop,5485,15172,Bob
West,Headphones,9519,15173,Alice
West,Phone,2684,15174,Charlie
West,Headphones,1775,15175,David
South,Tablet,5668,15176,Charlie
South,Headphones,4023,15177,Alice
South,Laptop,9207,15178,Emma
West,Tablet,5283,15179,Charlie
South,Laptop,1519,15180,David
West,Headphones,9987,15181,Charlie
North,Tablet,8098,15182,Bob
West,Phone,1549,15183,Emma
East,Tablet,2840,15184,Alice
South,Laptop,8073,15185,Emma
South,Tablet,9949,15186,Bob
East,Phone,2778,15187,Emma
West,Phone,3485,15188,Bob
North,Phone,6205,15189,Charlie
East,Phone,1644,15190,Alice
East,Laptop,8130,15191,Bob
West,Tablet,1205,15192,Bob
South,Headphones,2924,15193,Charlie
West,Phone,2434,15194,Bob
East,Headphones,2984,15195,Alice
East,Headphones,7496,15196,David
South,Tablet,2245,15197,Emma
South,Headphones,6264,15198,Bob
South,Headphones,9661,15199,Emma
West,Laptop,3046,15200,Emma
South,Headphones,6128,15201,David
East,Tablet,1277,15202,Bob
East,Headphones,3614,15203,Alice
North,Tablet,3436,15204,Bob
West,Phone,4610,15205,Emma
North,Headphones,1845,15206,Charlie
East,Headphones,2541,15207,David
North,Headphones,3174,15208,Alice
East,Phone,8004,15209,Alice
North,Laptop,1189,15210,Emma
South,Headphones,7556,15211,Alice
North,Tablet,619,15212,Emma
South,Laptop,6669,15213,Alice
South,Laptop,6332,15214,Alice
West,Laptop,2113,15215,Emma
South,Headphones,8123,15216,David
South,Phone,3533,15217,Alice
North,Phone,3436,15218,Bob
East,Headphones,6159,15219,Charlie
West,Tablet,9841,15220,Emma
South,Tablet,5567,15221,Alice
West,Tablet,5302,15222,David
North,Headphones,3658,15223,Bob
South,Phone,4990,15224,Emma
North,Headphones,955,15225,Bob
West,Phone,8143,15226,Charlie
North,Laptop,5120,15227,David
West,Headphones,9367,15228,Emma
North,Phone,9693,15229,Emma
West,Laptop,9587,15230,Alice
East,Laptop,5599,15231,Bob
North,Headphones,559,15232,Emma
North,Phone,6699,15233,Bob
East,Laptop,6811,15234,Charlie
East,Headphones,6031,15235,Alice
North,Laptop,3264,15236,Charlie
East,Tablet,7508,15237,Alice
South,Headphones,2294,15238,Alice
West,Laptop,6186,15239,Bob
West,Headphones,3987,15240,Alice
West,Headphones,5487,15241,Charlie
South,Phone,3921,15242,Charlie
East,Phone,7080,15243,Charlie
East,Laptop,6032,15244,Bob
North,Headphones,1873,15245,Bob
East,Headphones,4053,15246,David
North,Tablet,4172,15247,Emma
South,Headphones,8644,15248,David
West,Phone,9774,15249,David
West,Headphones,9625,15250,Alice
West,Phone,5937,15251,Alice
East,Tablet,8663,15252,David
North,Laptop,7946,15253,Emma
North,Phone,9249,15254,David
South,Laptop,6465,15255,Bob
East,Laptop,6415,15256,Charlie
South,Laptop,6615,15257,David
North,Laptop,5594,15258,Alice
North,Phone,2882,15259,Emma
West,Tablet,4598,15260,Alice
East,Headphones,9699,15261,Bob
North,Phone,9973,15262,Alice
West,Tablet,4858,15263,Alice
East,Headphones,8812,15264,Emma
South,Laptop,9596,15265,Emma
East,Headphones,639,15266,Alice
East,Headphones,8144,15267,Alice
North,Tablet,2315,15268,David
North,Headphones,5908,15269,Bob
East,Laptop,4801,15270,David
North,Phone,7785,15271,Emma
North,Phone,9720,15272,David
North,Tablet,7278,15273,David
West,Laptop,9036,15274,Alice
West,Laptop,2919,15275,Alice
East,Headphones,3735,15276,Bob
North,Tablet,3094,15277,Charlie
West,Laptop,1887,15278,Charlie
East,Laptop,1483,15279,David
North,Laptop,2622,15280,Bob
South,Phone,5919,15281,Bob
North,Phone,3494,15282,Emma
North,Phone,7556,15283,Alice
West,Headphones,8048,15284,Emma
East,Headphones,7353,15285,Charlie
East,Headphones,3400,15286,Bob
West,Laptop,1275,15287,Charlie
North,Phone,5481,15288,Alice
South,Laptop,1235,15289,Alice
North,Laptop,7277,15290,Alice
North,Tablet,8253,15291,Charlie
South,Laptop,5647,15292,Bob
West,Headphones,1986,15293,Emma
East,Phone,895,15294,Bob
West,Phone,2501,15295,Bob
West,Laptop,9055,15296,David
North,Headphones,8562,15297,Bob
East,Headphones,7768,15298,Emma
East,Headphones,6377,15299,David
West,Phone,4688,15300,Bob
South,Headphones,4861,15301,David
West,Headphones,6849,15302,Bob
South,Laptop,6680,15303,Alice
East,Tablet,8294,15304,Alice
West,Headphones,1243,15305,Bob
North,Laptop,6662,15306,David
West,Laptop,873,15307,Emma
East,Headphones,6405,15308,Alice
North,Tablet,4627,15309,David
North,Phone,8831,15310,Emma
South,Tablet,6189,15311,David
North,Headphones,3520,15312,Bob
North,Tablet,3792,15313,Alice
West,Laptop,7376,15314,Alice
East,Laptop,7397,15315,Alice
South,Tablet,5838,15316,Bob
West,Phone,2064,15317,Emma
North,Tablet,557,15318,Emma
North,Headphones,3996,15319,Alice
South,Phone,5894,15320,Emma
East,Tablet,5642,15321,Alice
South,Tablet,3448,15322,Emma
West,Phone,4973,15323,Alice
South,Tablet,9064,15324,Emma
North,Headphones,3634,15325,David
West,Laptop,2087,15326,Alice
North,Headphones,9469,15327,Alice
East,Tablet,4762,15328,Charlie
North,Laptop,7166,15329,Alice
North,Phone,4178,15330,Emma
South,Headphones,1498,15331,David
North,Phone,9251,15332,David
West,Laptop,3843,15333,Emma
West,Tablet,4001,15334,Bob
East,Laptop,4514,15335,Alice
West,Laptop,5607,15336,David
South,Phone,4828,15337,Emma
East,Headphones,5155,15338,David
West,Laptop,5827,15339,David
South,Tablet,8120,15340,Emma
West,Laptop,6358,15341,Charlie
West,Phone,6120,15342,David
North,Headphones,9612,15343,David
West,Tablet,7504,15344,Bob
West,Phone,1742,15345,Charlie
South,Laptop,7515,15346,Bob
South,Laptop,580,15347,Emma
North,Headphones,3161,15348,Alice
West,Phone,5298,15349,Emma
North,Phone,1040,15350,Charlie
West,Headphones,6445,15351,Emma
East,Tablet,7408,15352,Charlie
East,Phone,9966,15353,Bob
North,Headphones,3285,15354,David
North,Phone,3986,15355,Emma
North,Headphones,3657,15356,Emma
South,Laptop,5217,15357,David
South,Laptop,5836,15358,Emma
South,Phone,7665,15359,Emma
North,Phone,2743,15360,Alice
West,Laptop,3493,15361,Alice
East,Tablet,2591,15362,David
North,Headphones,5709,15363,Bob
South,Tablet,8145,15364,Emma
South,Tablet,6240,15365,Emma
North,Tablet,4654,15366,Bob
North,Laptop,9170,15367,Emma
South,Phone,3165,15368,Bob
West,Tablet,6518,15369,David
South,Laptop,2256,15370,David
South,Headphones,6213,15371,Bob
North,Phone,3620,15372,Bob
West,Headphones,5651,15373,Charlie
South,Tablet,6105,15374,Alice
South,Phone,3078,15375,Alice
East,Tablet,1526,15376,Emma
North,Phone,4973,15377,Emma
East,Tablet,5167,15378,Bob
East,Headphones,2454,15379,Bob
South,Headphones,1086,15380,Alice
North,Tablet,1184,15381,Emma
West,Phone,6542,15382,Alice
South,Headphones,3768,15383,David
West,Phone,1158,15384,Alice
West,Phone,1796,15385,Alice
North,Headphones,2025,15386,Bob
East,Laptop,7650,15387,Emma
North,Laptop,8292,15388,David
West,Phone,7104,15389,Alice
South,Headphones,6289,15390,Alice
West,Laptop,7920,15391,Bob
South,Tablet,6253,15392,Charlie
South,Phone,9763,15393,Emma
North,Laptop,7134,15394,Emma
West,Headphones,5608,15395,Emma
East,Headphones,5747,15396,Alice
West,Phone,8901,15397,Alice
West,Headphones,1123,15398,Alice
East,Tablet,5761,15399,Charlie
North,Tablet,4768,15400,Alice
West,Laptop,6484,15401,Emma
West,Headphones,4249,15402,Emma
South,Tablet,5042,15403,Bob
West,Phone,510,15404,Charlie
East,Headphones,1260,15405,David
South,Laptop,1677,15406,Alice
North,Phone,9668,15407,David
South,Phone,2992,15408,Alice
East,Phone,2889,15409,Charlie
East,Tablet,6864,15410,Charlie
South,Phone,3052,15411,Emma
North,Tablet,1982,15412,Charlie
South,Phone,2810,15413,David
North,Tablet,4241,15414,David
South,Headphones,7785,15415,Charlie
East,Tablet,8117,15416,David
West,Tablet,4339,15417,Alice
West,Headphones,8081,15418,Bob
North,Phone,3255,15419,Emma
North,Headphones,9514,15420,Bob
North,Phone,4097,15421,David
East,Tablet,9152,15422,Emma
South,Phone,5737,15423,Bob
East,Tablet,2240,15424,Bob
West,Phone,2624,15425,David
North,Tablet,5791,15426,Emma
South,Tablet,3597,15427,Emma
West,Laptop,5747,15428,Bob
West,Phone,4969,15429,Emma
West,Phone,9345,15430,Emma
East,Laptop,5499,15431,Alice
North,Tablet,9435,15432,David
West,Tablet,7066,15433,David
North,Laptop,7844,15434,Alice
East,Laptop,1352,15435,Bob
West,Headphones,5426,15436,Charlie
East,Tablet,5568,15437,Bob
East,Headphones,5889,15438,Alice
North,Phone,1818,15439,Emma
West,Headphones,621,15440,Alice
East,Laptop,4754,15441,David
West,Laptop,8998,15442,Emma
North,Laptop,9804,15443,Bob
East,Laptop,2396,15444,Emma
North,Headphones,6476,15445,David
West,Headphones,8506,15446,Alice
West,Headphones,9037,15447,Bob
North,Laptop,4411,15448,Charlie
South,Laptop,8840,15449,Charlie
East,Tablet,1539,15450,Alice
West,Tablet,4404,15451,Bob
West,Laptop,5376,15452,Bob
East,Tablet,8809,15453,Emma
North,Phone,1203,15454,Alice
North,Phone,3455,15455,Emma
North,Laptop,5970,15456,Alice
South,Headphones,6940,15457,David
South,Phone,2524,15458,Alice
West,Phone,5496,15459,Emma
North,Headphones,7069,15460,Bob
East,Tablet,4845,15461,Alice
West,Headphones,6362,15462,Bob
East,Tablet,6134,15463,David
West,Tablet,1497,15464,Charlie
South,Headphones,905,15465,Charlie
West,Tablet,743,15466,Emma
South,Phone,8467,15467,Alice
West,Laptop,2914,15468,David
North,Tablet,4356,15469,David
East,Phone,6763,15470,Bob
North,Headphones,8438,15471,Emma
West,Tablet,9124,15472,David
West,Phone,1641,15473,Alice
West,Tablet,4626,15474,David
South,Headphones,3524,15475,Charlie
East,Laptop,9864,15476,Emma
East,Tablet,7507,15477,Bob
West,Laptop,3956,15478,Alice
West,Tablet,6499,15479,Charlie
South,Tablet,4697,15480,David
North,Headphones,9787,15481,Emma
North,Tablet,6324,15482,Emma
East,Phone,7266,15483,Alice
South,Phone,3352,15484,Bob
West,Laptop,2955,15485,Charlie
East,Laptop,8014,15486,Bob
South,Phone,1890,15487,Alice
North,Laptop,5425,15488,Alice
South,Laptop,3336,15489,Charlie
North,Phone,1117,15490,Emma
South,Phone,2969,15491,Emma
East,Phone,3202,15492,Charlie
North,Headphones,6757,15493,Bob
East,Headphones,8605,15494,Charlie
East,Phone,3665,15495,Emma
North,Tablet,8951,15496,Bob
North,Phone,4930,15497,David
West,Headphones,9738,15498,Bob
West,Laptop,6492,15499,Emma
West,Tablet,7097,15500,Alice
East,Tablet,1907,15501,Bob
East,Laptop,9701,15502,Bob
West,Tablet,6057,15503,Alice
East,Laptop,7499,15504,Emma
East,Headphones,8089,15505,David
North,Tablet,3906,15506,David
North,Tablet,6200,15507,Charlie
East,Laptop,8627,15508,David
West,Laptop,4727,15509,David
South,Headphones,2045,15510,Bob
West,Laptop,7807,15511,Charlie
South,Laptop,8632,15512,David
West,Headphones,634,15513,Bob
North,Phone,3359,15514,Charlie
East,Phone,6503,15515,Bob
East,Laptop,1764,15516,Alice
North,Headphones,2272,15517,Emma
South,Phone,664,15518,Emma
South,Headphones,9311,15519,Emma
South,Laptop,8922,15520,David
North,Laptop,7225,15521,Emma
South,Headphones,3280,15522,Emma
North,Tablet,8253,15523,Charlie
West,Laptop,5798,15524,Charlie
West,Laptop,7314,15525,Charlie
North,Laptop,4252,15526,David
East,Laptop,4472,15527,Emma
West,Headphones,3732,15528,David
South,Headphones,8094,15529,David
North,Headphones,902,15530,David
South,Headphones,7699,15531,David
South,Tablet,6764,15532,David
East,Headphones,4980,15533,David
South,Headphones,7119,15534,Emma
East,Laptop,3107,15535,Charlie
West,Tablet,9882,15536,Bob
North,Laptop,9080,15537,Bob
South,Tablet,3904,15538,Bob
North,Phone,6142,15539,Alice
South,Tablet,1289,15540,Charlie
North,Tablet,7396,15541,Emma
South,Laptop,1994,15542,David
South,Tablet,3251,15543,Bob
South,Tablet,7210,15544,Charlie
South,Laptop,1320,15545,Emma
South,Phone,5640,15546,Bob
South,Phone,5638,15547,Charlie
South,Phone,2869,15548,Emma
South,Tablet,4565,15549,Charlie
South,Laptop,1963,15550,David
North,Phone,2407,15551,Charlie
East,Phone,6701,15552,Charlie
South,Phone,8395,15553,Alice
East,Phone,8325,15554,David
South,Laptop,4465,15555,Charlie
South,Phone,681,15556,David
North,Tablet,6500,15557,Charlie
West,Tablet,7745,15558,David
West,Laptop,9652,15559,Emma
North,Headphones,1489,15560,Bob
East,Phone,6772,15561,Alice
West,Phone,1206,15562,Bob
North,Tablet,7152,15563,Charlie
North,Laptop,5347,15564,Charlie
West,Headphones,4830,15565,Emma
East,Tablet,2120,15566,Charlie
North,Headphones,5149,15567,David
South,Laptop,7096,15568,Bob
East,Laptop,5181,15569,Charlie
East,Laptop,8544,15570,Emma
West,Tablet,4080,15571,Alice
West,Laptop,9114,15572,Bob
South,Tablet,4515,15573,Emma
North,Tablet,3696,15574,Emma
West,Phone,6649,15575,Bob
West,Tablet,5053,15576,Emma
East,Tablet,4510,15577,Alice
West,Phone,7165,15578,Alice
West,Headphones,5146,15579,Charlie
West,Phone,6590,15580,David
West,Phone,4250,15581,Charlie
East,Laptop,3036,15582,David
South,Laptop,3759,15583,Bob
South,Phone,7379,15584,Emma
North,Laptop,7938,15585,Charlie
West,Phone,3011,15586,Emma
East,Laptop,2590,15587,Charlie
North,Tablet,5134,15588,Charlie
North,Laptop,1067,15589,Alice
South,Laptop,620,15590,David
East,Tablet,7268,15591,Bob
East,Phone,9007,15592,Emma
East,Laptop,1120,15593,Charlie
South,Laptop,4563,15594,Emma
South,Tablet,953,15595,Alice
South,Tablet,3234,15596,Bob
South,Tablet,1458,15597,David
South,Headphones,1262,15598,David
West,Tablet,4835,15599,Charlie
West,Phone,7020,15600,Bob
East,Laptop,2551,15601,David
North,Laptop,7489,15602,Bob
East,Headphones,8888,15603,Emma
North,Laptop,8307,15604,Alice
South,Laptop,760,15605,Bob
North,Phone,7246,15606,Bob
East,Laptop,6390,15607,David
East,Phone,6553,15608,Charlie
North,Headphones,1780,15609,Charlie
West,Phone,635,15610,Emma
South,Tablet,6599,15611,David
South,Tablet,8377,15612,David
East,Headphones,3045,15613,Alice
West,Laptop,9060,15614,Charlie
North,Phone,4162,15615,David
South,Tablet,7229,15616,Emma
West,Phone,3954,15617,Alice
South,Tablet,5308,15618,Charlie
West,Phone,8548,15619,Charlie
West,Laptop,7020,15620,Charlie
East,Headphones,1044,15621,Alice
South,Laptop,6716,15622,Emma
North,Phone,7617,15623,Emma
East,Tablet,5099,15624,David
East,Tablet,3923,15625,David
North,Headphones,5305,15626,Charlie
East,Laptop,4983,15627,Bob
West,Laptop,7471,15628,David
West,Laptop,7619,15629,Emma
South,Tablet,1597,15630,Charlie
South,Headphones,7360,15631,Emma
North,Tablet,5935,15632,Charlie
South,Laptop,2443,15633,Alice
West,Phone,2219,15634,David
North,Tablet,6268,15635,Alice
North,Headphones,8982,15636,David
South,Laptop,9666,15637,Emma
West,Phone,914,15638,Emma
North,Tablet,9542,15639,Bob
West,Phone,7605,15640,Emma
West,Phone,3228,15641,Charlie
West,Headphones,7703,15642,Bob
South,Tablet,5141,15643,Charlie
East,Headphones,1241,15644,Bob
East,Laptop,1091,15645,Charlie
North,Phone,1249,15646,Bob
West,Headphones,2719,15647,David
South,Headphones,9529,15648,David
West,Laptop,9225,15649,Bob
West,Tablet,4960,15650,Alice
South,Headphones,8011,15651,Bob
East,Phone,8008,15652,Alice
West,Phone,3153,15653,Charlie
West,Phone,3070,15654,Bob
East,Phone,6248,15655,Alice
South,Headphones,764,15656,Bob
North,Phone,4095,15657,David
East,Headphones,2534,15658,David
North,Tablet,3702,15659,Bob
North,Phone,9073,15660,Bob
East,Tablet,9858,15661,Emma
West,Headphones,888,15662,David
North,Laptop,6697,15663,Charlie
North,Tablet,2571,15664,Bob
South,Phone,9086,15665,Emma
West,Laptop,8340,15666,Bob
North,Tablet,3756,15667,David
South,Headphones,4519,15668,Alice
West,Headphones,6558,15669,Alice
East,Headphones,7130,15670,David
East,Tablet,3359,15671,Charlie
South,Headphones,2893,15672,Emma
East,Tablet,7319,15673,Bob
North,Phone,6571,15674,Bob
West,Phone,2550,15675,Bob
North,Tablet,3621,15676,Emma
North,Tablet,9616,15677,Emma
East,Laptop,5471,15678,David
North,Headphones,8195,15679,Emma
East,Phone,3854,15680,Bob
West,Phone,4974,15681,Bob
West,Laptop,3897,15682,Emma
North,Tablet,5917,15683,Emma
South,Tablet,4268,15684,David
East,Laptop,6781,15685,Alice
East,Headphones,3481,15686,Emma
North,Tablet,6021,15687,Alice
East,Tablet,3972,15688,Charlie
East,Headphones,3117,15689,Alice
South,Headphones,5981,15690,Emma
South,Laptop,6709,15691,Bob
North,Laptop,3999,15692,Bob
South,Laptop,7495,15693,Emma
North,Tablet,8381,15694,David
West,Laptop,4092,15695,Emma
North,Tablet,9123,15696,Emma
West,Phone,6554,15697,David
North,Headphones,7772,15698,David
East,Headphones,9804,15699,Charlie
South,Phone,5196,15700,Charlie
West,Laptop,8046,15701,Charlie
North,Tablet,6973,15702,David
South,Tablet,5722,15703,Alice
North,Tablet,2949,15704,Emma
South,Headphones,6302,15705,Charlie
South,Laptop,1044,15706,Alice
North,Tablet,7152,15707,Emma
West,Tablet,6827,15708,Alice
West,Tablet,7558,15709,Bob
East,Phone,3128,15710,Bob
South,Tablet,3951,15711,Emma
East,Phone,9229,15712,Alice
East,Tablet,1936,15713,Alice
North,Tablet,8587,15714,David
North,Tablet,7161,15715,Charlie
North,Phone,3562,15716,Emma
South,Tablet,759,15717,Alice
North,Laptop,8051,15718,Charlie
North,Tablet,4911,15719,Emma
South,Phone,5341,15720,Alice
South,Phone,8461,15721,Bob
West,Laptop,1218,15722,Alice
North,Headphones,5696,15723,Bob
North,Laptop,3227,15724,Bob
North,Laptop,8046,15725,David
West,Phone,9152,15726,David
North,Tablet,3354,15727,Charlie
West,Tablet,5700,15728,Emma
East,Headphones,4567,15729,Charlie
West,Headphones,3477,15730,David
East,Headphones,3980,15731,Charlie
North,Headphones,8721,15732,Emma
East,Laptop,3993,15733,Emma
West,Laptop,9673,15734,Alice
South,Tablet,730,15735,Charlie
East,Laptop,8026,15736,David
East,Tablet,5781,15737,Alice
North,Tablet,1751,15738,Charlie
West,Tablet,5840,15739,Emma
East,Tablet,7389,15740,David
East,Phone,2463,15741,Charlie
East,Tablet,3666,15742,Emma
East,Laptop,2278,15743,Emma
South,Laptop,8552,15744,Charlie
West,Laptop,5370,15745,Charlie
North,Laptop,1647,15746,David
North,Phone,3347,15747,Alice
South,Headphones,4350,15748,Emma
West,Headphones,3570,15749,Alice
East,Tablet,1120,15750,Alice
South,Tablet,1463,15751,Emma
West,Laptop,7715,15752,Charlie
East,Laptop,2642,15753,Emma
South,Headphones,7918,15754,Alice
West,Headphones,1826,15755,David
North,Laptop,621,15756,Emma
North,Tablet,4813,15757,David
West,Phone,1576,15758,Charlie
North,Phone,1682,15759,Charlie
West,Headphones,1294,15760,David
East,Headphones,4771,15761,David
West,Headphones,8983,15762,Emma
East,Phone,7826,15763,Charlie
South,Phone,9182,15764,David
West,Laptop,3308,15765,Bob
South,Tablet,3928,15766,Emma
North,Headphones,9325,15767,Emma
East,Laptop,3999,15768,Bob
West,Phone,2672,15769,Charlie
South,Laptop,6486,15770,David
East,Phone,4407,15771,David
East,Tablet,5199,15772,Charlie
North,Phone,7581,15773,Bob
North,Laptop,5724,15774,Bob
East,Tablet,3968,15775,Bob
East,Phone,6260,15776,Emma
West,Headphones,990,15777,David
East,Phone,4763,15778,Alice
West,Tablet,8269,15779,Emma
East,Laptop,9450,15780,Emma
North,Tablet,1697,15781,David
West,Laptop,2404,15782,Charlie
South,Phone,5769,15783,David
North,Phone,2150,15784,Charlie
West,Tablet,3691,15785,David
West,Headphones,527,15786,Emma
South,Phone,6760,15787,Bob
West,Headphones,3250,15788,Emma
East,Headphones,3379,15789,Emma
South,Tablet,4857,15790,Alice
North,Phone,3332,15791,Emma
North,Headphones,3609,15792,Emma
East,Phone,6258,15793,Emma
North,Laptop,3421,15794,Alice
West,Headphones,1933,15795,Charlie
West,Tablet,4928,15796,Alice
East,Tablet,8198,15797,Bob
North,Headphones,8611,15798,Charlie
North,Phone,4036,15799,Alice
East,Laptop,7363,15800,Bob
South,Laptop,1681,15801,Bob
North,Tablet,3905,15802,David
South,Tablet,4414,15803,David
North,Phone,4222,15804,Emma
North,Tablet,3142,15805,Charlie
North,Phone,8077,15806,Alice
North,Headphones,4211,15807,Emma
West,Laptop,3460,15808,Charlie
South,Headphones,5330,15809,David
South,Tablet,5958,15810,Alice
North,Laptop,2119,15811,Bob
North,Laptop,6638,15812,Bob
South,Headphones,7180,15813,Emma
West,Phone,2840,15814,Emma
East,Laptop,9919,15815,Alice
East,Phone,2228,15816,Bob
South,Headphones,4085,15817,Emma
North,Headphones,701,15818,Bob
North,Phone,6485,15819,David
West,Headphones,6675,15820,Emma
East,Laptop,3660,15821,Charlie
West,Headphones,2213,15822,Emma
East,Headphones,8372,15823,David
South,Laptop,8339,15824,Alice
East,Phone,7359,15825,Bob
West,Headphones,1252,15826,Alice
West,Phone,614,15827,Emma
West,Laptop,5841,15828,Charlie
South,Phone,4480,15829,Alice
East,Phone,6825,15830,Charlie
East,Tablet,3318,15831,Emma
West,Tablet,968,15832,Charlie
East,Headphones,925,15833,Charlie
North,Tablet,8641,15834,David
North,Tablet,2075,15835,Alice
North,Tablet,1333,15836,Emma
East,Phone,4606,15837,David
South,Phone,4203,15838,Charlie
South,Tablet,1908,15839,David
South,Laptop,3981,15840,David
South,Tablet,6685,15841,Charlie
North,Laptop,6321,15842,Emma
North,Phone,7344,15843,Bob
West,Laptop,6895,15844,David
East,Phone,9295,15845,Alice
East,Laptop,712,15846,Charlie
South,Phone,6911,15847,Bob
North,Phone,5301,15848,David
South,Tablet,2258,15849,Charlie
West,Headphones,6280,15850,Charlie
East,Headphones,9473,15851,David
East,Phone,2026,15852,Alice
South,Tablet,1340,15853,Charlie
West,Headphones,1841,15854,Charlie
East,Headphones,2000,15855,David
West,Tablet,8621,15856,Bob
West,Tablet,6059,15857,Charlie
South,Headphones,6426,15858,Charlie
North,Headphones,9207,15859,David
South,Laptop,8175,15860,Charlie
North,Laptop,9839,15861,David
West,Phone,6957,15862,Alice
North,Headphones,3756,15863,David
West,Tablet,3094,15864,Bob
East,Tablet,4156,15865,Charlie
East,Headphones,2586,15866,Alice
East,Phone,3655,15867,Charlie
South,Tablet,7688,15868,Charlie
South,Headphones,6896,15869,David
West,Headphones,1478,15870,Charlie
East,Phone,3547,15871,Alice
South,Headphones,3089,15872,Emma
East,Tablet,2506,15873,Charlie
South,Laptop,7283,15874,David
North,Phone,6442,15875,Bob
North,Headphones,3099,15876,Charlie
East,Phone,3008,15877,David
West,Headphones,8971,15878,Charlie
South,Laptop,1693,15879,Emma
South,Phone,6415,15880,Emma
North,Headphones,2545,15881,Alice
North,Laptop,8296,15882,Emma
West,Tablet,8939,15883,David
West,Headphones,8102,15884,Emma
West,Laptop,4172,15885,David
East,Laptop,7681,15886,Charlie
North,Phone,544,15887,Alice
East,Headphones,2585,15888,Alice
North,Tablet,5011,15889,Emma
North,Headphones,6888,15890,Bob
South,Laptop,8275,15891,Emma
North,Tablet,5871,15892,Bob
North,Laptop,8448,15893,Emma
East,Phone,6723,15894,David
North,Headphones,4823,15895,David
East,Laptop,7126,15896,Bob
West,Laptop,9314,15897,Alice
North,Headphones,8549,15898,Bob
North,Tablet,7591,15899,Charlie
East,Laptop,9176,15900,Alice
West,Headphones,8716,15901,Bob
South,Phone,1725,15902,Charlie
West,Phone,1748,15903,Charlie
East,Headphones,9470,15904,Emma
West,Laptop,5526,15905,Bob
East,Headphones,3342,15906,David
East,Headphones,6198,15907,Emma
South,Laptop,2082,15908,Alice
North,Tablet,5348,15909,David
East,Tablet,3638,15910,Charlie
East,Phone,5255,15911,Alice
South,Tablet,2017,15912,Emma
East,Headphones,5142,15913,Charlie
North,Laptop,5696,15914,Charlie
South,Phone,4268,15915,Charlie
North,Tablet,6698,15916,David
North,Headphones,8572,15917,Emma
South,Phone,6058,15918,Emma
East,Laptop,1843,15919,David
North,Tablet,5990,15920,Emma
North,Headphones,5835,15921,Charlie
North,Laptop,548,15922,Charlie
North,Headphones,6416,15923,Charlie
South,Headphones,3010,15924,Emma
South,Headphones,6725,15925,Bob
West,Laptop,4160,15926,Alice
West,Phone,2246,15927,Bob
North,Headphones,9187,15928,David
East,Phone,8670,15929,Bob
North,Phone,1133,15930,Bob
East,Tablet,7480,15931,David
North,Tablet,3220,15932,Bob
West,Phone,675,15933,Alice
West,Tablet,9330,15934,Emma
East,Tablet,8652,15935,David
North,Phone,3857,15936,Bob
East,Laptop,4892,15937,Charlie
West,Tablet,5879,15938,Charlie
North,Tablet,6470,15939,David
North,Laptop,9166,15940,Charlie
East,Laptop,2458,15941,Alice
South,Laptop,7179,15942,Bob
East,Phone,7848,15943,Alice
West,Laptop,6384,15944,Alice
West,Phone,9040,15945,Emma
West,Headphones,9328,15946,Bob
West,Headphones,4114,15947,David
West,Laptop,4320,15948,Charlie
South,Laptop,4822,15949,Emma
North,Headphones,5967,15950,Alice
East,Phone,6002,15951,Charlie
East,Phone,6879,15952,Bob
West,Laptop,1704,15953,Alice
East,Laptop,6949,15954,Alice
West,Laptop,9039,15955,Bob
South,Headphones,1703,15956,David
South,Tablet,7058,15957,Emma
North,Laptop,1482,15958,Bob
South,Phone,9423,15959,Charlie
South,Tablet,7028,15960,Charlie
North,Phone,7155,15961,Alice
East,Tablet,6099,15962,Emma
West,Headphones,6190,15963,David
West,Tablet,6405,15964,David
East,Phone,6831,15965,Charlie
North,Tablet,9144,15966,David
East,Headphones,4573,15967,Charlie
South,Phone,3394,15968,Emma
North,Laptop,2734,15969,Alice
North,Tablet,8131,15970,Charlie
North,Phone,6359,15971,Emma
West,Tablet,8855,15972,Charlie
East,Headphones,1947,15973,Bob
North,Phone,601,15974,Charlie
North,Laptop,7934,15975,Emma
North,Laptop,7820,15976,David
East,Tablet,1035,15977,Charlie
West,Headphones,8000,15978,Alice
South,Headphones,2200,15979,Emma
West,Tablet,7539,15980,David
North,Phone,7614,15981,Emma
West,Phone,7969,15982,Charlie
West,Tablet,6992,15983,Bob
South,Phone,4844,15984,Bob
East,Phone,2471,15985,Alice
East,Phone,1212,15986,Alice
West,Tablet,4155,15987,David
West,Laptop,6741,15988,Bob
East,Headphones,6972,15989,Charlie
East,Laptop,8260,15990,Emma
South,Phone,4148,15991,Emma
North,Tablet,5624,15992,Bob
West,Headphones,9150,15993,Bob
East,Phone,3343,15994,Emma
West,Headphones,8473,15995,David
West,Headphones,1092,15996,Emma
East,Laptop,997,15997,Alice
South,Phone,2634,15998,Charlie
West,Headphones,2949,15999,Bob
South,Laptop,5912,16000,Bob
East,Tablet,7948,16001,David
North,Headphones,4792,16002,Alice
North,Phone,526,16003,Emma
West,Tablet,2753,16004,Alice
East,Headphones,4142,16005,Alice
South,Headphones,4155,16006,David
West,Phone,9975,16007,David
East,Headphones,1586,16008,Emma
East,Phone,8522,16009,Emma
South,Phone,2515,16010,Charlie
West,Phone,5567,16011,Alice
East,Phone,7623,16012,Emma
East,Headphones,7584,16013,David
East,Tablet,9599,16014,Charlie
South,Tablet,3963,16015,Charlie
West,Laptop,4841,16016,David
West,Phone,6921,16017,Emma
West,Headphones,4967,16018,David
West,Headphones,9500,16019,Emma
North,Laptop,3396,16020,David
North,Tablet,3628,16021,David
West,Headphones,4755,16022,Bob
South,Laptop,9842,16023,Emma
North,Tablet,7380,16024,Alice
East,Headphones,1834,16025,Bob
North,Phone,9209,16026,Bob
East,Laptop,7578,16027,Bob
West,Headphones,1788,16028,Bob
North,Laptop,9437,16029,Alice
South,Laptop,6147,16030,Bob
North,Laptop,6428,16031,Alice
North,Phone,5302,16032,Alice
North,Tablet,1197,16033,Bob
West,Tablet,974,16034,Charlie
South,Headphones,8196,16035,Alice
North,Phone,7032,16036,Bob
South,Tablet,9202,16037,David
West,Headphones,9229,16038,David
East,Headphones,3444,16039,Emma
North,Laptop,6132,16040,Alice
South,Phone,5884,16041,Alice
South,Tablet,1866,16042,David
West,Phone,1561,16043,Alice
North,Phone,2807,16044,Alice
East,Tablet,807,16045,David
South,Tablet,9688,16046,Bob
North,Phone,9976,16047,David
East,Headphones,9821,16048,Charlie
South,Phone,803,16049,David
South,Tablet,6986,16050,David
East,Phone,6066,16051,Bob
East,Tablet,5657,16052,David
West,Headphones,4391,16053,David
North,Phone,9546,16054,Bob
North,Headphones,6224,16055,David
West,Phone,6780,16056,Bob
South,Phone,5850,16057,Charlie
East,Tablet,9509,16058,Bob
East,Laptop,9664,16059,Alice
East,Tablet,4633,16060,Alice
South,Phone,9870,16061,Bob
East,Laptop,604,16062,David
East,Laptop,8946,16063,Emma
West,Headphones,8071,16064,Emma
South,Phone,7101,16065,Charlie
North,Tablet,7171,16066,Charlie
West,Laptop,9282,16067,Emma
West,Laptop,9216,16068,Emma
North,Tablet,9061,16069,Bob
West,Tablet,3463,16070,Emma
South,Laptop,9355,16071,Alice
East,Tablet,1189,16072,Charlie
South,Headphones,7243,16073,Charlie
North,Laptop,3088,16074,Alice
North,Headphones,2035,16075,Charlie
West,Phone,2528,16076,Emma
South,Headphones,2356,16077,Charlie
South,Tablet,3686,16078,Alice
North,Laptop,3269,16079,Charlie
South,Headphones,6585,16080,Emma
North,Tablet,6986,16081,Bob
South,Tablet,7741,16082,Emma
South,Headphones,3487,16083,Charlie
South,Laptop,8635,16084,David
North,Headphones,6590,16085,Charlie
West,Phone,9840,16086,Charlie
South,Headphones,1280,16087,Alice
North,Headphones,4905,16088,David
North,Laptop,2653,16089,Alice
South,Headphones,9247,16090,Alice
South,Tablet,3796,16091,Emma
West,Laptop,3813,16092,Bob
North,Tablet,4992,16093,Charlie
North,Laptop,6796,16094,David
East,Phone,3083,16095,Charlie
North,Phone,3543,16096,Alice
West,Phone,8069,16097,Bob
East,Headphones,6479,16098,Alice
East,Phone,1669,16099,Charlie
East,Laptop,3762,16100,Emma
South,Phone,7536,16101,Charlie
South,Laptop,7226,16102,Alice
North,Tablet,4522,16103,David
East,Headphones,8892,16104,David
West,Tablet,2390,16105,David
South,Tablet,8703,16106,David
West,Phone,5671,16107,David
West,Phone,7164,16108,Bob
South,Phone,7807,16109,Bob
South,Tablet,6743,16110,Emma
South,Headphones,4056,16111,David
South,Headphones,7804,16112,Alice
East,Tablet,5466,16113,Alice
East,Headphones,865,16114,Charlie
East,Tablet,8551,16115,David
East,Tablet,1156,16116,Alice
North,Headphones,8852,16117,Emma
East,Laptop,8866,16118,Alice
South,Laptop,3970,16119,Emma
West,Phone,4560,16120,David
East,Headphones,6099,16121,Charlie
North,Phone,1044,16122,Charlie
South,Tablet,6926,16123,Bob
West,Laptop,2261,16124,David
West,Headphones,1456,16125,Alice
East,Headphones,9143,16126,Charlie
West,Headphones,8676,16127,Emma
East,Laptop,8291,16128,Emma
East,Phone,8773,16129,Alice
South,Laptop,1736,16130,Alice
South,Phone,5411,16131,David
North,Tablet,6777,16132,Alice
South,Tablet,946,16133,Alice
South,Phone,2665,16134,Alice
East,Tablet,2119,16135,Charlie
South,Tablet,2293,16136,David
East,Headphones,9865,16137,Alice
East,Headphones,6505,16138,Alice
South,Laptop,1145,16139,Emma
North,Laptop,878,16140,Charlie
North,Laptop,3155,16141,Alice
West,Headphones,7609,16142,Charlie
West,Laptop,4084,16143,David
South,Laptop,1640,16144,David
North,Headphones,4235,16145,Bob
East,Phone,1161,16146,Emma
West,Headphones,5936,16147,Bob
East,Phone,8703,16148,Charlie
West,Headphones,5709,16149,Emma
South,Laptop,887,16150,Alice
North,Tablet,3523,16151,Emma
West,Tablet,5235,16152,Emma
North,Phone,8791,16153,David
East,Phone,6971,16154,Bob
South,Phone,3271,16155,David
North,Tablet,4669,16156,David
South,Phone,7763,16157,Bob
North,Headphones,6735,16158,David
East,Headphones,4519,16159,Emma
East,Tablet,4770,16160,Charlie
South,Headphones,6356,16161,Alice
East,Phone,534,16162,Alice
West,Tablet,8118,16163,David
North,Phone,3880,16164,Bob
East,Headphones,5976,16165,Emma
West,Phone,8043,16166,David
South,Tablet,3676,16167,Emma
West,Phone,8867,16168,Emma
South,Headphones,2653,16169,Alice
South,Laptop,5187,16170,Charlie
North,Tablet,2086,16171,Charlie
North,Phone,8556,16172,Bob
West,Tablet,5922,16173,Charlie
North,Phone,4158,16174,David
North,Laptop,1452,16175,Alice
North,Headphones,6770,16176,Alice
West,Phone,5865,16177,Emma
East,Phone,3371,16178,David
North,Laptop,3478,16179,David
North,Tablet,3470,16180,Emma
West,Headphones,5408,16181,Emma
East,Phone,2459,16182,Alice
North,Phone,5682,16183,David
South,Headphones,1305,16184,Charlie
West,Laptop,3600,16185,Charlie
North,Tablet,2075,16186,Alice
North,Headphones,9291,16187,Charlie
South,Tablet,3115,16188,Charlie
South,Laptop,9303,16189,David
West,Laptop,6126,16190,David
West,Headphones,9252,16191,Bob
South,Phone,1126,16192,David
West,Laptop,7384,16193,Bob
South,Laptop,3311,16194,David
North,Headphones,2110,16195,Emma
South,Headphones,9366,16196,David
South,Headphones,548,16197,Bob
East,Laptop,1886,16198,Charlie
South,Tablet,2402,16199,David
South,Laptop,5222,16200,Charlie
East,Headphones,4872,16201,Charlie
West,Phone,4342,16202,David
East,Phone,7569,16203,David
North,Headphones,4811,16204,Emma
East,Phone,8921,16205,Bob
North,Laptop,8306,16206,David
West,Tablet,6966,16207,Charlie
East,Laptop,8497,16208,Charlie
East,Headphones,6868,16209,David
West,Laptop,2185,16210,Bob
North,Phone,8639,16211,Charlie
East,Laptop,5633,16212,Emma
North,Tablet,9324,16213,Charlie
East,Phone,2922,16214,Bob
South,Tablet,3250,16215,Alice
East,Tablet,9024,16216,Emma
West,Tablet,6809,16217,Emma
West,Laptop,9198,16218,Alice
North,Laptop,4712,16219,Emma
East,Laptop,1442,16220,Emma
North,Laptop,9327,16221,Emma
North,Phone,1962,16222,Charlie
South,Laptop,7971,16223,Charlie
South,Phone,2491,16224,David
West,Tablet,5890,16225,David
North,Phone,612,16226,Charlie
West,Headphones,7683,16227,Emma
East,Laptop,2763,16228,Bob
North,Headphones,9118,16229,Alice
North,Phone,5754,16230,David
East,Laptop,9758,16231,Emma
East,Headphones,3311,16232,David
West,Laptop,1333,16233,Bob
West,Phone,7727,16234,Emma
East,Headphones,8921,16235,Charlie
West,Phone,4754,16236,Bob
East,Headphones,9515,16237,David
North,Tablet,3018,16238,Emma
North,Tablet,4167,16239,Emma
South,Tablet,9796,16240,Alice
North,Tablet,1541,16241,Alice
East,Tablet,5612,16242,Alice
West,Phone,1207,16243,Charlie
South,Tablet,7958,16244,Emma
West,Phone,1883,16245,Emma
East,Tablet,1802,16246,David
North,Laptop,7618,16247,Charlie
South,Tablet,9368,16248,Alice
East,Laptop,3064,16249,Emma
South,Phone,1760,16250,Alice
South,Tablet,3703,16251,Bob
North,Headphones,857,16252,Charlie
East,Phone,5904,16253,Alice
West,Tablet,5912,16254,Charlie
South,Phone,3734,16255,Emma
South,Headphones,8583,16256,Bob
West,Tablet,918,16257,David
East,Headphones,8406,16258,Bob
South,Tablet,6087,16259,Charlie
South,Laptop,4455,16260,Bob
South,Phone,2093,16261,Emma
East,Headphones,5102,16262,Charlie
East,Phone,744,16263,Charlie
West,Headphones,5072,16264,Emma
East,Phone,1114,16265,Alice
East,Phone,749,16266,David
North,Phone,7120,16267,Bob
West,Laptop,6369,16268,David
South,Tablet,6471,16269,David
East,Laptop,1010,16270,Emma
South,Phone,6468,16271,Alice
South,Headphones,5369,16272,David
North,Phone,8005,16273,Charlie
East,Tablet,8147,16274,Alice
West,Laptop,9615,16275,Emma
East,Tablet,573,16276,David
South,Headphones,9500,16277,Emma
West,Tablet,3378,16278,Bob
East,Laptop,5641,16279,Emma
South,Headphones,2626,16280,Charlie
South,Tablet,2704,16281,Emma
North,Laptop,6970,16282,Alice
North,Laptop,4179,16283,Bob
North,Phone,8589,16284,Charlie
South,Tablet,1484,16285,Bob
East,Headphones,1798,16286,Charlie
North,Phone,8048,16287,Bob
East,Tablet,7687,16288,David
North,Tablet,4455,16289,Emma
West,Headphones,6213,16290,Alice
West,Phone,4187,16291,Alice
North,Phone,3545,16292,David
South,Headphones,9551,16293,Bob
North,Phone,7216,16294,Emma
North,Laptop,2585,16295,David
South,Headphones,7033,16296,Bob
West,Tablet,3227,16297,Emma
East,Headphones,876,16298,Bob
North,Laptop,7492,16299,Alice
South,Headphones,6200,16300,Emma
North,Tablet,5190,16301,Alice
South,Tablet,3294,16302,Alice
East,Headphones,1565,16303,Emma
East,Headphones,4182,16304,David
West,Laptop,8137,16305,Bob
South,Laptop,1551,16306,Emma
South,Tablet,9320,16307,Alice
West,Phone,8580,16308,Bob
West,Phone,2873,16309,Emma
South,Phone,7262,16310,David
West,Phone,8558,16311,Emma
East,Tablet,6968,16312,Emma
North,Phone,4474,16313,Charlie
East,Phone,9875,16314,Bob
West,Headphones,7159,16315,Emma
South,Phone,8328,16316,Alice
South,Headphones,5341,16317,Alice
East,Tablet,9969,16318,Charlie
South,Headphones,2451,16319,Alice
West,Laptop,4421,16320,Emma
East,Headphones,3924,16321,Bob
South,Phone,7225,16322,Charlie
North,Headphones,1671,16323,Charlie
North,Headphones,4269,16324,David
West,Tablet,4131,16325,David
South,Tablet,2810,16326,Bob
West,Phone,2843,16327,Bob
East,Laptop,3886,16328,Charlie
North,Laptop,3567,16329,Emma
East,Headphones,2839,16330,Emma
South,Laptop,1183,16331,David
West,Tablet,9567,16332,Bob
West,Phone,1554,16333,Bob
West,Phone,7711,16334,Emma
East,Tablet,3102,16335,David
North,Phone,4514,16336,Emma
East,Headphones,7801,16337,Emma
East,Phone,848,16338,Charlie
South,Laptop,1522,16339,Bob
South,Phone,9141,16340,Charlie
South,Phone,1003,16341,Charlie
North,Tablet,8777,16342,Emma
North,Tablet,1022,16343,David
South,Laptop,3008,16344,Emma
South,Tablet,9321,16345,David
North,Laptop,517,16346,Bob
West,Headphones,7923,16347,Alice
North,Laptop,1768,16348,Bob
North,Phone,1676,16349,Emma
North,Laptop,2132,16350,David
South,Headphones,4113,16351,Alice
West,Phone,614,16352,David
North,Laptop,9444,16353,David
South,Tablet,7090,16354,Alice
East,Tablet,2900,16355,Alice
East,Tablet,7268,16356,Bob
North,Laptop,3088,16357,Charlie
East,Laptop,821,16358,Alice
West,Headphones,8126,16359,Charlie
East,Phone,1333,16360,Charlie
East,Phone,8903,16361,Charlie
West,Phone,9948,16362,Charlie
North,Phone,658,16363,Alice
North,Laptop,3119,16364,David
West,Laptop,1847,16365,Alice
West,Headphones,3664,16366,Alice
West,Phone,7313,16367,Emma
East,Laptop,1410,16368,Emma
West,Laptop,7666,16369,Bob
South,Laptop,2951,16370,Charlie
East,Laptop,903,16371,Charlie
North,Phone,2190,16372,Emma
North,Phone,3985,16373,David
North,Laptop,9948,16374,Bob
East,Tablet,4788,16375,David
South,Headphones,8616,16376,Emma
West,Phone,1022,16377,David
West,Phone,4945,16378,Charlie
North,Tablet,6959,16379,Emma
North,Phone,7586,16380,David
East,Tablet,2444,16381,Bob
South,Tablet,4071,16382,Bob
West,Laptop,2060,16383,Alice
East,Phone,5247,16384,Emma
West,Headphones,7654,16385,Emma
North,Tablet,1092,16386,Emma
West,Headphones,5827,16387,Charlie
South,Laptop,1255,16388,Charlie
South,Phone,9991,16389,Emma
North,Laptop,996,16390,David
South,Laptop,2921,16391,Charlie
South,Headphones,2098,16392,Emma
East,Headphones,4627,16393,Charlie
West,Tablet,7516,16394,Alice
North,Phone,6051,16395,Bob
North,Laptop,4090,16396,Alice
North,Tablet,961,16397,Emma
North,Tablet,5466,16398,Bob
North,Laptop,9059,16399,David
South,Laptop,665,16400,Emma
East,Tablet,2228,16401,David
North,Laptop,8196,16402,David
East,Laptop,5197,16403,Charlie
East,Headphones,2673,16404,Charlie
South,Phone,537,16405,Bob
North,Tablet,4943,16406,Bob
South,Laptop,7986,16407,Charlie
North,Tablet,2521,16408,Bob
South,Phone,7380,16409,Alice
East,Tablet,9425,16410,Emma
North,Tablet,5021,16411,Alice
West,Tablet,9339,16412,Emma
East,Headphones,3802,16413,Charlie
West,Phone,9011,16414,Alice
East,Phone,5107,16415,David
South,Tablet,6868,16416,Alice
North,Tablet,6373,16417,Bob
East,Phone,7998,16418,Alice
South,Laptop,7672,16419,Charlie
North,Headphones,6135,16420,Charlie
North,Phone,4347,16421,Bob
East,Tablet,9629,16422,Emma
North,Laptop,1264,16423,Bob
East,Laptop,6806,16424,Emma
North,Laptop,1152,16425,Charlie
West,Headphones,7544,16426,Charlie
South,Headphones,4464,16427,Emma
West,Phone,5111,16428,Alice
East,Phone,6259,16429,Alice
West,Phone,8878,16430,Bob
East,Phone,645,16431,Charlie
North,Tablet,5601,16432,Alice
North,Headphones,4747,16433,Charlie
East,Laptop,4688,16434,Bob
West,Tablet,3196,16435,David
North,Phone,8740,16436,Charlie
South,Phone,3829,16437,David
North,Tablet,3981,16438,Charlie
South,Laptop,9466,16439,Emma
West,Headphones,5141,16440,David
South,Headphones,6059,16441,Emma
South,Laptop,1760,16442,Emma
South,Headphones,1149,16443,Bob
South,Phone,3548,16444,Bob
North,Phone,2523,16445,Alice
South,Phone,9772,16446,David
North,Phone,4770,16447,Alice
South,Laptop,5833,16448,David
East,Headphones,2574,16449,Bob
West,Headphones,6537,16450,Bob
South,Tablet,2812,16451,Bob
East,Laptop,3974,16452,David
South,Headphones,3760,16453,Bob
South,Headphones,5338,16454,Alice
South,Tablet,6118,16455,Emma
East,Phone,1850,16456,David
West,Headphones,9785,16457,Emma
East,Phone,6548,16458,Alice
West,Tablet,8431,16459,Charlie
South,Headphones,8641,16460,Bob
North,Phone,7823,16461,Alice
South,Laptop,6277,16462,Charlie
West,Phone,2354,16463,David
East,Phone,2766,16464,Alice
South,Phone,1060,16465,David
East,Phone,8046,16466,Emma
East,Laptop,5487,16467,Emma
East,Tablet,7707,16468,David
South,Phone,6986,16469,Emma
East,Phone,2883,16470,Emma
East,Headphones,6647,16471,Bob
South,Headphones,8164,16472,David
East,Laptop,2183,16473,David
South,Laptop,9890,16474,Charlie
West,Laptop,1509,16475,Bob
West,Headphones,2772,16476,Alice
West,Phone,3112,16477,Bob
East,Headphones,7924,16478,Alice
North,Tablet,7726,16479,David
North,Laptop,6563,16480,Bob
East,Laptop,4841,16481,Charlie
North,Laptop,2042,16482,Emma
South,Tablet,1737,16483,Alice
North,Phone,6209,16484,Emma
East,Phone,2763,16485,David
East,Phone,782,16486,David
South,Laptop,8498,16487,David
West,Phone,8240,16488,Emma
East,Headphones,3786,16489,David
South,Laptop,8863,16490,David
North,Tablet,2382,16491,Emma
North,Tablet,6687,16492,David
South,Phone,2775,16493,Alice
South,Laptop,7374,16494,Bob
East,Headphones,8002,16495,Alice
North,Headphones,9292,16496,David
South,Laptop,4290,16497,David
North,Phone,2523,16498,David
South,Tablet,966,16499,David
North,Tablet,4450,16500,Emma
West,Headphones,4389,16501,Bob
East,Headphones,3092,16502,Emma
North,Headphones,7132,16503,Emma
West,Tablet,9711,16504,David
North,Headphones,6858,16505,Alice
North,Tablet,2047,16506,Alice
West,Tablet,7669,16507,Charlie
North,Phone,5249,16508,Bob
North,Phone,4936,16509,Charlie
East,Phone,1203,16510,Emma
West,Headphones,7050,16511,Charlie
West,Tablet,9544,16512,Charlie
South,Headphones,8997,16513,Charlie
North,Tablet,8136,16514,Bob
East,Phone,9565,16515,Alice
North,Phone,2081,16516,Alice
North,Headphones,4457,16517,Charlie
South,Tablet,5090,16518,Bob
North,Headphones,3832,16519,Alice
East,Laptop,2185,16520,David
East,Headphones,8031,16521,Alice
South,Phone,7411,16522,Alice
North,Tablet,6231,16523,Bob
East,Tablet,1395,16524,Bob
North,Headphones,8532,16525,Alice
North,Phone,2846,16526,David
North,Laptop,4031,16527,David
South,Headphones,2361,16528,Charlie
North,Tablet,5352,16529,Charlie
East,Phone,530,16530,Alice
North,Tablet,742,16531,Alice
East,Tablet,7418,16532,Alice
North,Tablet,6011,16533,David
East,Tablet,6008,16534,Emma
East,Laptop,5168,16535,Charlie
North,Phone,6587,16536,Charlie
North,Headphones,7515,16537,Emma
East,Phone,8136,16538,Alice
West,Phone,7162,16539,Charlie
South,Phone,4503,16540,David
West,Headphones,1098,16541,Emma
West,Phone,2695,16542,David
North,Headphones,569,16543,Alice
South,Headphones,8639,16544,Charlie
West,Laptop,4159,16545,David
North,Tablet,6134,16546,Emma
West,Headphones,2781,16547,Alice
West,Tablet,7322,16548,Charlie
North,Phone,4182,16549,Charlie
North,Tablet,3183,16550,Alice
North,Tablet,5062,16551,Alice
South,Tablet,5152,16552,Alice
West,Phone,5431,16553,David
North,Phone,5213,16554,Bob
East,Headphones,5913,16555,Charlie
West,Headphones,6100,16556,David
East,Laptop,4603,16557,Emma
South,Phone,2575,16558,Charlie
North,Laptop,1282,16559,Bob
East,Phone,4306,16560,Emma
South,Tablet,1557,16561,Charlie
North,Laptop,2554,16562,Bob
East,Laptop,2609,16563,Alice
East,Laptop,7783,16564,Bob
South,Phone,1820,16565,Charlie
North,Headphones,8349,16566,Bob
North,Laptop,4917,16567,Charlie
East,Headphones,4199,16568,Charlie
East,Phone,1232,16569,Bob
East,Laptop,7062,16570,Bob
North,Phone,4049,16571,Emma
South,Headphones,6663,16572,Emma
South,Headphones,7055,16573,David
North,Laptop,5878,16574,Charlie
West,Headphones,9296,16575,Emma
South,Tablet,2222,16576,David
East,Tablet,3312,16577,Charlie
West,Laptop,8037,16578,David
West,Phone,2778,16579,Emma
South,Phone,2850,16580,David
West,Phone,4123,16581,Bob
West,Tablet,7030,16582,David
South,Headphones,1214,16583,Alice
South,Tablet,1424,16584,Alice
West,Headphones,3662,16585,David
East,Tablet,4653,16586,Alice
North,Phone,5029,16587,David
West,Phone,3069,16588,David
West,Phone,3315,16589,David
East,Laptop,7472,16590,Alice
West,Laptop,5078,16591,Charlie
West,Headphones,4962,16592,David
North,Laptop,1388,16593,David
North,Tablet,6448,16594,Bob
North,Tablet,3978,16595,Bob
South,Headphones,4089,16596,Emma
South,Headphones,2223,16597,Alice
North,Phone,1758,16598,Charlie
North,Laptop,7526,16599,David
South,Phone,9102,16600,David
East,Laptop,2730,16601,Alice
West,Laptop,7954,16602,Emma
West,Headphones,2560,16603,Emma
North,Phone,4398,16604,Bob
East,Phone,3113,16605,Alice
South,Laptop,7515,16606,Emma
North,Laptop,7198,16607,Emma
East,Headphones,2302,16608,Charlie
East,Tablet,1177,16609,Bob
East,Phone,8587,16610,Bob
South,Phone,5213,16611,Bob
South,Headphones,8230,16612,Emma
West,Headphones,3504,16613,David
West,Phone,9486,16614,Emma
East,Phone,1228,16615,Emma
East,Laptop,5234,16616,Alice
South,Tablet,690,16617,Bob
West,Phone,5494,16618,Bob
East,Headphones,4366,16619,Charlie
West,Laptop,6539,16620,Bob
West,Laptop,6945,16621,Emma
East,Headphones,9329,16622,Alice
South,Headphones,4545,16623,Charlie
East,Laptop,6815,16624,Emma
East,Headphones,6124,16625,Emma
West,Laptop,4658,16626,Charlie
East,Headphones,4611,16627,Emma
South,Laptop,7334,16628,Emma
East,Phone,9533,16629,Alice
South,Phone,4451,16630,Alice
South,Headphones,5720,16631,Alice
West,Tablet,4558,16632,Bob
North,Phone,3747,16633,Charlie
North,Laptop,1716,16634,Alice
West,Tablet,6592,16635,Emma
East,Laptop,8480,16636,Bob
West,Laptop,9590,16637,Charlie
South,Phone,6086,16638,Alice
North,Headphones,7576,16639,Alice
West,Headphones,8440,16640,Charlie
East,Laptop,2722,16641,Alice
West,Phone,9949,16642,Charlie
North,Laptop,8479,16643,Charlie
West,Tablet,2014,16644,Emma
West,Laptop,9108,16645,Charlie
North,Phone,3383,16646,David
South,Laptop,4326,16647,Alice
South,Phone,4839,16648,Emma
North,Headphones,1174,16649,Bob
West,Phone,6789,16650,David
North,Tablet,602,16651,Charlie
South,Phone,4493,16652,Bob
East,Tablet,4208,16653,Bob
West,Tablet,1995,16654,Bob
South,Laptop,3892,16655,Bob
West,Tablet,8037,16656,Emma
North,Phone,3285,16657,Emma
East,Headphones,6319,16658,Bob
North,Phone,4159,16659,David
East,Headphones,5380,16660,Alice
West,Tablet,6088,16661,Alice
West,Laptop,5302,16662,Emma
North,Tablet,5391,16663,David
East,Tablet,4025,16664,David
East,Headphones,4017,16665,Charlie
West,Phone,5277,16666,Emma
North,Laptop,4689,16667,David
East,Laptop,7433,16668,David
West,Laptop,6637,16669,Alice
South,Laptop,6754,16670,David
North,Phone,2413,16671,David
South,Laptop,7835,16672,Bob
North,Headphones,1650,16673,Alice
West,Headphones,4637,16674,Alice
East,Laptop,4636,16675,Bob
East,Laptop,8229,16676,Alice
East,Phone,2010,16677,Charlie
North,Phone,4415,16678,Charlie
West,Laptop,6825,16679,Emma
South,Phone,3752,16680,Alice
West,Tablet,9435,16681,Alice
South,Laptop,4438,16682,Charlie
North,Phone,3011,16683,Emma
North,Headphones,1573,16684,Emma
South,Laptop,2692,16685,Charlie
South,Laptop,8707,16686,Charlie
South,Headphones,7883,16687,Bob
West,Headphones,5671,16688,Emma
South,Phone,8798,16689,Emma
North,Headphones,4814,16690,Bob
North,Tablet,6980,16691,Charlie
East,Laptop,3357,16692,Bob
South,Tablet,4849,16693,Bob
West,Phone,1928,16694,David
West,Headphones,7223,16695,Emma
West,Laptop,7279,16696,Charlie
East,Headphones,8356,16697,David
North,Headphones,7800,16698,David
West,Phone,7145,16699,David
North,Phone,8170,16700,Charlie
East,Phone,3421,16701,Bob
South,Phone,8666,16702,Charlie
South,Laptop,7744,16703,Emma
South,Tablet,1378,16704,Emma
West,Tablet,9002,16705,Bob
South,Laptop,9806,16706,Charlie
West,Headphones,1821,16707,Bob
East,Laptop,4875,16708,Bob
East,Tablet,9658,16709,Charlie
West,Tablet,9386,16710,Emma
North,Laptop,5505,16711,Charlie
South,Phone,8962,16712,Emma
South,Headphones,6136,16713,Alice
South,Laptop,5720,16714,Alice
West,Tablet,3527,16715,Alice
East,Phone,3624,16716,David
South,Headphones,2253,16717,Emma
East,Tablet,8686,16718,Emma
South,Headphones,5599,16719,Charlie
South,Phone,4835,16720,Emma
West,Tablet,3785,16721,Charlie
North,Phone,9052,16722,David
West,Laptop,9425,16723,Charlie
South,Laptop,1351,16724,Alice
South,Headphones,1359,16725,Charlie
North,Phone,1850,16726,Charlie
East,Phone,5418,16727,Charlie
East,Headphones,6230,16728,Emma
South,Headphones,826,16729,Bob
East,Headphones,2620,16730,Bob
South,Laptop,1493,16731,Bob
North,Headphones,5875,16732,Emma
North,Laptop,2266,16733,Alice
South,Headphones,9872,16734,Bob
North,Phone,2464,16735,Bob
West,Phone,7101,16736,David
West,Headphones,3281,16737,David
North,Headphones,7519,16738,Alice
South,Laptop,3405,16739,Charlie
South,Tablet,8790,16740,Charlie
North,Laptop,743,16741,David
East,Phone,4537,16742,David
West,Headphones,8438,16743,Alice
East,Phone,5994,16744,Alice
South,Tablet,3209,16745,Emma
South,Laptop,8201,16746,Charlie
East,Phone,8295,16747,Emma
North,Laptop,7588,16748,Bob
East,Headphones,1547,16749,Alice
East,Phone,4878,16750,Charlie
West,Tablet,7044,16751,Charlie
West,Laptop,7211,16752,Emma
East,Laptop,7721,16753,David
East,Tablet,9113,16754,David
South,Phone,7492,16755,Alice
West,Phone,8562,16756,David
West,Laptop,4301,16757,Bob
South,Tablet,5862,16758,Charlie
North,Laptop,5973,16759,David
West,Laptop,5070,16760,Alice
West,Headphones,2952,16761,Bob
North,Phone,2583,16762,Emma
West,Phone,5663,16763,Emma
West,Headphones,5333,16764,Bob
North,Phone,7301,16765,Alice
North,Phone,3840,16766,Emma
East,Phone,4344,16767,Charlie
South,Tablet,1139,16768,Charlie
South,Headphones,8596,16769,Alice
North,Laptop,8651,16770,Alice
North,Tablet,8877,16771,Charlie
West,Laptop,5900,16772,Alice
East,Headphones,1818,16773,Bob
East,Headphones,9219,16774,Alice
North,Headphones,3759,16775,Charlie
West,Phone,3983,16776,David
West,Tablet,3519,16777,Alice
South,Headphones,5279,16778,Emma
South,Laptop,9266,16779,Bob
West,Phone,1824,16780,Bob
South,Phone,4904,16781,Bob
North,Tablet,9904,16782,Emma
West,Tablet,6437,16783,Emma
South,Tablet,1934,16784,Bob
East,Phone,9229,16785,Bob
West,Headphones,8054,16786,Bob
West,Laptop,5453,16787,Alice
East,Headphones,8884,16788,Emma
North,Laptop,9878,16789,Charlie
East,Headphones,9166,16790,Alice
West,Tablet,4769,16791,Charlie
North,Laptop,7878,16792,Alice
South,Phone,2937,16793,Alice
South,Laptop,5052,16794,Charlie
South,Phone,1854,16795,Bob
West,Headphones,3900,16796,Charlie
East,Tablet,7696,16797,David
North,Laptop,4254,16798,Emma
South,Phone,6765,16799,David
North,Headphones,658,16800,Alice
West,Tablet,7241,16801,Charlie
South,Tablet,2337,16802,Bob
West,Tablet,5111,16803,Bob
East,Headphones,1525,16804,David
West,Headphones,8312,16805,David
West,Headphones,7746,16806,Alice
East,Tablet,1158,16807,Emma
North,Laptop,1177,16808,Alice
East,Phone,4546,16809,Bob
East,Headphones,4321,16810,Charlie
West,Laptop,2875,16811,David
North,Phone,775,16812,Bob
South,Tablet,7359,16813,Alice
East,Laptop,2088,16814,Emma
North,Tablet,5081,16815,Charlie
East,Phone,745,16816,Emma
East,Headphones,9580,16817,Alice
East,Tablet,7170,16818,Alice
East,Laptop,8692,16819,Bob
West,Headphones,2684,16820,Charlie
North,Laptop,3751,16821,Alice
North,Phone,6363,16822,Bob
North,Phone,3551,16823,Alice
East,Headphones,4271,16824,Bob
West,Laptop,9820,16825,Emma
East,Laptop,9389,16826,Bob
East,Laptop,9780,16827,Emma
North,Laptop,2919,16828,David
East,Phone,7896,16829,Alice
South,Laptop,3128,16830,David
East,Phone,7809,16831,Charlie
South,Laptop,1185,16832,David
East,Laptop,3256,16833,Bob
West,Tablet,5523,16834,Bob
West,Tablet,5335,16835,Charlie
North,Laptop,2472,16836,Charlie
East,Phone,1210,16837,Alice
South,Laptop,9016,16838,Bob
South,Tablet,5585,16839,Charlie
East,Laptop,6146,16840,David
South,Tablet,5393,16841,Bob
West,Laptop,3094,16842,Charlie
South,Headphones,1592,16843,Alice
North,Laptop,3455,16844,Emma
West,Phone,8903,16845,Bob
West,Tablet,4643,16846,Bob
West,Headphones,9270,16847,Bob
East,Tablet,8144,16848,Bob
East,Tablet,3497,16849,Emma
West,Phone,5708,16850,Emma
East,Laptop,3479,16851,Alice
South,Phone,4105,16852,Bob
East,Laptop,921,16853,Charlie
East,Headphones,1110,16854,David
West,Phone,9137,16855,Bob
North,Phone,9652,16856,Emma
North,Tablet,630,16857,Alice
North,Phone,3147,16858,Bob
South,Laptop,7173,16859,Alice
East,Phone,4229,16860,Charlie
North,Phone,4931,16861,Charlie
West,Headphones,1524,16862,Charlie
North,Laptop,7539,16863,Charlie
North,Tablet,1037,16864,David
East,Laptop,5091,16865,Alice
East,Headphones,3583,16866,Bob
East,Laptop,1007,16867,David
South,Laptop,4424,16868,Bob
South,Phone,9372,16869,Emma
North,Phone,3112,16870,David
East,Laptop,5376,16871,David
North,Laptop,9451,16872,Emma
West,Tablet,4723,16873,David
West,Headphones,3647,16874,Alice
East,Phone,2693,16875,Charlie
East,Phone,8582,16876,Bob
West,Phone,3046,16877,Emma
East,Phone,5561,16878,Charlie
South,Laptop,5155,16879,David
South,Laptop,1722,16880,Alice
East,Tablet,8250,16881,David
West,Phone,5519,16882,Emma
North,Phone,4074,16883,David
East,Laptop,6223,16884,Alice
East,Tablet,7046,16885,David
North,Laptop,3523,16886,David
East,Phone,3780,16887,David
North,Phone,9763,16888,David
West,Headphones,1040,16889,Alice
South,Headphones,1010,16890,Bob
West,Headphones,6662,16891,Charlie
South,Tablet,7202,16892,Emma
North,Laptop,844,16893,Bob
South,Phone,5679,16894,Alice
West,Phone,8583,16895,Emma
South,Tablet,6872,16896,Emma
North,Phone,2980,16897,David
South,Phone,9090,16898,Charlie
East,Laptop,6319,16899,Charlie
West,Headphones,7242,16900,Alice
East,Headphones,9986,16901,Bob
North,Tablet,7400,16902,David
South,Headphones,6138,16903,Charlie
East,Headphones,6400,16904,David
East,Tablet,6023,16905,Bob
South,Tablet,4349,16906,Emma
South,Headphones,2277,16907,Bob
West,Laptop,9071,16908,Emma
East,Tablet,4263,16909,Bob
East,Phone,3558,16910,David
North,Tablet,9998,16911,Bob
West,Phone,2965,16912,Charlie
North,Tablet,4951,16913,Charlie
East,Tablet,515,16914,Alice
North,Headphones,4910,16915,Charlie
East,Headphones,3080,16916,Charlie
East,Headphones,5635,16917,Emma
North,Laptop,8448,16918,David
North,Headphones,3092,16919,David
South,Headphones,5289,16920,Emma
South,Tablet,8760,16921,Charlie
South,Tablet,9102,16922,Bob
East,Laptop,7732,16923,Emma
North,Phone,8593,16924,David
West,Tablet,1418,16925,Alice
East,Tablet,5335,16926,David
West,Phone,3843,16927,Bob
North,Laptop,2986,16928,David
East,Tablet,7373,16929,Emma
West,Headphones,772,16930,Alice
West,Laptop,5054,16931,David
South,Phone,1319,16932,Emma
South,Phone,5792,16933,Emma
South,Headphones,3115,16934,Emma
East,Headphones,6569,16935,Alice
North,Headphones,6140,16936,Emma
North,Laptop,4484,16937,Alice
South,Phone,5390,16938,Bob
South,Headphones,8201,16939,Bob
South,Headphones,5691,16940,Bob
West,Phone,3481,16941,Emma
South,Tablet,3539,16942,Alice
West,Laptop,5435,16943,Bob
North,Tablet,1102,16944,Charlie
East,Headphones,7959,16945,Bob
East,Laptop,7919,16946,Emma
East,Tablet,8947,16947,Charlie
East,Phone,8192,16948,David
West,Headphones,2987,16949,Charlie
West,Laptop,1858,16950,David
South,Laptop,1189,16951,Charlie
West,Laptop,8999,16952,Alice
South,Laptop,6631,16953,Charlie
South,Headphones,3666,16954,Bob
East,Headphones,9100,16955,David
West,Phone,1325,16956,David
West,Phone,1691,16957,Bob
South,Phone,6147,16958,Alice
South,Tablet,7285,16959,Charlie
North,Phone,7313,16960,Alice
North,Headphones,6141,16961,Bob
South,Tablet,1033,16962,Charlie
North,Headphones,7010,16963,Bob
North,Tablet,1707,16964,David
South,Phone,9108,16965,David
South,Phone,1737,16966,David
West,Phone,5443,16967,Emma
South,Tablet,5265,16968,Emma
South,Headphones,5336,16969,David
East,Laptop,959,16970,Emma
West,Headphones,9341,16971,Emma
West,Phone,619,16972,Bob
West,Tablet,5268,16973,Charlie
East,Tablet,6480,16974,David
South,Phone,9009,16975,Emma
West,Tablet,6981,16976,Bob
West,Phone,6798,16977,Bob
North,Headphones,9559,16978,Charlie
West,Tablet,3726,16979,Bob
South,Laptop,9085,16980,Alice
South,Tablet,3052,16981,Alice
North,Phone,5878,16982,David
West,Laptop,3728,16983,Charlie
West,Phone,576,16984,Alice
West,Tablet,3910,16985,Charlie
East,Laptop,908,16986,David
West,Laptop,4592,16987,Bob
South,Tablet,2767,16988,Bob
South,Laptop,9435,16989,Bob
East,Headphones,5028,16990,Alice
East,Laptop,6074,16991,Charlie
West,Laptop,6273,16992,Alice
North,Headphones,4334,16993,Emma
East,Phone,4497,16994,Charlie
East,Phone,7807,16995,David
West,Headphones,9679,16996,Alice
West,Laptop,6117,16997,Bob
East,Tablet,3201,16998,Bob
North,Headphones,4212,16999,Bob
East,Tablet,4407,17000,Alice
West,Phone,9446,17001,Alice
West,Headphones,1175,17002,Bob
East,Tablet,5427,17003,Bob
North,Laptop,5849,17004,Bob
East,Headphones,6668,17005,Emma
East,Tablet,3975,17006,Alice
West,Headphones,7316,17007,Bob
North,Headphones,1041,17008,David
South,Phone,664,17009,Bob
North,Phone,7592,17010,Alice
East,Laptop,1484,17011,David
East,Phone,3161,17012,Alice
East,Phone,4968,17013,Alice
North,Phone,1117,17014,Alice
West,Tablet,8760,17015,Charlie
East,Headphones,6139,17016,David
East,Phone,4696,17017,Emma
North,Tablet,500,17018,Emma
South,Headphones,8877,17019,Charlie
South,Phone,4938,17020,Alice
West,Phone,5308,17021,Emma
West,Headphones,3579,17022,David
East,Tablet,7219,17023,Bob
North,Tablet,8827,17024,David
East,Laptop,6518,17025,Alice
West,Headphones,882,17026,David
North,Laptop,1427,17027,Alice
North,Tablet,5559,17028,David
West,Phone,1060,17029,Charlie
South,Laptop,1689,17030,David
South,Tablet,1397,17031,Emma
North,Tablet,2868,17032,Bob
East,Phone,5453,17033,Charlie
South,Headphones,8398,17034,David
East,Tablet,4880,17035,Alice
South,Laptop,2898,17036,Charlie
South,Phone,6726,17037,Emma
East,Headphones,6243,17038,Bob
West,Headphones,3088,17039,Bob
South,Headphones,6856,17040,David
South,Tablet,4185,17041,Emma
East,Headphones,9621,17042,Emma
West,Tablet,4809,17043,Bob
South,Phone,4899,17044,Bob
South,Phone,3726,17045,Emma
West,Headphones,1903,17046,Bob
South,Phone,8891,17047,Alice
West,Laptop,2785,17048,Bob
West,Laptop,9362,17049,Alice
East,Tablet,2228,17050,Bob
North,Headphones,1749,17051,Charlie
West,Tablet,1378,17052,Charlie
East,Phone,3023,17053,Charlie
North,Headphones,997,17054,Alice
South,Tablet,9669,17055,Alice
North,Headphones,8202,17056,David
West,Headphones,8078,17057,David
West,Tablet,5379,17058,Bob
West,Headphones,1038,17059,Alice
West,Phone,9592,17060,Charlie
West,Laptop,1966,17061,Charlie
East,Laptop,8214,17062,Charlie
West,Headphones,2233,17063,Bob
East,Laptop,990,17064,Alice
South,Headphones,2209,17065,Bob
West,Tablet,7211,17066,Emma
West,Phone,2418,17067,Emma
North,Laptop,8666,17068,David
South,Tablet,6525,17069,Alice
West,Phone,6599,17070,Charlie
West,Laptop,697,17071,Alice
South,Laptop,2213,17072,David
East,Phone,5283,17073,Charlie
West,Tablet,8602,17074,Bob
North,Tablet,4344,17075,Charlie
West,Laptop,1095,17076,Emma
North,Phone,8830,17077,Bob
North,Tablet,1514,17078,Charlie
West,Phone,741,17079,Bob
West,Phone,2863,17080,Emma
North,Laptop,1232,17081,Emma
South,Phone,634,17082,Alice
South,Phone,4261,17083,Emma
West,Headphones,3126,17084,Emma
East,Phone,7679,17085,Emma
South,Tablet,2010,17086,David
West,Laptop,3296,17087,Emma
South,Laptop,7407,17088,Alice
East,Phone,5012,17089,Bob
West,Phone,4802,17090,David
East,Tablet,2143,17091,Bob
West,Headphones,4906,17092,Bob
East,Laptop,3864,17093,Alice
South,Headphones,7268,17094,David
South,Tablet,3911,17095,Charlie
East,Laptop,582,17096,Emma
East,Tablet,6196,17097,Bob
East,Phone,2940,17098,Bob
West,Tablet,6260,17099,Alice
South,Phone,2282,17100,Alice
West,Headphones,9296,17101,Alice
South,Laptop,6926,17102,David
North,Laptop,8406,17103,Emma
West,Headphones,9422,17104,David
South,Phone,1860,17105,Alice
South,Laptop,2578,17106,Alice
West,Tablet,1477,17107,Bob
West,Phone,8293,17108,David
South,Laptop,2137,17109,David
West,Tablet,3800,17110,Emma
East,Tablet,4504,17111,David
West,Laptop,1082,17112,Emma
West,Headphones,9151,17113,Charlie
West,Headphones,8827,17114,Emma
South,Laptop,9669,17115,Alice
East,Tablet,8975,17116,Charlie
North,Headphones,2898,17117,Bob
North,Headphones,4612,17118,Bob
East,Headphones,1738,17119,Bob
East,Phone,3966,17120,Alice
East,Headphones,6018,17121,Bob
South,Laptop,5863,17122,Emma
North,Laptop,3666,17123,Alice
East,Phone,1279,17124,David
South,Phone,2634,17125,Alice
North,Laptop,2736,17126,Alice
West,Phone,2139,17127,David
South,Headphones,9111,17128,Emma
North,Tablet,4189,17129,Charlie
South,Tablet,5455,17130,David
North,Tablet,8898,17131,Alice
North,Laptop,7872,17132,Bob
West,Phone,3890,17133,David
South,Tablet,7750,17134,David
East,Headphones,7749,17135,Charlie
West,Headphones,4296,17136,Alice
West,Headphones,3034,17137,Bob
North,Phone,2680,17138,Bob
East,Tablet,4806,17139,Charlie
South,Headphones,4727,17140,Bob
East,Phone,1946,17141,Emma
East,Headphones,1451,17142,David
East,Tablet,4521,17143,David
East,Tablet,5985,17144,Bob
East,Tablet,2217,17145,Bob
North,Tablet,4742,17146,Bob
North,Tablet,4305,17147,David
West,Headphones,6413,17148,Bob
North,Tablet,7975,17149,Emma
West,Headphones,5310,17150,Emma
West,Tablet,2096,17151,David
South,Headphones,7094,17152,Alice
East,Tablet,3716,17153,Alice
North,Headphones,9598,17154,Alice
South,Tablet,6255,17155,Emma
North,Phone,6783,17156,Charlie
West,Headphones,1837,17157,Alice
North,Phone,3474,17158,Charlie
East,Headphones,4973,17159,David
West,Headphones,9052,17160,Emma
West,Headphones,7326,17161,Alice
South,Laptop,6167,17162,Emma
East,Tablet,9264,17163,David
West,Phone,8513,17164,Emma
East,Phone,3544,17165,Bob
North,Headphones,5518,17166,Alice
East,Phone,2733,17167,Emma
West,Phone,6137,17168,Emma
South,Phone,7967,17169,Emma
West,Phone,3746,17170,David
East,Laptop,4541,17171,Alice
East,Headphones,2389,17172,Alice
West,Phone,8176,17173,Bob
East,Laptop,3155,17174,Bob
North,Laptop,4218,17175,Emma
West,Headphones,6035,17176,Alice
South,Tablet,9748,17177,Alice
West,Tablet,2629,17178,Emma
North,Tablet,2130,17179,Charlie
North,Phone,5560,17180,Alice
North,Headphones,1491,17181,Emma
North,Tablet,5090,17182,Emma
North,Phone,9885,17183,Charlie
South,Headphones,7366,17184,Bob
East,Phone,9394,17185,Emma
North,Tablet,9722,17186,Alice
North,Tablet,5421,17187,Bob
West,Laptop,8521,17188,Bob
South,Laptop,2981,17189,Bob
South,Headphones,9254,17190,Emma
East,Phone,6781,17191,Alice
South,Phone,9058,17192,Charlie
West,Tablet,6749,17193,David
West,Tablet,1293,17194,David
East,Headphones,5231,17195,Bob
West,Laptop,1486,17196,David
North,Tablet,9649,17197,David
North,Phone,4095,17198,Emma
West,Tablet,1354,17199,Charlie
East,Laptop,2069,17200,David
South,Phone,2756,17201,Charlie
East,Laptop,4603,17202,David
South,Headphones,4676,17203,Bob
West,Headphones,8461,17204,Bob
West,Laptop,5754,17205,Charlie
North,Phone,8929,17206,Charlie
South,Laptop,8406,17207,Charlie
East,Tablet,6501,17208,Charlie
West,Tablet,2232,17209,Alice
East,Laptop,1314,17210,Bob
North,Tablet,7535,17211,David
South,Laptop,1686,17212,Alice
South,Tablet,8081,17213,Charlie
West,Laptop,2725,17214,David
South,Tablet,9676,17215,Bob
West,Phone,6923,17216,Charlie
North,Phone,9489,17217,Emma
South,Tablet,5673,17218,Charlie
West,Laptop,9235,17219,David
East,Tablet,6382,17220,Bob
West,Headphones,1019,17221,Charlie
South,Headphones,5541,17222,Bob
North,Laptop,1954,17223,Alice
South,Tablet,7370,17224,Emma
South,Tablet,7713,17225,Alice
West,Phone,8259,17226,Emma
East,Laptop,9750,17227,Alice
South,Headphones,9804,17228,Bob
East,Headphones,3906,17229,Bob
West,Laptop,1446,17230,Alice
East,Headphones,4530,17231,David
West,Laptop,8827,17232,Alice
North,Headphones,1292,17233,Charlie
East,Headphones,1636,17234,David
East,Laptop,1054,17235,Bob
North,Laptop,7537,17236,Alice
East,Headphones,3903,17237,David
North,Headphones,2754,17238,Charlie
South,Phone,1866,17239,Emma
West,Tablet,1448,17240,Bob
North,Laptop,8795,17241,David
East,Laptop,8309,17242,David
North,Tablet,7707,17243,David
East,Phone,9738,17244,Alice
South,Headphones,7919,17245,Bob
North,Headphones,4526,17246,Bob
South,Phone,6456,17247,Alice
West,Phone,7869,17248,Alice
East,Tablet,7822,17249,Alice
East,Tablet,3114,17250,Charlie
South,Headphones,9655,17251,David
West,Phone,3771,17252,Charlie
North,Phone,9529,17253,Bob
North,Headphones,7884,17254,Alice
East,Headphones,6178,17255,David
South,Headphones,1381,17256,Emma
South,Headphones,3688,17257,David
North,Headphones,3834,17258,Emma
West,Tablet,2698,17259,David
West,Headphones,8903,17260,Alice
North,Phone,9907,17261,Emma
North,Laptop,9572,17262,Emma
South,Tablet,1254,17263,Bob
West,Phone,5717,17264,David
North,Laptop,9392,17265,Charlie
North,Tablet,870,17266,Charlie
East,Headphones,2232,17267,Bob
North,Tablet,5759,17268,Bob
North,Headphones,1301,17269,Bob
West,Headphones,6899,17270,Alice
South,Headphones,9681,17271,Alice
West,Laptop,5271,17272,Alice
South,Tablet,7507,17273,Alice
East,Headphones,915,17274,Bob
North,Phone,3837,17275,Bob
East,Tablet,5758,17276,Alice
South,Phone,8527,17277,Alice
West,Laptop,5557,17278,Emma
West,Laptop,7467,17279,David
East,Tablet,2120,17280,Emma
South,Laptop,6482,17281,David
East,Laptop,8493,17282,Alice
East,Tablet,3292,17283,Alice
North,Phone,9264,17284,Alice
East,Headphones,7886,17285,Emma
North,Tablet,5393,17286,Bob
North,Tablet,5596,17287,David
West,Headphones,5356,17288,Emma
North,Phone,4155,17289,Alice
North,Headphones,8984,17290,Bob
West,Headphones,4793,17291,Emma
East,Phone,579,17292,David
South,Phone,4808,17293,Alice
South,Headphones,2362,17294,David
South,Headphones,1118,17295,Alice
East,Tablet,1459,17296,Alice
North,Phone,4235,17297,Charlie
South,Laptop,8614,17298,David
East,Phone,2668,17299,Bob
North,Headphones,3745,17300,Alice
West,Headphones,7735,17301,Bob
South,Headphones,1661,17302,Emma
North,Headphones,2540,17303,Alice
South,Laptop,8660,17304,Alice
South,Phone,6149,17305,Alice
South,Laptop,9791,17306,Bob
North,Laptop,7818,17307,Charlie
East,Headphones,7983,17308,David
North,Laptop,4632,17309,Alice
South,Headphones,1344,17310,David
North,Headphones,6277,17311,David
West,Headphones,2143,17312,David
East,Laptop,1763,17313,Bob
North,Headphones,3434,17314,David
West,Laptop,6639,17315,Emma
East,Phone,7674,17316,Bob
West,Headphones,715,17317,Bob
East,Tablet,5276,17318,Emma
North,Tablet,2840,17319,Charlie
West,Tablet,8206,17320,Charlie
South,Tablet,2590,17321,Alice
West,Tablet,1616,17322,Charlie
East,Laptop,8250,17323,Alice
North,Phone,5834,17324,David
East,Laptop,2661,17325,Alice
West,Headphones,3756,17326,Charlie
West,Phone,9840,17327,Alice
South,Phone,3676,17328,Bob
North,Phone,6880,17329,Charlie
North,Phone,3845,17330,Alice
West,Tablet,7496,17331,Charlie
North,Headphones,9832,17332,Emma
South,Phone,3433,17333,Charlie
East,Phone,8241,17334,Emma
North,Tablet,6155,17335,Alice
West,Laptop,2948,17336,Emma
East,Laptop,1327,17337,Charlie
East,Laptop,6396,17338,Bob
South,Headphones,1703,17339,Emma
West,Laptop,7119,17340,Charlie
North,Phone,7298,17341,Bob
West,Tablet,1344,17342,David
East,Tablet,3471,17343,Emma
West,Laptop,1768,17344,Emma
North,Tablet,5244,17345,Alice
North,Phone,8235,17346,David
South,Laptop,4030,17347,Alice
North,Phone,5585,17348,Alice
North,Headphones,9495,17349,Charlie
West,Phone,8819,17350,Alice
West,Phone,9643,17351,Emma
East,Phone,2764,17352,Alice
South,Phone,519,17353,Bob
West,Headphones,2281,17354,Emma
North,Laptop,7357,17355,Charlie
East,Phone,5334,17356,Alice
West,Laptop,7796,17357,Bob
South,Tablet,9248,17358,Bob
South,Phone,2744,17359,Emma
East,Phone,3483,17360,Alice
East,Tablet,3225,17361,Bob
East,Laptop,5099,17362,Alice
East,Headphones,5866,17363,Emma
East,Phone,5387,17364,David
North,Tablet,696,17365,Bob
North,Tablet,5726,17366,Charlie
West,Phone,3328,17367,Alice
South,Laptop,4488,17368,Emma
North,Laptop,6232,17369,Emma
North,Phone,5779,17370,Charlie
North,Tablet,2969,17371,David
West,Phone,2130,17372,Alice
East,Headphones,3778,17373,David
West,Headphones,2538,17374,Emma
South,Laptop,5932,17375,Bob
South,Headphones,5521,17376,David
South,Tablet,4830,17377,Bob
South,Headphones,6970,17378,Charlie
North,Phone,7577,17379,Emma
North,Tablet,5261,17380,Bob
West,Laptop,5719,17381,Alice
East,Laptop,7501,17382,Emma
South,Headphones,1887,17383,Charlie
West,Laptop,1141,17384,Alice
North,Phone,6112,17385,Emma
North,Tablet,7710,17386,David
East,Phone,1074,17387,Emma
East,Phone,9710,17388,Alice
East,Phone,8296,17389,Bob
West,Phone,9091,17390,Bob
North,Tablet,5190,17391,Emma
North,Tablet,1956,17392,Emma
East,Phone,2095,17393,Charlie
South,Phone,8808,17394,David
East,Laptop,8486,17395,Charlie
West,Laptop,9074,17396,Charlie
East,Tablet,2629,17397,Bob
East,Laptop,1331,17398,Bob
West,Tablet,5468,17399,Alice
East,Tablet,3981,17400,Charlie
North,Headphones,2617,17401,Alice
South,Tablet,4982,17402,Emma
East,Laptop,2506,17403,Alice
West,Headphones,8988,17404,Bob
South,Laptop,7260,17405,Charlie
West,Tablet,9410,17406,Bob
South,Tablet,6194,17407,Emma
South,Phone,6562,17408,David
East,Tablet,3579,17409,Charlie
North,Headphones,5778,17410,Bob
East,Tablet,510,17411,David
West,Phone,5380,17412,Emma
West,Tablet,910,17413,David
South,Tablet,1098,17414,Bob
South,Tablet,1323,17415,Bob
North,Phone,8376,17416,Emma
East,Laptop,5717,17417,Emma
West,Tablet,7586,17418,David
South,Headphones,812,17419,David
North,Phone,7171,17420,Bob
West,Headphones,7200,17421,Emma
South,Tablet,2992,17422,Alice
West,Phone,730,17423,Emma
North,Tablet,4240,17424,Charlie
North,Headphones,543,17425,Charlie
West,Phone,8032,17426,Emma
East,Laptop,8592,17427,David
West,Laptop,7778,17428,Charlie
South,Laptop,3957,17429,Bob
East,Tablet,5884,17430,Bob
South,Phone,6115,17431,Bob
West,Headphones,6006,17432,Emma
East,Headphones,3495,17433,Charlie
South,Tablet,4138,17434,David
West,Tablet,8017,17435,Bob
West,Headphones,3784,17436,David
East,Phone,8862,17437,Bob
West,Tablet,4841,17438,Emma
North,Phone,1116,17439,Bob
South,Headphones,739,17440,Emma
South,Phone,6552,17441,Charlie
West,Laptop,6954,17442,Charlie
West,Headphones,9614,17443,David
North,Laptop,5387,17444,Bob
East,Headphones,2404,17445,Charlie
West,Laptop,6665,17446,Alice
West,Phone,1312,17447,Alice
West,Headphones,5499,17448,David
West,Headphones,8142,17449,Charlie
South,Laptop,2230,17450,Emma
West,Phone,9523,17451,Alice
South,Headphones,3924,17452,Charlie
West,Tablet,6562,17453,Emma
East,Laptop,2707,17454,Bob
North,Headphones,3868,17455,Charlie
East,Phone,5971,17456,Bob
West,Phone,2727,17457,Alice
West,Phone,8139,17458,Bob
West,Phone,4880,17459,Alice
East,Laptop,2320,17460,David
West,Headphones,9340,17461,David
East,Laptop,688,17462,Alice
South,Laptop,9914,17463,Emma
North,Phone,5721,17464,David
North,Tablet,9170,17465,Emma
East,Phone,7246,17466,Emma
South,Tablet,5112,17467,Emma
East,Laptop,2388,17468,Charlie
South,Phone,2050,17469,Charlie
West,Phone,7559,17470,Emma
South,Laptop,5733,17471,Alice
South,Phone,6135,17472,David
South,Headphones,533,17473,Bob
North,Tablet,8987,17474,Charlie
South,Tablet,1929,17475,Charlie
West,Tablet,5746,17476,Bob
West,Phone,2487,17477,Emma
West,Headphones,6771,17478,Bob
South,Phone,3382,17479,Emma
East,Tablet,2047,17480,Charlie
East,Phone,962,17481,Bob
West,Tablet,7207,17482,Alice
North,Laptop,5805,17483,David
East,Tablet,1013,17484,David
South,Laptop,5674,17485,David
East,Laptop,4066,17486,Bob
West,Laptop,4303,17487,Emma
North,Tablet,4438,17488,Charlie
East,Headphones,1971,17489,David
East,Tablet,8503,17490,Bob
West,Phone,837,17491,David
North,Phone,7551,17492,Emma
North,Headphones,7944,17493,Alice
West,Headphones,3912,17494,Alice
South,Headphones,2892,17495,Charlie
East,Laptop,1476,17496,Alice
South,Headphones,5478,17497,Alice
East,Headphones,4568,17498,Bob
East,Headphones,1371,17499,Bob
South,Tablet,3909,17500,Charlie
West,Phone,3089,17501,Charlie
West,Phone,2049,17502,Bob
East,Headphones,4961,17503,Alice
West,Phone,3121,17504,Emma
East,Tablet,3029,17505,Alice
West,Phone,7662,17506,Alice
East,Laptop,8851,17507,Emma
West,Tablet,6899,17508,Charlie
North,Phone,3081,17509,Bob
South,Phone,7065,17510,Charlie
North,Tablet,7605,17511,Charlie
South,Phone,7456,17512,Charlie
South,Phone,3434,17513,Bob
East,Headphones,2811,17514,Charlie
South,Laptop,3295,17515,Charlie
North,Tablet,4828,17516,David
North,Headphones,7323,17517,Alice
West,Phone,4828,17518,David
North,Tablet,4088,17519,Bob
West,Tablet,3616,17520,Emma
South,Laptop,5153,17521,Emma
North,Laptop,4247,17522,David
South,Tablet,7324,17523,David
North,Laptop,1959,17524,David
North,Laptop,4930,17525,Alice
West,Phone,2951,17526,Bob
South,Laptop,7831,17527,Charlie
North,Laptop,4590,17528,David
East,Headphones,9463,17529,Alice
South,Phone,5541,17530,Emma
South,Phone,1611,17531,Emma
South,Tablet,9973,17532,Emma
West,Laptop,4085,17533,David
East,Headphones,8101,17534,Emma
South,Headphones,2873,17535,Emma
North,Phone,7342,17536,Emma
North,Laptop,9033,17537,Charlie
West,Headphones,5598,17538,Emma
North,Tablet,5223,17539,Alice
South,Laptop,3318,17540,David
North,Laptop,3425,17541,Charlie
South,Laptop,9964,17542,Charlie
North,Headphones,1209,17543,David
East,Phone,7492,17544,Emma
West,Phone,1238,17545,Emma
West,Tablet,5090,17546,Bob
East,Headphones,6587,17547,Emma
East,Laptop,4218,17548,Alice
West,Tablet,8701,17549,Emma
East,Tablet,5581,17550,David
South,Phone,3078,17551,Emma
North,Laptop,2058,17552,David
West,Laptop,4500,17553,Charlie
East,Headphones,5045,17554,Bob
South,Headphones,5839,17555,Charlie
West,Headphones,9556,17556,David
East,Tablet,3216,17557,Bob
West,Laptop,4802,17558,Charlie
East,Phone,2309,17559,Emma
West,Tablet,6330,17560,Emma
South,Tablet,2497,17561,Bob
South,Phone,3431,17562,Charlie
North,Phone,2630,17563,Alice
West,Headphones,4912,17564,Alice
North,Phone,7013,17565,Alice
West,Phone,3296,17566,Charlie
East,Phone,8248,17567,Charlie
East,Phone,6823,17568,Charlie
North,Headphones,7245,17569,David
West,Tablet,5702,17570,Alice
North,Laptop,2055,17571,Alice
South,Laptop,8681,17572,Alice
North,Tablet,4943,17573,David
North,Laptop,9022,17574,David
East,Laptop,5205,17575,Charlie
North,Tablet,5339,17576,Alice
West,Laptop,4458,17577,Alice
East,Laptop,5164,17578,Emma
North,Tablet,9662,17579,Emma
South,Laptop,1246,17580,Emma
North,Phone,2684,17581,David
North,Tablet,8446,17582,Charlie
North,Headphones,5821,17583,Bob
East,Laptop,9710,17584,Alice
West,Headphones,7648,17585,Emma
South,Laptop,2524,17586,Alice
North,Phone,6673,17587,Alice
West,Tablet,3211,17588,Alice
West,Headphones,7518,17589,Charlie
East,Tablet,7697,17590,Alice
South,Headphones,2202,17591,Charlie
East,Laptop,6029,17592,Bob
West,Phone,7716,17593,Bob
West,Headphones,8155,17594,David
West,Headphones,5917,17595,Alice
East,Phone,6824,17596,Emma
South,Phone,4373,17597,David
North,Phone,8813,17598,David
East,Phone,765,17599,Bob
West,Phone,8719,17600,Emma
East,Tablet,5878,17601,Alice
West,Laptop,2624,17602,Alice
North,Laptop,931,17603,Bob
North,Headphones,5474,17604,Charlie
South,Phone,4277,17605,Bob
West,Tablet,7537,17606,Emma
South,Tablet,1585,17607,Charlie
South,Headphones,6695,17608,Emma
North,Phone,6759,17609,Alice
East,Laptop,2985,17610,Charlie
East,Phone,8792,17611,Emma
South,Tablet,5898,17612,Alice
North,Phone,5578,17613,Emma
West,Laptop,7702,17614,Charlie
East,Laptop,3548,17615,Alice
South,Headphones,7002,17616,Emma
East,Tablet,1299,17617,David
East,Phone,4322,17618,Charlie
West,Phone,6111,17619,Charlie
North,Headphones,6509,17620,Charlie
West,Headphones,9987,17621,Alice
North,Headphones,5763,17622,Charlie
East,Tablet,9126,17623,Emma
South,Phone,6070,17624,David
West,Headphones,9607,17625,Emma
North,Tablet,5140,17626,Emma
East,Phone,5833,17627,Charlie
North,Laptop,9339,17628,David
North,Headphones,2795,17629,David
North,Tablet,1931,17630,David
East,Phone,5672,17631,David
South,Phone,2861,17632,Bob
South,Headphones,8041,17633,David
South,Headphones,1223,17634,Charlie
North,Phone,2047,17635,David
East,Tablet,9671,17636,Emma
North,Laptop,8775,17637,Bob
South,Phone,1865,17638,Emma
South,Tablet,9241,17639,Charlie
East,Headphones,4353,17640,Charlie
North,Phone,5182,17641,David
West,Headphones,6460,17642,Charlie
West,Laptop,8843,17643,Bob
South,Headphones,8189,17644,Emma
East,Laptop,5657,17645,Charlie
North,Headphones,3998,17646,Charlie
North,Headphones,3485,17647,Bob
South,Laptop,2067,17648,Alice
South,Headphones,8903,17649,Alice
North,Tablet,7169,17650,Bob
North,Headphones,4691,17651,Charlie
South,Phone,7656,17652,Bob
North,Headphones,9213,17653,Bob
West,Tablet,7017,17654,Alice
South,Phone,5635,17655,David
North,Tablet,7251,17656,Charlie
South,Phone,8709,17657,Emma
East,Headphones,7674,17658,Bob
South,Tablet,2219,17659,Alice
South,Headphones,8561,17660,David
East,Phone,4514,17661,Charlie
West,Tablet,1378,17662,Bob
North,Laptop,9285,17663,Alice
East,Tablet,6772,17664,Bob
South,Headphones,2109,17665,Emma
North,Laptop,9567,17666,Charlie
East,Laptop,7214,17667,Charlie
North,Phone,5609,17668,Charlie
North,Laptop,2948,17669,Charlie
East,Laptop,2636,17670,Alice
North,Phone,7466,17671,Emma
West,Tablet,2553,17672,Bob
East,Headphones,8263,17673,Alice
West,Tablet,583,17674,David
South,Laptop,3168,17675,Charlie
North,Headphones,5731,17676,Charlie
South,Tablet,9390,17677,Bob
South,Headphones,2320,17678,Charlie
North,Laptop,4914,17679,Charlie
East,Tablet,7749,17680,Bob
North,Headphones,9790,17681,Emma
South,Headphones,7072,17682,Alice
South,Tablet,8127,17683,Emma
East,Tablet,3394,17684,Bob
North,Laptop,3917,17685,Charlie
South,Phone,748,17686,Charlie
West,Headphones,8310,17687,Emma
South,Tablet,2390,17688,David
South,Tablet,8380,17689,Alice
East,Tablet,2615,17690,Charlie
West,Headphones,7081,17691,Bob
South,Laptop,3563,17692,Emma
South,Phone,6151,17693,Alice
West,Headphones,2306,17694,David
North,Laptop,7800,17695,Charlie
North,Headphones,8987,17696,Emma
South,Headphones,3194,17697,Charlie
South,Tablet,5993,17698,Emma
North,Laptop,8723,17699,David
East,Tablet,5150,17700,Bob
West,Tablet,8626,17701,Bob
West,Laptop,1292,17702,Alice
East,Tablet,4691,17703,Charlie
East,Tablet,1589,17704,Charlie
East,Phone,8921,17705,Charlie
East,Laptop,3280,17706,Bob
East,Laptop,4997,17707,Alice
East,Tablet,1289,17708,Bob
West,Tablet,4694,17709,Emma
East,Laptop,4957,17710,Charlie
North,Laptop,7171,17711,Emma
East,Headphones,5135,17712,David
East,Laptop,6461,17713,Emma
West,Headphones,7238,17714,Emma
West,Tablet,5655,17715,Emma
East,Phone,813,17716,Bob
West,Phone,7133,17717,Emma
South,Headphones,732,17718,Charlie
West,Tablet,6235,17719,Alice
West,Tablet,9721,17720,David
West,Tablet,8349,17721,Charlie
West,Laptop,3211,17722,Alice
North,Tablet,8440,17723,Charlie
North,Laptop,3844,17724,Emma
North,Headphones,2622,17725,David
East,Phone,4279,17726,Charlie
East,Headphones,6154,17727,David
South,Tablet,9572,17728,Bob
North,Tablet,1672,17729,Bob
East,Headphones,7817,17730,Emma
West,Laptop,8244,17731,Emma
West,Laptop,659,17732,Bob
North,Laptop,8463,17733,Charlie
South,Phone,2629,17734,Alice
South,Phone,3578,17735,Alice
West,Tablet,2729,17736,Bob
South,Headphones,3417,17737,Alice
North,Headphones,3513,17738,Charlie
West,Tablet,6826,17739,Alice
East,Laptop,2079,17740,Alice
East,Phone,2460,17741,Bob
South,Headphones,8402,17742,David
West,Tablet,7157,17743,David
West,Laptop,4344,17744,Charlie
East,Laptop,5197,17745,David
West,Phone,2890,17746,Emma
West,Phone,1919,17747,Bob
West,Tablet,4417,17748,David
South,Tablet,5442,17749,Alice
West,Laptop,8854,17750,David
North,Laptop,8807,17751,Bob
South,Headphones,8070,17752,Alice
West,Laptop,5698,17753,Alice
West,Tablet,6502,17754,Bob
North,Phone,5642,17755,Charlie
South,Tablet,4352,17756,Charlie
East,Headphones,1042,17757,Bob
East,Headphones,9105,17758,Bob
South,Phone,9373,17759,Bob
West,Tablet,9333,17760,Alice
West,Headphones,4478,17761,Alice
East,Tablet,1932,17762,Bob
East,Headphones,9360,17763,Alice
East,Phone,8305,17764,Emma
North,Headphones,1468,17765,Bob
East,Tablet,6300,17766,Alice
North,Tablet,8345,17767,Charlie
South,Headphones,9872,17768,Bob
West,Laptop,6091,17769,Bob
East,Phone,5883,17770,Bob
West,Phone,7970,17771,David
West,Headphones,5319,17772,Bob
East,Headphones,8132,17773,Charlie
East,Laptop,3735,17774,Alice
South,Phone,5755,17775,Bob
North,Laptop,751,17776,Emma
North,Phone,4800,17777,Alice
West,Headphones,7909,17778,Charlie
East,Phone,4498,17779,David
South,Phone,9482,17780,Charlie
South,Phone,5680,17781,David
South,Laptop,5921,17782,Alice
South,Laptop,1995,17783,David
South,Phone,8478,17784,Alice
North,Tablet,8641,17785,Charlie
North,Laptop,5878,17786,Charlie
North,Headphones,3077,17787,David
East,Headphones,5806,17788,Emma
West,Phone,8633,17789,Charlie
South,Headphones,1735,17790,David
East,Laptop,1558,17791,Bob
South,Tablet,9862,17792,Alice
North,Tablet,4159,17793,Bob
East,Tablet,5868,17794,Bob
North,Headphones,556,17795,Bob
South,Phone,7972,17796,David
South,Headphones,3069,17797,Charlie
West,Phone,4580,17798,Bob
South,Tablet,6877,17799,David
North,Laptop,2448,17800,Charlie
South,Headphones,722,17801,Alice
West,Laptop,5717,17802,Charlie
West,Tablet,9527,17803,Charlie
North,Phone,3036,17804,Bob
East,Laptop,3025,17805,David
South,Headphones,9676,17806,Emma
West,Laptop,1857,17807,Alice
South,Laptop,5387,17808,David
South,Headphones,8222,17809,Bob
East,Phone,6482,17810,David
West,Headphones,4977,17811,Emma
South,Tablet,1871,17812,Alice
West,Phone,3724,17813,Charlie
North,Laptop,2374,17814,Alice
North,Headphones,3861,17815,Emma
South,Tablet,6604,17816,Alice
West,Headphones,1642,17817,Alice
South,Phone,4809,17818,Bob
West,Tablet,9256,17819,Charlie
West,Laptop,7398,17820,Emma
East,Phone,2088,17821,Bob
East,Tablet,5498,17822,Alice
East,Phone,4842,17823,Alice
South,Laptop,3862,17824,David
East,Tablet,2136,17825,Bob
East,Headphones,6727,17826,Emma
North,Headphones,1744,17827,Emma
West,Laptop,7414,17828,Emma
West,Tablet,5806,17829,Emma
East,Laptop,5014,17830,Alice
West,Laptop,8950,17831,Alice
North,Phone,2858,17832,Bob
North,Headphones,6115,17833,Charlie
East,Laptop,1768,17834,Emma
North,Phone,9631,17835,Alice
West,Laptop,2876,17836,Bob
South,Laptop,8887,17837,Emma
West,Laptop,3596,17838,Charlie
South,Headphones,4135,17839,Emma
East,Tablet,1061,17840,David
South,Headphones,8731,17841,Emma
North,Phone,8239,17842,David
West,Tablet,7371,17843,Charlie
South,Phone,3004,17844,David
West,Laptop,7521,17845,Charlie
East,Tablet,6471,17846,Bob
East,Phone,8376,17847,David
North,Laptop,9479,17848,Emma
East,Phone,4597,17849,Emma
South,Phone,9821,17850,Bob
East,Headphones,7322,17851,Alice
North,Laptop,6378,17852,Charlie
West,Headphones,5009,17853,Alice
West,Tablet,6686,17854,Alice
East,Laptop,4060,17855,Bob
South,Headphones,6179,17856,Bob
North,Headphones,3185,17857,David
South,Tablet,7112,17858,David
North,Phone,5321,17859,David
East,Phone,8307,17860,David
North,Phone,1912,17861,David
North,Tablet,1721,17862,Emma
East,Headphones,2749,17863,Bob
South,Laptop,2739,17864,Charlie
East,Tablet,4702,17865,Charlie
North,Phone,8373,17866,Charlie
East,Phone,7393,17867,Charlie
North,Laptop,9335,17868,Charlie
East,Tablet,5903,17869,Emma
West,Phone,5685,17870,Bob
West,Tablet,4790,17871,David
East,Headphones,4642,17872,David
South,Tablet,7652,17873,David
North,Headphones,3084,17874,Bob
West,Laptop,2101,17875,Bob
South,Headphones,5442,17876,Emma
North,Headphones,6198,17877,Emma
West,Laptop,1307,17878,David
West,Phone,7845,17879,Bob
East,Laptop,8806,17880,David
North,Tablet,3227,17881,Emma
South,Laptop,8665,17882,David
South,Tablet,4671,17883,Emma
South,Phone,2068,17884,Alice
North,Tablet,9552,17885,Charlie
South,Laptop,1241,17886,Alice
South,Laptop,6937,17887,David
South,Phone,5404,17888,David
East,Laptop,3433,17889,Bob
East,Phone,5009,17890,Charlie
North,Phone,5026,17891,Emma
North,Laptop,6409,17892,David
South,Headphones,5849,17893,Emma
East,Tablet,3667,17894,Emma
West,Headphones,8106,17895,Emma
West,Phone,2718,17896,Alice
South,Tablet,1840,17897,Emma
South,Headphones,8509,17898,Bob
East,Laptop,5139,17899,Alice
East,Headphones,2014,17900,Alice
East,Tablet,1911,17901,David
North,Tablet,8224,17902,Charlie
North,Tablet,4667,17903,Charlie
South,Tablet,1522,17904,David
North,Headphones,3258,17905,Charlie
East,Laptop,9804,17906,Emma
East,Laptop,5308,17907,Bob
North,Tablet,9333,17908,Emma
West,Laptop,7233,17909,Charlie
South,Headphones,5407,17910,Charlie
West,Laptop,3725,17911,Bob
South,Phone,1514,17912,Alice
West,Laptop,7268,17913,Alice
North,Tablet,5958,17914,Bob
South,Laptop,2521,17915,Alice
South,Laptop,3176,17916,Charlie
South,Laptop,3606,17917,Alice
East,Laptop,9475,17918,Charlie
East,Phone,9362,17919,David
West,Headphones,3084,17920,Emma
North,Tablet,5442,17921,Alice
East,Tablet,1777,17922,David
South,Laptop,3543,17923,Alice
East,Headphones,7870,17924,David
North,Laptop,6360,17925,Bob
East,Phone,4282,17926,David
South,Headphones,7557,17927,Charlie
West,Headphones,8869,17928,Bob
South,Headphones,8967,17929,Bob
North,Headphones,3981,17930,Charlie
West,Laptop,6272,17931,Alice
East,Phone,5836,17932,Bob
East,Headphones,4622,17933,Alice
East,Tablet,3460,17934,Emma
West,Tablet,8397,17935,David
South,Phone,2969,17936,David
West,Tablet,7551,17937,Charlie
West,Laptop,4568,17938,Charlie
North,Laptop,5943,17939,David
West,Phone,4880,17940,Emma
East,Headphones,9804,17941,Charlie
South,Tablet,9760,17942,Emma
South,Tablet,3045,17943,Charlie
South,Phone,8165,17944,Bob
East,Phone,4149,17945,Alice
East,Tablet,2314,17946,David
East,Headphones,4407,17947,Alice
East,Phone,4231,17948,David
East,Laptop,8185,17949,Charlie
West,Tablet,8773,17950,Alice
East,Phone,6369,17951,Emma
East,Phone,8773,17952,Charlie
East,Phone,593,17953,Bob
East,Tablet,8686,17954,Alice
South,Laptop,842,17955,Alice
East,Laptop,7440,17956,Bob
West,Tablet,2908,17957,David
West,Phone,9781,17958,Charlie
West,Tablet,1123,17959,Bob
North,Tablet,1367,17960,Emma
South,Phone,3972,17961,Charlie
East,Tablet,670,17962,Bob
North,Headphones,9269,17963,Bob
East,Laptop,8759,17964,Alice
North,Headphones,2015,17965,Alice
North,Headphones,8692,17966,Alice
West,Headphones,2698,17967,Charlie
West,Tablet,1401,17968,David
North,Phone,6403,17969,Charlie
West,Tablet,8255,17970,Alice
North,Laptop,9486,17971,Alice
South,Tablet,2566,17972,Charlie
West,Tablet,9062,17973,Bob
West,Tablet,3038,17974,Bob
West,Tablet,4407,17975,Alice
South,Headphones,7460,17976,Alice
North,Phone,3096,17977,David
East,Laptop,3821,17978,Bob
West,Laptop,9830,17979,David
North,Laptop,8220,17980,Alice
South,Tablet,3121,17981,Alice
East,Laptop,9857,17982,David
West,Headphones,4341,17983,David
South,Phone,5058,17984,Alice
South,Tablet,5418,17985,Emma
East,Tablet,9215,17986,Alice
North,Headphones,4839,17987,Bob
West,Laptop,738,17988,Alice
West,Tablet,1720,17989,Charlie
North,Tablet,1268,17990,Alice
North,Headphones,8926,17991,Emma
North,Headphones,6830,17992,Bob
East,Laptop,7888,17993,Alice
East,Phone,5092,17994,David
West,Phone,8117,17995,Bob
East,Laptop,8582,17996,Bob
South,Phone,8079,17997,Emma
West,Headphones,9627,17998,David
East,Headphones,9960,17999,Charlie
North,Headphones,6956,18000,Alice
South,Phone,9510,18001,Charlie
North,Phone,4617,18002,David
West,Tablet,2939,18003,Bob
North,Tablet,9780,18004,Emma
East,Tablet,6586,18005,Emma
East,Phone,5324,18006,Bob
West,Tablet,8891,18007,Emma
North,Headphones,8869,18008,Charlie
West,Phone,6042,18009,Bob
North,Laptop,9622,18010,Alice
South,Phone,2536,18011,Alice
East,Tablet,2591,18012,David
West,Phone,6050,18013,Bob
South,Tablet,4763,18014,Charlie
South,Tablet,6930,18015,Bob
West,Laptop,2884,18016,Bob
West,Laptop,6826,18017,Charlie
South,Headphones,8707,18018,Emma
North,Tablet,8163,18019,Charlie
South,Phone,9528,18020,Bob
West,Laptop,8221,18021,Bob
South,Laptop,2657,18022,Bob
North,Tablet,805,18023,Bob
East,Phone,7623,18024,David
East,Laptop,2553,18025,Emma
South,Laptop,6312,18026,Bob
North,Phone,3844,18027,David
East,Laptop,4956,18028,Bob
South,Phone,1708,18029,Emma
South,Tablet,2358,18030,Emma
North,Laptop,3203,18031,Charlie
West,Tablet,2471,18032,David
South,Phone,1613,18033,Emma
West,Tablet,1483,18034,Alice
West,Tablet,2627,18035,Bob
East,Tablet,4139,18036,Emma
West,Headphones,7976,18037,David
North,Phone,1060,18038,David
East,Phone,7152,18039,David
East,Phone,4887,18040,Charlie
East,Phone,3432,18041,Bob
South,Phone,8982,18042,Alice
South,Laptop,2409,18043,David
West,Laptop,7730,18044,Bob
East,Laptop,1928,18045,David
East,Tablet,1447,18046,David
North,Tablet,1848,18047,Alice
West,Phone,9072,18048,Bob
North,Headphones,809,18049,David
West,Phone,3914,18050,Charlie
West,Laptop,6289,18051,David
South,Phone,7068,18052,Bob
South,Tablet,9352,18053,Emma
North,Phone,3947,18054,David
West,Laptop,2773,18055,Charlie
East,Phone,2642,18056,Charlie
South,Tablet,5239,18057,David
East,Headphones,958,18058,Bob
North,Laptop,8080,18059,David
South,Phone,837,18060,Charlie
South,Tablet,5950,18061,David
West,Laptop,7880,18062,Charlie
North,Laptop,4520,18063,Emma
West,Tablet,9036,18064,David
South,Phone,6143,18065,Alice
North,Phone,1442,18066,David
South,Phone,845,18067,Charlie
North,Laptop,4394,18068,Bob
South,Headphones,9016,18069,Charlie
East,Laptop,7110,18070,Emma
East,Phone,2638,18071,Bob
West,Laptop,4889,18072,Alice
East,Headphones,9215,18073,Alice
South,Laptop,8326,18074,Emma
South,Tablet,8316,18075,Emma
East,Phone,758,18076,Emma
West,Phone,1610,18077,Emma
East,Phone,7825,18078,David
North,Laptop,6987,18079,Charlie
North,Laptop,1320,18080,David
North,Laptop,6488,18081,Bob
East,Phone,6135,18082,Alice
East,Laptop,5164,18083,Alice
East,Phone,7593,18084,Bob
North,Laptop,5104,18085,Alice
West,Phone,2063,18086,Emma
South,Tablet,6843,18087,Emma
East,Laptop,9899,18088,Emma
West,Phone,9000,18089,Bob
South,Tablet,2339,18090,Charlie
South,Tablet,8175,18091,Bob
South,Headphones,8501,18092,Charlie
West,Laptop,2806,18093,Alice
West,Phone,9872,18094,Alice
North,Headphones,5640,18095,Alice
West,Laptop,3186,18096,Charlie
West,Tablet,1460,18097,Alice
West,Laptop,9129,18098,Bob
South,Phone,955,18099,Charlie
East,Tablet,7267,18100,Emma
North,Headphones,4317,18101,Charlie
East,Laptop,9795,18102,Bob
East,Laptop,2012,18103,Bob
West,Headphones,5238,18104,Bob
North,Laptop,891,18105,Alice
East,Laptop,3121,18106,Emma
East,Laptop,6676,18107,Emma
North,Tablet,9612,18108,David
West,Tablet,6219,18109,Bob
East,Phone,6541,18110,Alice
South,Laptop,4100,18111,Charlie
East,Phone,5710,18112,Alice
South,Tablet,5008,18113,Bob
West,Laptop,6942,18114,Alice
East,Phone,8154,18115,Bob
North,Laptop,6716,18116,Charlie
North,Laptop,8385,18117,Charlie
East,Headphones,760,18118,Emma
West,Phone,7333,18119,David
West,Tablet,6444,18120,Alice
North,Phone,6634,18121,David
East,Phone,7375,18122,Alice
West,Phone,7328,18123,Emma
North,Headphones,834,18124,Emma
South,Laptop,8169,18125,Charlie
East,Tablet,3279,18126,Charlie
South,Headphones,9495,18127,Charlie
South,Tablet,7828,18128,Alice
West,Headphones,2937,18129,David
West,Laptop,3307,18130,David
West,Tablet,5690,18131,Charlie
East,Phone,9632,18132,Emma
South,Headphones,3663,18133,David
East,Tablet,9594,18134,Emma
West,Laptop,7988,18135,Charlie
South,Tablet,9960,18136,Alice
East,Headphones,523,18137,Bob
East,Laptop,5152,18138,David
North,Phone,3248,18139,Charlie
East,Headphones,2950,18140,Charlie
West,Headphones,8595,18141,David
East,Laptop,3857,18142,Bob
South,Headphones,8595,18143,Alice
East,Tablet,8583,18144,David
North,Phone,6472,18145,Alice
South,Tablet,8655,18146,Charlie
South,Laptop,7569,18147,David
North,Headphones,5838,18148,Alice
West,Phone,3032,18149,Emma
South,Laptop,5837,18150,Emma
West,Tablet,4273,18151,Emma
South,Headphones,6965,18152,Alice
South,Headphones,5161,18153,Emma
West,Laptop,2557,18154,Charlie
South,Tablet,1177,18155,Alice
West,Headphones,3474,18156,Charlie
North,Tablet,8976,18157,Bob
West,Phone,6148,18158,Alice
North,Headphones,6944,18159,Emma
South,Phone,2340,18160,Emma
West,Headphones,2378,18161,Bob
South,Laptop,6789,18162,David
West,Headphones,7719,18163,Bob
North,Headphones,3814,18164,Emma
North,Tablet,1878,18165,Emma
West,Tablet,5840,18166,David
North,Phone,952,18167,Bob
South,Phone,9033,18168,Charlie
South,Phone,892,18169,Bob
East,Headphones,5971,18170,Charlie
North,Headphones,1769,18171,Emma
South,Phone,8637,18172,Emma
West,Laptop,3550,18173,Bob
North,Laptop,7780,18174,Emma
South,Headphones,9662,18175,David
North,Laptop,5294,18176,Alice
West,Laptop,7910,18177,Charlie
South,Phone,665,18178,Emma
East,Laptop,8946,18179,Charlie
East,Laptop,8993,18180,Bob
North,Headphones,6863,18181,David
West,Headphones,8579,18182,Charlie
South,Headphones,5530,18183,Emma
West,Laptop,2005,18184,Alice
South,Phone,9948,18185,David
North,Tablet,7909,18186,Bob
South,Headphones,4840,18187,Emma
West,Headphones,709,18188,David
West,Headphones,4293,18189,Emma
North,Phone,5021,18190,Bob
West,Tablet,3547,18191,Bob
South,Tablet,1480,18192,Alice
North,Headphones,2619,18193,David
South,Laptop,4245,18194,Alice
West,Headphones,677,18195,Alice
North,Headphones,2046,18196,Alice
South,Laptop,8990,18197,Charlie
West,Laptop,4066,18198,Bob
West,Headphones,774,18199,Alice
East,Phone,3495,18200,Charlie
West,Phone,552,18201,Charlie
South,Laptop,8275,18202,Charlie
North,Headphones,2127,18203,Alice
East,Phone,6543,18204,Charlie
West,Headphones,8323,18205,Alice
West,Headphones,9180,18206,David
West,Headphones,9108,18207,Bob
South,Phone,9612,18208,Emma
East,Tablet,2053,18209,Alice
South,Headphones,9357,18210,Bob
East,Phone,2969,18211,Alice
North,Tablet,1974,18212,David
South,Laptop,6977,18213,Bob
South,Phone,837,18214,Bob
North,Tablet,7491,18215,Charlie
East,Phone,8960,18216,Alice
West,Tablet,1587,18217,Alice
North,Tablet,1793,18218,Emma
West,Phone,9348,18219,Charlie
West,Laptop,6464,18220,Charlie
North,Headphones,3328,18221,Emma
East,Tablet,6972,18222,Charlie
West,Headphones,4473,18223,Charlie
North,Laptop,7161,18224,David
South,Headphones,5457,18225,Bob
South,Headphones,7064,18226,Emma
South,Phone,1836,18227,David
North,Phone,2167,18228,David
South,Laptop,2325,18229,David
West,Phone,1712,18230,Charlie
South,Tablet,3268,18231,Emma
South,Laptop,6276,18232,Charlie
West,Phone,944,18233,Charlie
South,Phone,4881,18234,David
West,Laptop,4176,18235,Alice
South,Tablet,2810,18236,Emma
West,Laptop,4540,18237,Emma
South,Phone,7585,18238,David
West,Phone,2327,18239,David
North,Laptop,6785,18240,Bob
West,Tablet,3719,18241,David
South,Tablet,6059,18242,Charlie
South,Headphones,7271,18243,David
East,Tablet,5188,18244,Emma
West,Laptop,5011,18245,Alice
North,Tablet,2572,18246,Alice
West,Tablet,7270,18247,Charlie
West,Headphones,6828,18248,Alice
North,Tablet,2830,18249,David
West,Headphones,1185,18250,Alice
North,Headphones,5458,18251,David
North,Tablet,1184,18252,Bob
West,Phone,9032,18253,Emma
West,Laptop,1233,18254,Charlie
South,Laptop,1996,18255,Bob
South,Tablet,9823,18256,Alice
East,Laptop,5950,18257,Charlie
East,Laptop,5135,18258,David
West,Headphones,2232,18259,Bob
North,Phone,7027,18260,Emma
East,Laptop,7225,18261,Emma
West,Phone,6803,18262,Bob
East,Laptop,8531,18263,Bob
North,Phone,1919,18264,Bob
West,Phone,5210,18265,Alice
North,Laptop,9179,18266,Emma
West,Headphones,1941,18267,Emma
East,Phone,2890,18268,Alice
South,Phone,1884,18269,Charlie
East,Laptop,2656,18270,Emma
East,Phone,4896,18271,Charlie
South,Phone,1891,18272,Charlie
South,Headphones,7922,18273,Charlie
West,Phone,5935,18274,Emma
West,Headphones,5300,18275,David
North,Phone,3642,18276,Charlie
North,Phone,768,18277,David
East,Headphones,4417,18278,Alice
South,Headphones,9169,18279,David
North,Tablet,4771,18280,David
East,Phone,738,18281,Bob
South,Headphones,9301,18282,Charlie
West,Phone,7502,18283,Emma
East,Phone,8268,18284,Bob
West,Phone,6383,18285,David
North,Laptop,6285,18286,Alice
North,Tablet,5593,18287,Emma
South,Laptop,6938,18288,Alice
East,Tablet,6674,18289,David
West,Phone,9846,18290,Alice
South,Phone,5945,18291,Bob
North,Headphones,3838,18292,Alice
North,Tablet,2833,18293,Bob
East,Tablet,4886,18294,Charlie
West,Laptop,5081,18295,Emma
East,Tablet,7198,18296,Alice
West,Phone,8859,18297,Bob
West,Headphones,4042,18298,David
East,Laptop,6386,18299,David
South,Headphones,8554,18300,Bob
East,Tablet,7414,18301,Emma
East,Tablet,8013,18302,Charlie
North,Laptop,8769,18303,Charlie
North,Tablet,1608,18304,Emma
East,Headphones,9583,18305,Alice
East,Phone,5256,18306,Bob
North,Laptop,1724,18307,Charlie
West,Tablet,8028,18308,Emma
East,Headphones,9256,18309,Charlie
South,Phone,3359,18310,Charlie
South,Tablet,8993,18311,Alice
South,Laptop,8800,18312,Charlie
East,Tablet,2912,18313,Bob
West,Tablet,3147,18314,Emma
West,Tablet,3838,18315,Alice
North,Phone,6304,18316,Alice
East,Phone,7731,18317,Emma
West,Tablet,5023,18318,Bob
East,Tablet,4313,18319,Charlie
North,Laptop,4145,18320,Charlie
North,Tablet,3917,18321,Bob
North,Headphones,511,18322,David
South,Headphones,7109,18323,Emma
East,Laptop,3645,18324,Bob
North,Phone,1374,18325,Charlie
East,Tablet,7803,18326,Emma
South,Laptop,1383,18327,Emma
South,Phone,5150,18328,Charlie
North,Laptop,8210,18329,Bob
North,Phone,7297,18330,David
West,Tablet,5939,18331,Emma
East,Laptop,7508,18332,Emma
North,Tablet,9044,18333,Emma
West,Laptop,8662,18334,Bob
East,Phone,3987,18335,Emma
North,Laptop,8037,18336,Charlie
West,Headphones,2890,18337,Charlie
West,Headphones,4530,18338,Alice
East,Laptop,7992,18339,Emma
West,Headphones,3938,18340,David
East,Tablet,2883,18341,Alice
East,Headphones,3867,18342,Emma
East,Headphones,6667,18343,Emma
South,Tablet,1965,18344,Bob
West,Tablet,2651,18345,Bob
East,Phone,3983,18346,Charlie
North,Tablet,1073,18347,Alice
South,Laptop,1274,18348,Alice
South,Headphones,7530,18349,Alice
West,Phone,4838,18350,Charlie
East,Tablet,8521,18351,David
West,Headphones,4430,18352,David
South,Laptop,5460,18353,David
East,Laptop,2720,18354,Alice
North,Phone,1939,18355,Emma
East,Laptop,6746,18356,Alice
South,Headphones,7924,18357,Emma
North,Tablet,9405,18358,Bob
East,Laptop,7200,18359,Charlie
North,Tablet,9267,18360,David
North,Headphones,6839,18361,Alice
South,Headphones,5584,18362,Alice
North,Tablet,6010,18363,Bob
West,Headphones,569,18364,Emma
South,Phone,9609,18365,David
West,Laptop,9434,18366,Charlie
North,Phone,7228,18367,Emma
West,Phone,4650,18368,Emma
East,Phone,3033,18369,David
North,Tablet,7910,18370,Charlie
East,Tablet,9101,18371,David
West,Headphones,3507,18372,David
East,Tablet,8643,18373,Alice
North,Headphones,7370,18374,Charlie
East,Tablet,5634,18375,Emma
West,Headphones,4742,18376,David
West,Laptop,6109,18377,Bob
West,Headphones,8278,18378,Charlie
North,Laptop,1697,18379,Bob
West,Headphones,2837,18380,Emma
North,Tablet,8586,18381,Charlie
East,Tablet,3693,18382,Alice
West,Laptop,8718,18383,Charlie
East,Phone,5720,18384,Emma
South,Phone,3473,18385,Alice
East,Headphones,7031,18386,Emma
South,Tablet,3665,18387,Charlie
East,Phone,1590,18388,Emma
North,Tablet,8941,18389,Charlie
East,Tablet,641,18390,Alice
North,Tablet,766,18391,Charlie
North,Headphones,8219,18392,Emma
West,Laptop,4810,18393,Emma
North,Headphones,9180,18394,Emma
South,Phone,9187,18395,Bob
West,Laptop,979,18396,Bob
West,Phone,3190,18397,Bob
East,Laptop,6499,18398,David
North,Laptop,5436,18399,Charlie
North,Headphones,2927,18400,Bob
South,Tablet,9535,18401,Emma
East,Tablet,8564,18402,Emma
East,Laptop,3715,18403,Bob
West,Headphones,6481,18404,Bob
West,Phone,4411,18405,Emma
West,Phone,4577,18406,Bob
South,Tablet,2849,18407,David
South,Tablet,1149,18408,David
West,Phone,6036,18409,David
East,Phone,3356,18410,Alice
South,Headphones,6078,18411,David
East,Phone,2225,18412,Emma
East,Headphones,8616,18413,Alice
North,Tablet,1854,18414,Emma
West,Phone,1793,18415,Emma
North,Tablet,3758,18416,Bob
West,Laptop,3213,18417,Charlie
West,Laptop,9095,18418,David
East,Laptop,4532,18419,Charlie
West,Phone,2046,18420,Charlie
East,Tablet,3106,18421,Bob
East,Phone,3325,18422,Charlie
West,Tablet,4706,18423,David
East,Headphones,9504,18424,Alice
East,Phone,3874,18425,Emma
East,Laptop,9621,18426,David
South,Headphones,8140,18427,Bob
East,Tablet,7434,18428,Alice
South,Phone,6578,18429,Bob
South,Tablet,3823,18430,David
East,Tablet,8866,18431,Emma
East,Phone,7605,18432,Charlie
South,Phone,1863,18433,Charlie
South,Tablet,9729,18434,Bob
East,Tablet,7989,18435,Alice
East,Headphones,8451,18436,Emma
West,Laptop,3511,18437,Bob
South,Tablet,2590,18438,Emma
South,Laptop,9152,18439,Bob
West,Headphones,648,18440,Alice
South,Laptop,4933,18441,David
North,Laptop,5598,18442,Charlie
South,Headphones,1633,18443,Emma
West,Tablet,853,18444,Emma
North,Laptop,9799,18445,Alice
East,Tablet,2613,18446,Emma
West,Tablet,8055,18447,David
West,Phone,6510,18448,David
East,Tablet,4185,18449,Alice
West,Tablet,3706,18450,Bob
South,Laptop,1609,18451,Bob
East,Tablet,8918,18452,Emma
West,Tablet,9704,18453,Emma
East,Phone,3606,18454,Alice
East,Phone,4436,18455,David
East,Laptop,8961,18456,Alice
North,Laptop,4306,18457,Bob
West,Phone,7049,18458,David
North,Phone,8995,18459,Emma
West,Headphones,5648,18460,Bob
South,Tablet,2432,18461,Charlie
South,Laptop,2540,18462,Bob
South,Laptop,8434,18463,David
West,Tablet,8833,18464,David
East,Tablet,7289,18465,Alice
East,Laptop,6275,18466,David
North,Phone,9500,18467,Charlie
North,Phone,1447,18468,Charlie
South,Tablet,1265,18469,David
North,Laptop,7672,18470,Emma
West,Tablet,5515,18471,David
West,Phone,9630,18472,Emma
North,Headphones,2996,18473,David
North,Headphones,4062,18474,Bob
North,Phone,1762,18475,David
North,Tablet,6893,18476,Bob
South,Headphones,5550,18477,Emma
South,Phone,5910,18478,David
North,Laptop,1042,18479,Emma
West,Tablet,7164,18480,Charlie
South,Tablet,8223,18481,Alice
West,Headphones,3281,18482,Emma
East,Tablet,3112,18483,Bob
West,Headphones,1699,18484,Alice
North,Headphones,7532,18485,David
East,Phone,6823,18486,Bob
South,Headphones,5188,18487,Alice
South,Laptop,5286,18488,Alice
East,Tablet,4181,18489,Emma
West,Headphones,5729,18490,David
South,Tablet,3995,18491,David
North,Headphones,9356,18492,David
East,Phone,6578,18493,Emma
North,Laptop,3662,18494,Emma
East,Tablet,1916,18495,David
South,Phone,3608,18496,Alice
West,Tablet,9208,18497,David
East,Phone,9541,18498,Emma
East,Laptop,8329,18499,David
North,Headphones,1407,18500,Emma
South,Phone,9007,18501,David
North,Tablet,8073,18502,Alice
South,Tablet,2434,18503,Alice
North,Phone,6451,18504,Emma
East,Laptop,4844,18505,Emma
North,Laptop,7926,18506,Bob
West,Headphones,6834,18507,Charlie
South,Headphones,3122,18508,Bob
South,Tablet,9548,18509,Emma
East,Tablet,6065,18510,Emma
South,Headphones,2025,18511,David
West,Headphones,1916,18512,Bob
North,Headphones,2294,18513,Charlie
East,Phone,3220,18514,Bob
West,Headphones,7326,18515,Alice
South,Phone,7295,18516,Alice
South,Phone,4176,18517,Bob
West,Headphones,5576,18518,Bob
North,Laptop,6869,18519,Emma
North,Laptop,9044,18520,David
East,Tablet,6326,18521,Alice
South,Headphones,2692,18522,Charlie
West,Tablet,4036,18523,David
North,Headphones,7799,18524,Bob
East,Tablet,9808,18525,Alice
South,Phone,2820,18526,Bob
South,Headphones,8371,18527,Alice
East,Laptop,1033,18528,Charlie
East,Headphones,9909,18529,David
North,Tablet,5851,18530,Charlie
West,Tablet,2479,18531,Charlie
South,Tablet,2576,18532,David
West,Tablet,9223,18533,David
South,Tablet,4735,18534,Charlie
South,Tablet,6741,18535,Bob
West,Laptop,4614,18536,David
East,Tablet,3084,18537,Charlie
North,Laptop,1988,18538,Charlie
South,Headphones,4159,18539,Charlie
East,Phone,6902,18540,Bob
South,Laptop,8547,18541,Emma
North,Headphones,727,18542,Emma
South,Phone,4971,18543,David
North,Laptop,5742,18544,Emma
North,Laptop,8123,18545,Alice
South,Headphones,4852,18546,David
South,Tablet,5428,18547,David
North,Laptop,7815,18548,Charlie
East,Laptop,1198,18549,Alice
West,Headphones,937,18550,Emma
North,Tablet,6319,18551,David
South,Phone,6680,18552,Alice
South,Tablet,2653,18553,Bob
East,Tablet,6538,18554,Bob
West,Headphones,6508,18555,Charlie
North,Tablet,6875,18556,Alice
North,Headphones,5636,18557,David
West,Phone,5778,18558,Bob
North,Laptop,1459,18559,Bob
West,Laptop,8969,18560,Emma
South,Headphones,4720,18561,Emma
West,Headphones,4256,18562,Alice
North,Tablet,8087,18563,Emma
West,Tablet,5270,18564,Alice
East,Laptop,9406,18565,David
South,Laptop,4421,18566,David
South,Laptop,3214,18567,David
West,Headphones,1847,18568,Emma
North,Phone,5508,18569,Emma
East,Phone,6585,18570,Charlie
South,Headphones,8669,18571,Bob
South,Tablet,5368,18572,David
North,Phone,4460,18573,Emma
North,Tablet,3005,18574,Bob
East,Laptop,5596,18575,David
West,Laptop,7875,18576,David
North,Tablet,2237,18577,Bob
West,Laptop,1608,18578,Bob
East,Headphones,3179,18579,Emma
West,Tablet,1537,18580,Bob
South,Tablet,6260,18581,Bob
West,Tablet,9603,18582,Emma
East,Phone,2596,18583,David
East,Tablet,858,18584,Bob
East,Tablet,6453,18585,Charlie
West,Tablet,1576,18586,Alice
South,Phone,7736,18587,Bob
North,Laptop,6171,18588,Bob
South,Phone,6315,18589,Alice
West,Headphones,6264,18590,Charlie
West,Tablet,5474,18591,David
North,Headphones,4027,18592,Charlie
West,Phone,2802,18593,Alice
East,Laptop,1575,18594,Bob
East,Laptop,4548,18595,David
East,Tablet,828,18596,Charlie
East,Laptop,3977,18597,Charlie
East,Phone,7624,18598,David
West,Phone,1502,18599,Charlie
North,Laptop,9268,18600,Alice
North,Tablet,9018,18601,David
East,Tablet,6886,18602,Alice
West,Phone,3321,18603,David
South,Laptop,2880,18604,Alice
South,Phone,9186,18605,Bob
West,Phone,9830,18606,Bob
East,Headphones,2916,18607,Charlie
North,Phone,9845,18608,David
West,Tablet,3749,18609,David
South,Laptop,2642,18610,Alice
South,Laptop,3888,18611,Charlie
South,Headphones,9816,18612,Charlie
East,Headphones,5815,18613,David
South,Tablet,9493,18614,Bob
West,Headphones,707,18615,David
West,Phone,9164,18616,David
South,Phone,2138,18617,Emma
West,Tablet,5627,18618,Alice
South,Laptop,8827,18619,Alice
South,Tablet,4856,18620,Emma
North,Headphones,9862,18621,Charlie
East,Laptop,9149,18622,Alice
East,Laptop,6524,18623,Charlie
North,Laptop,8105,18624,Bob
North,Headphones,1936,18625,Charlie
East,Phone,6875,18626,Alice
South,Phone,9198,18627,Charlie
South,Headphones,6747,18628,Bob
East,Headphones,9137,18629,Emma
South,Tablet,3281,18630,Alice
North,Tablet,943,18631,Bob
South,Phone,617,18632,David
South,Headphones,1066,18633,Emma
West,Tablet,4102,18634,Emma
West,Headphones,2436,18635,Alice
West,Headphones,4683,18636,Bob
South,Phone,8426,18637,David
East,Phone,5071,18638,Bob
North,Headphones,6301,18639,Charlie
South,Laptop,4890,18640,Alice
East,Laptop,5315,18641,Charlie
South,Headphones,6000,18642,Charlie
North,Phone,5902,18643,Emma
South,Laptop,7487,18644,Emma
North,Phone,5281,18645,Charlie
South,Laptop,3186,18646,Bob
North,Headphones,1703,18647,Alice
South,Tablet,5556,18648,Alice
North,Tablet,7557,18649,Bob
West,Phone,9097,18650,Charlie
South,Phone,6213,18651,Alice
South,Laptop,5683,18652,Emma
East,Headphones,4714,18653,David
East,Laptop,4579,18654,Emma
North,Headphones,812,18655,Bob
South,Headphones,8854,18656,David
North,Phone,2028,18657,Alice
West,Tablet,5996,18658,Alice
East,Tablet,5268,18659,David
North,Phone,8067,18660,Alice
North,Tablet,898,18661,David
East,Phone,7130,18662,Charlie
South,Laptop,1547,18663,Bob
North,Headphones,2442,18664,Emma
East,Tablet,739,18665,David
South,Tablet,6964,18666,David
West,Laptop,1171,18667,Charlie
East,Laptop,3119,18668,Emma
North,Tablet,8419,18669,Charlie
West,Tablet,2961,18670,Charlie
South,Phone,9093,18671,Bob
South,Phone,2606,18672,Alice
East,Tablet,4648,18673,Emma
East,Phone,1587,18674,Charlie
East,Laptop,7276,18675,Alice
South,Headphones,9834,18676,Alice
West,Phone,4881,18677,Alice
South,Headphones,5624,18678,Alice
North,Phone,8059,18679,Bob
South,Tablet,641,18680,Bob
North,Phone,896,18681,Charlie
West,Headphones,5637,18682,Alice
East,Headphones,7781,18683,Charlie
East,Tablet,2055,18684,David
South,Headphones,7554,18685,Bob
East,Tablet,6394,18686,Bob
West,Tablet,1528,18687,Emma
East,Headphones,5551,18688,David
South,Laptop,1170,18689,Bob
West,Headphones,5094,18690,Alice
North,Headphones,2355,18691,Alice
South,Phone,3929,18692,Alice
North,Headphones,5776,18693,Charlie
West,Phone,7486,18694,Bob
South,Phone,4931,18695,Charlie
South,Headphones,1069,18696,Bob
West,Tablet,6956,18697,Emma
East,Laptop,1646,18698,Charlie
South,Headphones,9556,18699,Bob
South,Headphones,7014,18700,Emma
North,Tablet,5400,18701,Bob
East,Phone,527,18702,David
North,Tablet,5849,18703,Charlie
North,Tablet,1529,18704,Alice
East,Phone,7116,18705,Emma
East,Headphones,2496,18706,Emma
West,Tablet,1841,18707,Alice
East,Tablet,9940,18708,Emma
South,Headphones,2587,18709,Alice
East,Headphones,9372,18710,Alice
West,Laptop,874,18711,Bob
West,Tablet,3545,18712,Charlie
West,Laptop,6775,18713,David
East,Phone,6449,18714,Emma
East,Headphones,1305,18715,Bob
North,Headphones,6852,18716,David
North,Laptop,6970,18717,David
South,Tablet,7146,18718,Emma
North,Phone,778,18719,Emma
South,Tablet,1905,18720,Bob
West,Tablet,9479,18721,Emma
North,Laptop,7650,18722,David
East,Tablet,1832,18723,Emma
North,Laptop,8565,18724,Bob
South,Headphones,3647,18725,Bob
North,Headphones,8492,18726,Bob
West,Headphones,3949,18727,Emma
East,Phone,932,18728,Charlie
South,Phone,8526,18729,Bob
East,Tablet,1509,18730,Charlie
East,Laptop,7779,18731,Alice
South,Tablet,5691,18732,Bob
East,Headphones,9008,18733,Charlie
East,Tablet,5807,18734,Charlie
North,Tablet,4716,18735,David
East,Tablet,1865,18736,Charlie
East,Headphones,7296,18737,David
East,Laptop,9627,18738,Charlie
East,Tablet,4018,18739,Charlie
South,Headphones,3268,18740,Alice
West,Phone,995,18741,Charlie
North,Laptop,4092,18742,Emma
East,Headphones,2732,18743,Emma
East,Tablet,8548,18744,Emma
South,Headphones,3435,18745,Alice
West,Laptop,7219,18746,Charlie
East,Tablet,4945,18747,Alice
South,Phone,2867,18748,Charlie
North,Phone,7055,18749,David
North,Phone,1405,18750,Alice
East,Headphones,8668,18751,Emma
East,Laptop,8400,18752,Emma
West,Phone,5097,18753,Emma
West,Tablet,8153,18754,Charlie
East,Tablet,5509,18755,Charlie
South,Tablet,7735,18756,Alice
West,Headphones,7708,18757,Bob
East,Laptop,8458,18758,Charlie
West,Laptop,5788,18759,Bob
East,Phone,8313,18760,Bob
North,Laptop,6636,18761,Charlie
East,Tablet,8803,18762,Alice
North,Tablet,7106,18763,Bob
West,Headphones,2802,18764,Alice
East,Tablet,7825,18765,Alice
West,Laptop,4895,18766,Charlie
North,Tablet,4495,18767,Bob
East,Phone,8998,18768,Alice
West,Headphones,8812,18769,Bob
North,Headphones,8269,18770,Alice
West,Laptop,9969,18771,Charlie
South,Tablet,1927,18772,Alice
North,Tablet,6113,18773,Charlie
North,Laptop,3602,18774,Charlie
North,Laptop,9877,18775,Bob
East,Phone,1955,18776,Bob
East,Laptop,9871,18777,Bob
East,Tablet,1846,18778,David
South,Phone,9320,18779,Bob
South,Headphones,1714,18780,Bob
North,Tablet,2461,18781,Alice
South,Headphones,3495,18782,David
West,Headphones,5112,18783,David
North,Headphones,6190,18784,Alice
North,Tablet,3358,18785,Bob
West,Headphones,1261,18786,Emma
North,Tablet,5958,18787,Charlie
South,Headphones,8547,18788,David
East,Laptop,5402,18789,Alice
West,Laptop,8605,18790,Emma
South,Tablet,1996,18791,Charlie
West,Headphones,9935,18792,Emma
West,Headphones,5082,18793,Bob
North,Headphones,2543,18794,Alice
North,Laptop,3876,18795,Charlie
South,Headphones,9208,18796,Charlie
West,Headphones,1334,18797,Bob
North,Tablet,1123,18798,Bob
North,Headphones,1547,18799,Bob
West,Laptop,2064,18800,Alice
South,Headphones,4482,18801,David
South,Laptop,5940,18802,Emma
West,Laptop,996,18803,Alice
South,Phone,1042,18804,Alice
North,Laptop,1415,18805,Emma
West,Phone,2301,18806,Charlie
North,Phone,581,18807,Emma
East,Headphones,1679,18808,Bob
East,Phone,8857,18809,Charlie
South,Tablet,2571,18810,Alice
East,Laptop,9498,18811,Emma
North,Tablet,7530,18812,Alice
East,Phone,831,18813,Alice
North,Headphones,7645,18814,Emma
South,Laptop,7479,18815,Alice
South,Tablet,8872,18816,David
North,Headphones,6612,18817,David
East,Phone,9798,18818,Alice
South,Headphones,2089,18819,Charlie
West,Tablet,2986,18820,Charlie
South,Headphones,6334,18821,Charlie
East,Tablet,3090,18822,Charlie
West,Headphones,9179,18823,David
East,Laptop,9303,18824,Charlie
North,Headphones,3920,18825,Emma
West,Laptop,5708,18826,Charlie
East,Tablet,7714,18827,Emma
West,Laptop,1956,18828,David
East,Headphones,4997,18829,Emma
West,Laptop,3367,18830,Emma
East,Tablet,5083,18831,Alice
North,Headphones,5754,18832,Emma
West,Laptop,6845,18833,Alice
West,Laptop,7071,18834,Charlie
West,Phone,7583,18835,Emma
West,Laptop,5798,18836,Emma
North,Phone,578,18837,Bob
West,Tablet,6152,18838,Charlie
South,Phone,877,18839,Emma
North,Tablet,664,18840,Emma
South,Laptop,8467,18841,Bob
West,Laptop,6441,18842,Alice
East,Phone,8846,18843,Charlie
South,Tablet,1646,18844,Bob
West,Laptop,9755,18845,Charlie
South,Phone,2716,18846,Charlie
West,Phone,5949,18847,Alice
West,Phone,1963,18848,Alice
West,Laptop,3970,18849,David
East,Tablet,2016,18850,Bob
South,Laptop,4923,18851,Bob
North,Headphones,2026,18852,Charlie
North,Headphones,1288,18853,David
North,Laptop,7020,18854,David
North,Tablet,7921,18855,Charlie
West,Phone,7077,18856,Alice
South,Headphones,3048,18857,David
South,Headphones,7752,18858,Bob
East,Laptop,5108,18859,Alice
South,Headphones,9207,18860,Emma
South,Headphones,7140,18861,David
South,Phone,7245,18862,Charlie
East,Phone,3562,18863,Bob
North,Tablet,5781,18864,David
South,Headphones,5262,18865,Charlie
East,Tablet,1466,18866,Bob
East,Tablet,6576,18867,David
West,Phone,6194,18868,Bob
East,Phone,9055,18869,Emma
North,Laptop,607,18870,Bob
South,Phone,7681,18871,Charlie
East,Tablet,9314,18872,David
North,Headphones,4916,18873,Charlie
East,Tablet,1009,18874,Emma
East,Tablet,7315,18875,Alice
East,Tablet,9756,18876,Bob
East,Phone,4365,18877,Charlie
East,Tablet,8995,18878,David
North,Laptop,9660,18879,David
South,Headphones,4371,18880,Alice
South,Phone,6013,18881,David
South,Tablet,7008,18882,Emma
South,Laptop,7664,18883,Alice
North,Headphones,4000,18884,Emma
West,Tablet,2699,18885,Bob
West,Headphones,4401,18886,Emma
North,Phone,8258,18887,Bob
North,Phone,6570,18888,Emma
East,Laptop,2770,18889,Alice
East,Phone,5885,18890,Bob
East,Laptop,729,18891,Emma
South,Tablet,2986,18892,Emma
East,Headphones,8841,18893,David
West,Phone,1409,18894,Emma
South,Headphones,1477,18895,David
East,Headphones,1134,18896,Emma
South,Tablet,6489,18897,Charlie
West,Tablet,5217,18898,David
East,Phone,2690,18899,Alice
West,Tablet,5689,18900,Alice
West,Headphones,5439,18901,Bob
West,Laptop,7581,18902,Alice
East,Laptop,3974,18903,Bob
North,Laptop,7195,18904,Alice
East,Phone,7694,18905,David
West,Tablet,2365,18906,Charlie
East,Tablet,798,18907,Bob
West,Tablet,3239,18908,Charlie
North,Tablet,7201,18909,Emma
South,Headphones,4225,18910,Emma
North,Laptop,5040,18911,Charlie
North,Headphones,8789,18912,David
South,Phone,5314,18913,Charlie
East,Laptop,6634,18914,Charlie
South,Laptop,4022,18915,Charlie
East,Headphones,4918,18916,Bob
East,Phone,7318,18917,Bob
West,Phone,8624,18918,Charlie
West,Laptop,8662,18919,David
South,Tablet,5989,18920,Emma
North,Phone,6585,18921,Emma
South,Headphones,9537,18922,Emma
East,Phone,4685,18923,Alice
West,Laptop,4726,18924,David
South,Tablet,8596,18925,Bob
South,Phone,4381,18926,Emma
West,Laptop,8192,18927,Bob
West,Phone,9744,18928,Bob
West,Tablet,4115,18929,Bob
East,Headphones,7305,18930,Bob
West,Laptop,3657,18931,Charlie
North,Laptop,2605,18932,Bob
South,Tablet,5676,18933,Alice
West,Laptop,1493,18934,Bob
West,Tablet,3596,18935,Emma
East,Laptop,689,18936,Bob
East,Tablet,3398,18937,Emma
South,Phone,6356,18938,Bob
North,Phone,4749,18939,David
South,Phone,5888,18940,Charlie
West,Laptop,7546,18941,Emma
North,Tablet,3911,18942,Alice
North,Tablet,9738,18943,Bob
North,Headphones,1105,18944,Emma
North,Phone,1866,18945,Charlie
South,Headphones,6982,18946,Bob
East,Phone,9756,18947,Charlie
East,Headphones,6295,18948,Alice
West,Phone,1017,18949,Emma
East,Tablet,5718,18950,Alice
East,Phone,4307,18951,Charlie
East,Laptop,5935,18952,David
East,Phone,2772,18953,David
West,Phone,2808,18954,Emma
South,Tablet,9794,18955,Bob
North,Laptop,5292,18956,Alice
East,Tablet,1310,18957,David
South,Headphones,8768,18958,David
East,Headphones,2809,18959,Bob
East,Laptop,8408,18960,Alice
North,Headphones,9717,18961,Charlie
North,Laptop,4939,18962,David
North,Phone,6889,18963,Emma
East,Headphones,4058,18964,Emma
East,Phone,8508,18965,Charlie
East,Tablet,1345,18966,Bob
North,Headphones,9384,18967,Bob
West,Tablet,1832,18968,David
South,Tablet,6800,18969,David
West,Laptop,1774,18970,David
East,Tablet,7666,18971,Charlie
East,Laptop,9936,18972,Charlie
West,Laptop,837,18973,David
East,Laptop,3794,18974,Bob
South,Laptop,836,18975,Alice
East,Laptop,2367,18976,David
South,Phone,7414,18977,Bob
West,Laptop,994,18978,Bob
West,Headphones,5142,18979,Emma
East,Laptop,4386,18980,Alice
South,Phone,8852,18981,David
East,Headphones,2536,18982,Alice
North,Headphones,5583,18983,David
North,Phone,4060,18984,Alice
North,Headphones,2781,18985,Alice
North,Phone,2101,18986,Bob
East,Tablet,1799,18987,Alice
North,Tablet,9402,18988,Alice
South,Laptop,4667,18989,David
West,Laptop,2546,18990,Bob
West,Laptop,3381,18991,Alice
North,Laptop,5974,18992,Bob
North,Phone,2317,18993,Bob
North,Tablet,2698,18994,Charlie
East,Phone,3832,18995,David
West,Headphones,1603,18996,Charlie
North,Headphones,3677,18997,Bob
South,Headphones,5315,18998,Alice
North,Headphones,2677,18999,David
West,Headphones,1694,19000,Emma
North,Tablet,5001,19001,David
West,Phone,6541,19002,Charlie
North,Headphones,9227,19003,David
South,Laptop,7560,19004,Alice
North,Tablet,9761,19005,David
South,Laptop,8824,19006,Emma
South,Tablet,763,19007,Charlie
North,Tablet,4962,19008,Charlie
South,Laptop,7468,19009,Bob
East,Laptop,2552,19010,Charlie
North,Headphones,5446,19011,Emma
North,Laptop,6325,19012,Emma
South,Phone,6544,19013,Charlie
South,Tablet,4589,19014,David
North,Tablet,857,19015,Emma
East,Headphones,6005,19016,Charlie
South,Tablet,4920,19017,Charlie
South,Laptop,9442,19018,David
West,Tablet,3750,19019,Charlie
East,Tablet,7062,19020,Alice
East,Laptop,2758,19021,Bob
North,Laptop,9602,19022,Emma
East,Tablet,4310,19023,David
North,Phone,1083,19024,David
West,Laptop,3938,19025,Bob
East,Phone,9268,19026,Alice
South,Phone,6857,19027,Bob
West,Headphones,9844,19028,Charlie
North,Phone,6646,19029,David
West,Headphones,5490,19030,Charlie
North,Phone,2283,19031,David
West,Headphones,1593,19032,David
North,Laptop,5032,19033,Charlie
East,Tablet,5617,19034,Bob
South,Tablet,8438,19035,Emma
North,Headphones,7246,19036,Emma
West,Laptop,2633,19037,Bob
North,Headphones,9209,19038,Alice
North,Headphones,9433,19039,Bob
North,Laptop,6620,19040,Bob
West,Phone,2977,19041,Bob
South,Phone,5458,19042,Emma
East,Laptop,6637,19043,David
South,Headphones,3376,19044,Alice
North,Tablet,542,19045,Alice
West,Headphones,6329,19046,Alice
South,Phone,3941,19047,Charlie
North,Laptop,9095,19048,Bob
East,Laptop,6846,19049,David
East,Laptop,7349,19050,David
East,Phone,7186,19051,Charlie
North,Headphones,3150,19052,Emma
West,Laptop,4845,19053,Charlie
South,Tablet,1377,19054,Charlie
East,Laptop,2386,19055,Bob
North,Headphones,1803,19056,Emma
North,Phone,2240,19057,Charlie
South,Tablet,1612,19058,David
East,Tablet,4376,19059,Bob
North,Laptop,6540,19060,Emma
South,Headphones,7952,19061,David
West,Laptop,6618,19062,Alice
West,Tablet,8939,19063,Bob
West,Laptop,7295,19064,David
East,Headphones,7544,19065,Charlie
South,Phone,1067,19066,Charlie
South,Tablet,6458,19067,Bob
North,Headphones,9880,19068,Emma
North,Laptop,1853,19069,Charlie
North,Tablet,5529,19070,David
South,Laptop,9672,19071,Alice
North,Laptop,5465,19072,Emma
South,Phone,668,19073,Bob
South,Laptop,8212,19074,Charlie
West,Laptop,3171,19075,Emma
North,Headphones,878,19076,Alice
West,Laptop,2432,19077,Emma
East,Phone,693,19078,Emma
East,Laptop,8955,19079,Bob
East,Laptop,5116,19080,Alice
South,Laptop,5514,19081,Alice
South,Tablet,8378,19082,Emma
South,Phone,1800,19083,Charlie
North,Tablet,3700,19084,Emma
West,Phone,3873,19085,David
South,Phone,9265,19086,Charlie
West,Headphones,1883,19087,Bob
West,Tablet,4037,19088,Alice
West,Phone,8424,19089,Charlie
North,Phone,5491,19090,Bob
North,Headphones,5702,19091,Emma
East,Tablet,4432,19092,Bob
East,Laptop,4122,19093,David
West,Headphones,9587,19094,Bob
East,Phone,964,19095,Charlie
West,Tablet,8480,19096,Alice
North,Phone,2110,19097,Charlie
North,Headphones,9304,19098,Charlie
North,Headphones,1104,19099,Alice
South,Tablet,8467,19100,David
West,Headphones,1120,19101,Charlie
North,Headphones,3102,19102,Alice
West,Laptop,6973,19103,Alice
East,Phone,4300,19104,Charlie
East,Laptop,7598,19105,Alice
North,Laptop,7038,19106,Emma
West,Tablet,655,19107,Charlie
North,Headphones,8660,19108,David
East,Phone,7181,19109,Emma
North,Phone,3215,19110,David
West,Phone,4839,19111,Charlie
East,Headphones,8570,19112,Bob
South,Phone,7190,19113,Alice
East,Phone,949,19114,Emma
South,Headphones,1569,19115,Charlie
North,Tablet,4517,19116,Alice
North,Phone,3319,19117,Bob
West,Headphones,2785,19118,David
South,Laptop,9882,19119,Charlie
North,Headphones,1899,19120,Charlie
South,Laptop,2748,19121,Bob
North,Headphones,6875,19122,David
East,Phone,1223,19123,Charlie
North,Tablet,5773,19124,Alice
West,Tablet,8035,19125,Bob
East,Phone,5320,19126,Charlie
West,Laptop,586,19127,David
East,Headphones,8197,19128,Emma
South,Phone,7346,19129,Charlie
West,Headphones,4649,19130,David
North,Phone,2251,19131,Bob
South,Phone,5661,19132,David
North,Headphones,3920,19133,David
East,Tablet,5337,19134,Bob
East,Tablet,2983,19135,Emma
North,Laptop,3712,19136,Alice
North,Headphones,4422,19137,Emma
South,Laptop,6810,19138,Alice
North,Phone,6542,19139,Alice
West,Laptop,8513,19140,Alice
West,Phone,4027,19141,Charlie
North,Headphones,8764,19142,Emma
West,Headphones,9416,19143,David
North,Headphones,4254,19144,Charlie
South,Headphones,8662,19145,Bob
West,Laptop,4865,19146,Bob
West,Phone,8910,19147,Alice
North,Tablet,1046,19148,Charlie
West,Headphones,4229,19149,Charlie
East,Headphones,7850,19150,Bob
South,Phone,6384,19151,David
South,Tablet,2468,19152,Emma
West,Headphones,5016,19153,Emma
West,Tablet,1759,19154,Alice
East,Headphones,7492,19155,Alice
East,Laptop,8256,19156,Alice
West,Laptop,3433,19157,Bob
West,Tablet,3009,19158,Bob
East,Phone,2062,19159,Emma
North,Phone,8575,19160,Alice
East,Laptop,4169,19161,Charlie
North,Phone,2981,19162,David
South,Phone,7698,19163,Bob
South,Phone,704,19164,Alice
East,Tablet,1241,19165,Alice
North,Tablet,7549,19166,Bob
East,Phone,4763,19167,Emma
East,Laptop,8337,19168,Emma
North,Phone,5237,19169,Emma
East,Headphones,1605,19170,Emma
South,Laptop,7330,19171,Charlie
West,Tablet,4697,19172,Alice
West,Headphones,588,19173,Emma
East,Phone,6988,19174,Emma
North,Phone,3881,19175,David
North,Laptop,3685,19176,David
South,Laptop,7179,19177,Alice
North,Phone,6806,19178,Bob
North,Phone,1364,19179,Emma
South,Laptop,8746,19180,Charlie
East,Headphones,5171,19181,David
West,Tablet,1057,19182,Emma
South,Laptop,9684,19183,Bob
East,Headphones,4791,19184,Charlie
South,Phone,947,19185,David
East,Tablet,2321,19186,Bob
South,Headphones,4319,19187,Bob
East,Tablet,591,19188,Charlie
South,Tablet,1107,19189,Charlie
East,Tablet,9943,19190,David
South,Headphones,785,19191,Charlie
West,Headphones,3421,19192,Emma
West,Phone,601,19193,Charlie
North,Tablet,4335,19194,Bob
East,Laptop,8669,19195,Charlie
South,Laptop,4735,19196,David
East,Laptop,8009,19197,Emma
West,Headphones,7216,19198,Charlie
East,Phone,1034,19199,Emma
South,Headphones,7166,19200,Charlie
East,Tablet,8707,19201,Emma
South,Laptop,9252,19202,Charlie
West,Headphones,3425,19203,Charlie
West,Laptop,1409,19204,Alice
West,Headphones,5508,19205,Bob
North,Laptop,618,19206,David
West,Tablet,3613,19207,David
East,Laptop,6653,19208,Alice
North,Tablet,1991,19209,Charlie
West,Tablet,2596,19210,Bob
East,Headphones,8444,19211,Emma
East,Headphones,2754,19212,Alice
East,Headphones,9205,19213,David
South,Tablet,6603,19214,David
North,Phone,1733,19215,David
East,Phone,5758,19216,Charlie
South,Tablet,6131,19217,Emma
West,Tablet,3849,19218,Emma
East,Headphones,629,19219,Emma
South,Headphones,4216,19220,Charlie
East,Headphones,7254,19221,David
North,Phone,4243,19222,David
North,Phone,2271,19223,Charlie
West,Tablet,4954,19224,Bob
East,Phone,7270,19225,Charlie
South,Headphones,7750,19226,Charlie
West,Headphones,5773,19227,David
East,Headphones,9197,19228,Emma
West,Headphones,6128,19229,David
South,Headphones,5413,19230,Bob
West,Laptop,9530,19231,Alice
West,Tablet,5218,19232,Alice
West,Tablet,3176,19233,Charlie
East,Phone,596,19234,Alice
South,Headphones,2463,19235,Emma
North,Laptop,5901,19236,David
East,Headphones,8267,19237,Bob
North,Headphones,1098,19238,Bob
North,Phone,4463,19239,Bob
East,Laptop,9120,19240,David
East,Laptop,7793,19241,Emma
South,Tablet,1824,19242,Bob
South,Headphones,8611,19243,Alice
West,Laptop,2267,19244,Emma
North,Tablet,5664,19245,Emma
South,Laptop,1839,19246,Emma
West,Headphones,9668,19247,Bob
South,Tablet,6966,19248,Emma
East,Laptop,5963,19249,Bob
South,Phone,5990,19250,Alice
North,Laptop,4561,19251,Alice
South,Headphones,8104,19252,Alice
North,Phone,1770,19253,Alice
East,Laptop,718,19254,Emma
North,Laptop,1033,19255,Emma
South,Tablet,8451,19256,Bob
West,Headphones,4323,19257,Alice
East,Laptop,564,19258,Charlie
South,Laptop,4841,19259,Alice
East,Laptop,5582,19260,David
East,Headphones,3485,19261,Charlie
South,Phone,6094,19262,David
South,Headphones,4413,19263,Charlie
West,Tablet,9740,19264,Bob
East,Tablet,8517,19265,Emma
East,Headphones,4755,19266,Bob
South,Laptop,1504,19267,Charlie
North,Laptop,2622,19268,Alice
South,Phone,7196,19269,Bob
East,Headphones,4481,19270,Charlie
South,Headphones,971,19271,Alice
West,Laptop,3905,19272,Emma
North,Tablet,808,19273,Charlie
South,Tablet,8195,19274,David
West,Phone,8207,19275,David
East,Phone,3547,19276,David
South,Tablet,2517,19277,Alice
East,Headphones,5381,19278,Alice
West,Phone,1978,19279,Bob
East,Laptop,4697,19280,Alice
West,Headphones,8221,19281,Charlie
West,Laptop,5370,19282,David
West,Phone,3959,19283,Emma
South,Tablet,9923,19284,David
East,Phone,5934,19285,Charlie
East,Tablet,1071,19286,Emma
North,Headphones,4089,19287,Bob
North,Phone,8839,19288,Alice
North,Phone,6418,19289,Charlie
North,Phone,1096,19290,Alice
East,Headphones,5573,19291,Bob
West,Laptop,1570,19292,Emma
West,Laptop,4750,19293,Charlie
South,Tablet,4825,19294,Emma
West,Phone,3871,19295,Charlie
East,Laptop,657,19296,Bob
East,Headphones,9614,19297,Bob
East,Phone,3818,19298,Bob
South,Tablet,7211,19299,Alice
North,Laptop,7721,19300,David
West,Headphones,9938,19301,Emma
East,Headphones,9457,19302,Charlie
East,Tablet,3112,19303,Emma
North,Laptop,5062,19304,David
East,Phone,943,19305,Alice
West,Headphones,6473,19306,Alice
South,Tablet,1404,19307,David
East,Headphones,3410,19308,Charlie
West,Headphones,2301,19309,David
East,Laptop,1425,19310,Alice
North,Laptop,8351,19311,Alice
East,Phone,6430,19312,Emma
East,Headphones,9443,19313,Charlie
South,Tablet,9926,19314,Charlie
North,Headphones,3422,19315,Alice
North,Tablet,9354,19316,David
South,Headphones,8055,19317,Alice
East,Tablet,1419,19318,Emma
West,Headphones,5504,19319,David
North,Headphones,4719,19320,Alice
North,Phone,8759,19321,Charlie
East,Laptop,5070,19322,Emma
East,Laptop,4953,19323,Alice
North,Tablet,6075,19324,Alice
East,Headphones,2453,19325,Bob
West,Headphones,3068,19326,David
North,Laptop,8445,19327,Bob
West,Tablet,4208,19328,Charlie
West,Phone,5428,19329,David
East,Phone,3899,19330,Emma
West,Phone,7070,19331,David
East,Headphones,942,19332,Alice
South,Tablet,1100,19333,Alice
East,Laptop,5082,19334,Alice
West,Headphones,3286,19335,David
South,Headphones,3195,19336,Alice
East,Phone,2552,19337,Alice
West,Tablet,1131,19338,Bob
North,Tablet,3942,19339,Alice
North,Phone,2254,19340,Bob
East,Phone,7520,19341,Charlie
East,Phone,525,19342,David
North,Headphones,8446,19343,Bob
West,Headphones,7797,19344,David
West,Headphones,7053,19345,David
West,Laptop,6259,19346,Emma
East,Laptop,8255,19347,Bob
South,Tablet,1629,19348,Alice
South,Phone,5496,19349,Emma
South,Phone,4645,19350,Bob
South,Headphones,6141,19351,Bob
South,Laptop,9133,19352,Charlie
East,Phone,6397,19353,Alice
East,Tablet,7869,19354,Charlie
South,Phone,4395,19355,David
East,Headphones,5297,19356,Alice
East,Headphones,2328,19357,Charlie
South,Laptop,1059,19358,Charlie
West,Tablet,9865,19359,Alice
East,Tablet,9776,19360,Bob
West,Phone,4414,19361,David
East,Tablet,8930,19362,Emma
East,Phone,8550,19363,Emma
South,Phone,7400,19364,Emma
East,Laptop,6087,19365,David
North,Tablet,5912,19366,Alice
North,Headphones,5112,19367,Alice
South,Phone,4183,19368,Alice
West,Phone,8896,19369,Emma
West,Phone,7847,19370,Bob
West,Tablet,4100,19371,Charlie
North,Tablet,7143,19372,Emma
West,Tablet,1713,19373,David
West,Phone,7847,19374,Alice
South,Headphones,3591,19375,Charlie
West,Headphones,1882,19376,Alice
North,Tablet,4180,19377,Alice
North,Headphones,8698,19378,Alice
North,Phone,3998,19379,Bob
South,Tablet,8987,19380,Charlie
South,Tablet,6006,19381,Emma
East,Phone,8955,19382,Bob
West,Tablet,2637,19383,David
South,Phone,8155,19384,David
North,Tablet,8624,19385,Emma
North,Headphones,5448,19386,Charlie
South,Tablet,4365,19387,Emma
South,Tablet,5960,19388,Bob
South,Tablet,5948,19389,Charlie
East,Laptop,4996,19390,David
North,Headphones,4952,19391,Charlie
East,Phone,7398,19392,Charlie
East,Laptop,3046,19393,Charlie
West,Headphones,5429,19394,Emma
North,Tablet,8810,19395,Alice
North,Tablet,7714,19396,Bob
South,Phone,2895,19397,Charlie
South,Phone,8171,19398,Charlie
West,Headphones,6014,19399,Emma
East,Headphones,2202,19400,Bob
South,Phone,9221,19401,Bob
South,Headphones,4174,19402,David
North,Phone,8994,19403,Bob
North,Tablet,4751,19404,Bob
South,Phone,513,19405,Charlie
North,Laptop,7687,19406,Alice
West,Phone,3303,19407,Charlie
South,Phone,1388,19408,Emma
North,Laptop,9888,19409,Bob
West,Laptop,5040,19410,Alice
North,Laptop,8590,19411,Charlie
North,Laptop,2669,19412,David
North,Phone,4151,19413,Emma
South,Headphones,8517,19414,Emma
East,Laptop,8740,19415,Emma
North,Tablet,680,19416,Charlie
West,Phone,4378,19417,Alice
South,Headphones,3964,19418,Alice
South,Tablet,1029,19419,Bob
West,Phone,6271,19420,Alice
North,Phone,5179,19421,David
East,Tablet,8440,19422,Emma
North,Laptop,1786,19423,Charlie
West,Laptop,2690,19424,Emma
South,Tablet,9398,19425,Emma
East,Headphones,8985,19426,David
South,Laptop,2061,19427,Emma
West,Phone,6128,19428,Emma
North,Phone,3111,19429,David
East,Headphones,7060,19430,David
South,Phone,1160,19431,Alice
South,Laptop,3678,19432,Emma
South,Headphones,3889,19433,Bob
North,Laptop,3563,19434,Bob
East,Headphones,6901,19435,Bob
North,Tablet,8627,19436,David
North,Phone,3340,19437,Emma
North,Headphones,6809,19438,Alice
West,Tablet,7692,19439,Emma
West,Laptop,6554,19440,Bob
West,Tablet,6646,19441,Charlie
East,Laptop,7061,19442,Bob
North,Headphones,9060,19443,David
North,Headphones,1038,19444,Emma
West,Phone,3427,19445,David
North,Phone,2893,19446,Alice
North,Headphones,9422,19447,Emma
South,Laptop,1396,19448,Emma
North,Laptop,7367,19449,Emma
South,Headphones,6845,19450,Charlie
North,Laptop,2868,19451,Emma
East,Headphones,5059,19452,Charlie
West,Phone,8247,19453,Emma
South,Laptop,2880,19454,Bob
West,Phone,514,19455,Alice
South,Tablet,3635,19456,Emma
South,Phone,2777,19457,David
South,Tablet,8702,19458,Bob
East,Phone,2156,19459,David
North,Phone,9939,19460,David
South,Laptop,2160,19461,Charlie
East,Phone,2263,19462,Alice
South,Headphones,9233,19463,David
North,Laptop,2029,19464,Bob
South,Laptop,8365,19465,Alice
East,Laptop,6338,19466,Bob
North,Phone,7410,19467,David
East,Laptop,9872,19468,Alice
North,Tablet,3117,19469,Emma
North,Tablet,3254,19470,David
West,Phone,9620,19471,David
West,Laptop,8601,19472,Charlie
West,Headphones,1926,19473,Bob
North,Headphones,8567,19474,Emma
South,Tablet,5708,19475,Alice
East,Phone,6722,19476,David
East,Phone,8308,19477,David
East,Phone,2561,19478,Emma
West,Phone,3063,19479,David
North,Phone,3303,19480,Bob
West,Laptop,6709,19481,Alice
South,Laptop,2793,19482,Emma
North,Laptop,2125,19483,Emma
East,Headphones,6309,19484,Charlie
West,Laptop,1071,19485,Alice
West,Phone,7899,19486,Emma
South,Phone,2900,19487,David
South,Headphones,9074,19488,Alice
West,Headphones,6329,19489,Bob
South,Tablet,1583,19490,Emma
East,Headphones,2449,19491,Bob
South,Tablet,6030,19492,Emma
South,Laptop,5702,19493,David
West,Phone,5930,19494,Charlie
West,Tablet,3997,19495,David
North,Tablet,5996,19496,Bob
North,Tablet,5430,19497,Alice
West,Headphones,3894,19498,Bob
South,Headphones,9895,19499,Charlie
South,Headphones,1273,19500,Emma
North,Tablet,8293,19501,Emma
North,Laptop,3097,19502,Bob
North,Phone,8481,19503,Alice
East,Headphones,3561,19504,Emma
East,Laptop,3825,19505,Emma
North,Headphones,1903,19506,Charlie
South,Headphones,3820,19507,Charlie
North,Tablet,7739,19508,Alice
East,Tablet,7149,19509,Emma
South,Headphones,7920,19510,David
East,Phone,7639,19511,Bob
South,Headphones,1369,19512,Emma
East,Phone,6942,19513,Bob
South,Laptop,9775,19514,Emma
South,Headphones,1473,19515,Charlie
South,Phone,9917,19516,Alice
South,Laptop,1688,19517,David
West,Laptop,5647,19518,Charlie
East,Tablet,3943,19519,Alice
East,Laptop,6184,19520,Charlie
West,Tablet,1821,19521,Bob
South,Laptop,2523,19522,Emma
South,Laptop,7240,19523,Charlie
East,Phone,5968,19524,Alice
West,Phone,938,19525,Emma
South,Tablet,664,19526,Bob
South,Headphones,6178,19527,Bob
South,Phone,8335,19528,David
North,Laptop,3837,19529,Emma
West,Tablet,3850,19530,Bob
South,Tablet,1487,19531,Charlie
North,Tablet,3029,19532,Bob
West,Laptop,5112,19533,Bob
South,Phone,4345,19534,Bob
East,Headphones,6256,19535,David
North,Tablet,8605,19536,Alice
North,Laptop,1826,19537,Bob
South,Phone,8719,19538,Alice
South,Phone,7424,19539,Emma
North,Headphones,5093,19540,Alice
East,Tablet,7162,19541,Emma
East,Laptop,693,19542,David
West,Phone,9283,19543,Emma
South,Laptop,2989,19544,Emma
East,Phone,6901,19545,Charlie
West,Tablet,8804,19546,David
East,Tablet,2237,19547,Bob
South,Headphones,2561,19548,David
West,Phone,6783,19549,Charlie
West,Laptop,7340,19550,Emma
West,Phone,4059,19551,David
East,Laptop,5961,19552,Charlie
South,Headphones,8099,19553,Bob
West,Phone,4383,19554,Emma
North,Tablet,3751,19555,David
South,Laptop,5553,19556,David
North,Tablet,3514,19557,Emma
North,Headphones,1628,19558,David
West,Headphones,7365,19559,Emma
West,Laptop,6972,19560,Charlie
East,Phone,7916,19561,Emma
East,Tablet,2196,19562,Bob
East,Tablet,8824,19563,Emma
South,Laptop,7907,19564,David
East,Laptop,7745,19565,Emma
North,Laptop,5165,19566,Emma
East,Headphones,4720,19567,Emma
West,Headphones,8074,19568,Bob
East,Tablet,6670,19569,Bob
South,Phone,811,19570,David
South,Laptop,5934,19571,David
North,Headphones,901,19572,Emma
South,Phone,6054,19573,Alice
East,Laptop,2096,19574,Charlie
West,Phone,621,19575,Emma
South,Laptop,1250,19576,Charlie
North,Phone,605,19577,Bob
East,Tablet,7434,19578,David
North,Laptop,9751,19579,Alice
South,Laptop,3738,19580,David
South,Tablet,1744,19581,Bob
North,Laptop,8767,19582,Emma
East,Laptop,7365,19583,Bob
South,Headphones,9701,19584,Alice
West,Tablet,3782,19585,Emma
South,Headphones,2775,19586,Emma
East,Tablet,4308,19587,Alice
South,Phone,9144,19588,David
North,Tablet,1265,19589,Emma
South,Tablet,5082,19590,David
South,Headphones,3215,19591,Charlie
East,Laptop,1997,19592,Alice
North,Tablet,3338,19593,Charlie
East,Laptop,6536,19594,Emma
South,Tablet,5566,19595,Alice
West,Headphones,989,19596,Emma
South,Tablet,6874,19597,Alice
East,Phone,2435,19598,David
West,Tablet,3249,19599,Bob
East,Tablet,9795,19600,Bob
East,Laptop,8312,19601,Alice
North,Laptop,7964,19602,Charlie
West,Phone,8277,19603,Alice
South,Tablet,8917,19604,David
East,Laptop,6786,19605,Charlie
South,Tablet,4649,19606,Alice
North,Headphones,6348,19607,Alice
North,Headphones,8156,19608,Emma
West,Phone,2845,19609,David
North,Headphones,6049,19610,David
North,Laptop,7180,19611,Bob
South,Laptop,9270,19612,Emma
North,Phone,2198,19613,Charlie
North,Tablet,7484,19614,Bob
East,Laptop,6537,19615,David
North,Headphones,5756,19616,Alice
East,Laptop,7051,19617,Emma
North,Phone,778,19618,David
North,Headphones,1968,19619,David
West,Headphones,9632,19620,Emma
West,Headphones,2818,19621,David
East,Phone,5036,19622,Bob
North,Phone,5847,19623,Emma
South,Tablet,6439,19624,David
West,Tablet,2283,19625,David
South,Tablet,7130,19626,Emma
West,Phone,3726,19627,Alice
West,Headphones,9677,19628,Charlie
North,Headphones,3319,19629,Emma
West,Laptop,4470,19630,Alice
South,Tablet,924,19631,David
West,Headphones,2605,19632,Bob
East,Headphones,2970,19633,David
North,Headphones,6394,19634,David
North,Headphones,4294,19635,Alice
East,Phone,3391,19636,Emma
East,Tablet,3647,19637,Charlie
East,Headphones,4551,19638,Charlie
West,Headphones,4151,19639,Emma
North,Headphones,8401,19640,Emma
East,Headphones,1674,19641,Bob
West,Laptop,3449,19642,Emma
East,Headphones,9128,19643,Bob
South,Headphones,6616,19644,Emma
South,Headphones,734,19645,Bob
North,Laptop,8412,19646,Emma
West,Phone,5270,19647,Emma
South,Laptop,5628,19648,Charlie
South,Headphones,5356,19649,David
West,Phone,8659,19650,David
East,Headphones,2974,19651,Bob
West,Phone,726,19652,Alice
East,Headphones,6660,19653,Charlie
South,Headphones,5301,19654,Emma
South,Phone,5857,19655,Charlie
South,Phone,8048,19656,Alice
North,Headphones,4495,19657,Charlie
North,Laptop,1910,19658,Alice
North,Laptop,5264,19659,Alice
West,Laptop,1837,19660,Alice
South,Laptop,5920,19661,Alice
South,Phone,617,19662,Alice
West,Phone,2368,19663,Emma
North,Laptop,2597,19664,Charlie
West,Tablet,2313,19665,David
North,Tablet,9234,19666,David
South,Tablet,2874,19667,Emma
East,Headphones,2026,19668,Bob
North,Laptop,7587,19669,Alice
South,Headphones,9961,19670,Charlie
South,Phone,9293,19671,Alice
East,Phone,4114,19672,Alice
South,Tablet,2649,19673,David
South,Tablet,3801,19674,Alice
North,Phone,9079,19675,Charlie
North,Tablet,4180,19676,Charlie
East,Tablet,3782,19677,David
East,Phone,3196,19678,Emma
South,Headphones,4651,19679,David
North,Tablet,1805,19680,David
East,Headphones,1216,19681,Alice
East,Tablet,6345,19682,Bob
West,Laptop,6258,19683,Emma
East,Headphones,4155,19684,Emma
South,Headphones,6859,19685,Emma
North,Tablet,9005,19686,Alice
East,Headphones,2780,19687,David
West,Laptop,3122,19688,Alice
North,Phone,9579,19689,Charlie
East,Laptop,4842,19690,Bob
West,Phone,2989,19691,Bob
East,Laptop,2422,19692,Alice
North,Laptop,6778,19693,David
North,Headphones,8615,19694,Emma
North,Laptop,8549,19695,Charlie
South,Tablet,4529,19696,Charlie
East,Tablet,3563,19697,Bob
South,Tablet,8852,19698,David
North,Tablet,4392,19699,Emma
West,Headphones,2237,19700,Bob
East,Tablet,4720,19701,David
South,Laptop,7580,19702,Emma
East,Tablet,3895,19703,Alice
West,Headphones,2954,19704,David
South,Phone,5457,19705,Charlie
North,Laptop,2787,19706,David
South,Laptop,9928,19707,David
East,Headphones,8650,19708,David
East,Phone,6792,19709,Emma
East,Tablet,9898,19710,Emma
East,Phone,9196,19711,Alice
North,Laptop,4233,19712,Alice
South,Laptop,9392,19713,Emma
North,Laptop,5613,19714,Emma
North,Phone,3505,19715,Bob
North,Tablet,5290,19716,David
East,Laptop,510,19717,David
East,Headphones,5721,19718,Charlie
East,Tablet,4177,19719,Emma
South,Laptop,9664,19720,Emma
West,Tablet,7834,19721,Alice
East,Headphones,5664,19722,Alice
South,Phone,9533,19723,David
East,Laptop,7360,19724,David
East,Headphones,8605,19725,Emma
North,Laptop,784,19726,David
North,Laptop,7043,19727,Emma
North,Phone,6070,19728,Charlie
South,Phone,6231,19729,Charlie
West,Tablet,8111,19730,Bob
West,Headphones,2935,19731,Alice
South,Headphones,8023,19732,Bob
East,Phone,1529,19733,Charlie
South,Laptop,7084,19734,David
East,Tablet,8591,19735,Alice
South,Phone,4951,19736,Alice
South,Tablet,3466,19737,Bob
South,Tablet,8255,19738,Alice
West,Headphones,1053,19739,Charlie
North,Tablet,767,19740,David
South,Headphones,7635,19741,Bob
West,Laptop,1740,19742,David
North,Laptop,4659,19743,Bob
North,Phone,2989,19744,Emma
South,Laptop,8358,19745,Alice
East,Headphones,5894,19746,Emma
East,Tablet,9161,19747,Alice
East,Tablet,3787,19748,Emma
South,Laptop,2519,19749,David
East,Headphones,5813,19750,Charlie
West,Tablet,4817,19751,Bob
West,Laptop,6324,19752,Alice
West,Headphones,9572,19753,Bob
West,Headphones,1338,19754,Charlie
North,Tablet,9443,19755,Emma
West,Phone,8961,19756,David
East,Phone,5327,19757,Bob
South,Headphones,7487,19758,Emma
East,Headphones,4003,19759,Alice
West,Laptop,8324,19760,Bob
North,Headphones,2575,19761,Bob
West,Laptop,1812,19762,Alice
South,Laptop,2784,19763,Charlie
East,Laptop,9075,19764,Emma
South,Headphones,3308,19765,Bob
South,Headphones,9495,19766,Emma
South,Laptop,9788,19767,David
East,Tablet,7021,19768,Emma
West,Headphones,6855,19769,Emma
South,Phone,4219,19770,Alice
East,Tablet,5271,19771,Emma
North,Phone,3196,19772,Charlie
East,Headphones,6296,19773,Emma
North,Tablet,1308,19774,David
East,Headphones,3793,19775,Emma
West,Headphones,9997,19776,Alice
South,Tablet,3959,19777,David
West,Headphones,2919,19778,Alice
East,Tablet,4724,19779,Charlie
South,Headphones,8071,19780,Charlie
North,Laptop,6863,19781,Alice
East,Phone,9888,19782,Charlie
South,Laptop,5067,19783,Alice
North,Headphones,4024,19784,Bob
North,Headphones,7251,19785,Emma
West,Headphones,6737,19786,Bob
East,Laptop,9736,19787,Charlie
North,Headphones,5819,19788,Alice
South,Tablet,2367,19789,Alice
North,Phone,1875,19790,Alice
North,Headphones,8630,19791,Alice
West,Headphones,5901,19792,Emma
West,Phone,9303,19793,David
South,Phone,7492,19794,Bob
West,Phone,3816,19795,Charlie
North,Laptop,2098,19796,Alice
North,Laptop,5449,19797,Bob
West,Headphones,7072,19798,David
North,Phone,1138,19799,Bob
North,Headphones,4666,19800,Charlie
South,Headphones,1145,19801,Alice
West,Headphones,6384,19802,Charlie
North,Laptop,7168,19803,Alice
West,Phone,589,19804,David
South,Headphones,9515,19805,Charlie
West,Laptop,1050,19806,Bob
North,Tablet,8751,19807,David
West,Tablet,5724,19808,Charlie
North,Headphones,6081,19809,Alice
North,Headphones,4678,19810,David
North,Phone,9935,19811,Alice
South,Phone,3979,19812,Emma
West,Headphones,9637,19813,Bob
South,Laptop,6591,19814,Alice
West,Headphones,3133,19815,Charlie
South,Phone,7290,19816,Emma
East,Phone,4001,19817,David
North,Laptop,1389,19818,Charlie
North,Headphones,9265,19819,David
South,Phone,9204,19820,Emma
East,Headphones,7746,19821,Charlie
North,Phone,4660,19822,Alice
West,Tablet,4551,19823,Charlie
South,Tablet,2730,19824,Bob
North,Tablet,5685,19825,Alice
North,Phone,7875,19826,Bob
South,Laptop,6697,19827,Charlie
South,Tablet,2783,19828,Charlie
West,Phone,5484,19829,David
West,Headphones,1111,19830,Charlie
North,Tablet,9129,19831,Alice
North,Laptop,7337,19832,Bob
South,Laptop,7606,19833,Emma
North,Laptop,7775,19834,Bob
North,Headphones,9215,19835,David
South,Headphones,4077,19836,Emma
North,Laptop,6986,19837,Emma
North,Laptop,2761,19838,Charlie
East,Laptop,1523,19839,David
West,Headphones,9013,19840,David
South,Headphones,7735,19841,Charlie
East,Phone,4257,19842,Alice
West,Tablet,8568,19843,Charlie
West,Headphones,9141,19844,David
West,Laptop,1784,19845,Emma
East,Tablet,2160,19846,Alice
East,Headphones,5853,19847,David
West,Tablet,1403,19848,David
North,Phone,9869,19849,Charlie
North,Headphones,9021,19850,Bob
East,Laptop,9328,19851,David
East,Laptop,6510,19852,Bob
East,Phone,912,19853,Alice
West,Phone,7139,19854,Emma
North,Phone,4333,19855,Bob
East,Phone,2915,19856,Bob
East,Phone,3086,19857,Bob
South,Headphones,6071,19858,Bob
West,Headphones,9172,19859,Bob
South,Tablet,7057,19860,Alice
North,Phone,6780,19861,David
South,Laptop,3382,19862,Emma
South,Laptop,3019,19863,David
South,Phone,4900,19864,Alice
West,Phone,9346,19865,Alice
North,Phone,680,19866,Bob
South,Phone,4625,19867,Alice
West,Phone,3519,19868,Alice
North,Laptop,1264,19869,Bob
East,Tablet,4635,19870,Alice
South,Phone,5538,19871,Alice
North,Phone,7299,19872,Alice
South,Phone,3890,19873,Charlie
East,Headphones,1564,19874,David
North,Laptop,2956,19875,Charlie
West,Laptop,6181,19876,David
North,Tablet,1846,19877,Bob
West,Headphones,7497,19878,Bob
North,Headphones,9874,19879,David
West,Headphones,4632,19880,David
East,Tablet,2953,19881,Emma
East,Tablet,1038,19882,David
East,Tablet,2803,19883,David
North,Headphones,6921,19884,Bob
East,Laptop,748,19885,Bob
South,Headphones,9732,19886,Alice
East,Tablet,1891,19887,Alice
West,Headphones,2672,19888,Bob
West,Phone,1835,19889,Alice
West,Headphones,2759,19890,Charlie
North,Headphones,7115,19891,Charlie
South,Laptop,6034,19892,Alice
East,Laptop,9191,19893,Alice
South,Laptop,1310,19894,David
South,Phone,5484,19895,David
West,Laptop,7848,19896,Charlie
West,Phone,8056,19897,Charlie
West,Tablet,4213,19898,David
North,Laptop,4204,19899,David
South,Headphones,1710,19900,David
South,Headphones,4245,19901,Alice
North,Phone,8291,19902,Bob
North,Laptop,1991,19903,Charlie
North,Headphones,7801,19904,Emma
South,Tablet,6960,19905,David
South,Laptop,3548,19906,Alice
West,Tablet,5419,19907,Charlie
West,Headphones,3434,19908,David
South,Laptop,6610,19909,Alice
West,Phone,2317,19910,Charlie
North,Headphones,7113,19911,Charlie
East,Tablet,4819,19912,Emma
West,Laptop,1775,19913,Emma
South,Tablet,7731,19914,Charlie
West,Tablet,3377,19915,Alice
West,Phone,4514,19916,David
West,Phone,4587,19917,David
East,Headphones,1647,19918,Charlie
North,Phone,737,19919,David
South,Phone,2622,19920,Emma
East,Headphones,8109,19921,David
South,Headphones,5095,19922,Bob
South,Headphones,4483,19923,Emma
South,Headphones,8634,19924,Emma
East,Tablet,6106,19925,Charlie
North,Tablet,9678,19926,Charlie
South,Headphones,2123,19927,David
North,Headphones,7726,19928,David
North,Laptop,1222,19929,Charlie
West,Laptop,1595,19930,Alice
East,Laptop,4327,19931,David
East,Phone,4785,19932,Alice
West,Tablet,1495,19933,Emma
West,Tablet,6181,19934,Bob
North,Laptop,5161,19935,Alice
South,Laptop,1492,19936,David
East,Tablet,3283,19937,Charlie
South,Phone,8847,19938,Charlie
South,Laptop,6182,19939,Bob
West,Headphones,6461,19940,Bob
South,Laptop,5268,19941,Emma
North,Tablet,6260,19942,Alice
West,Tablet,5704,19943,Bob
South,Laptop,8052,19944,Emma
West,Laptop,8746,19945,Emma
North,Headphones,584,19946,Emma
North,Headphones,6476,19947,David
South,Phone,8647,19948,Bob
West,Phone,7584,19949,Charlie
South,Headphones,3279,19950,Emma
South,Phone,6555,19951,Charlie
West,Phone,3169,19952,David
South,Laptop,1508,19953,Alice
North,Headphones,2864,19954,David
West,Laptop,4186,19955,David
West,Laptop,7268,19956,Bob
West,Phone,2699,19957,Emma
West,Laptop,1409,19958,David
South,Tablet,3939,19959,Emma
South,Phone,6382,19960,Charlie
North,Tablet,3413,19961,Alice
East,Phone,5195,19962,Alice
East,Laptop,1506,19963,Charlie
North,Phone,7614,19964,Bob
East,Tablet,1643,19965,Charlie
North,Phone,8052,19966,Charlie
South,Tablet,1724,19967,Bob
West,Headphones,4995,19968,Bob
West,Laptop,8759,19969,David
South,Tablet,9706,19970,Emma
West,Headphones,681,19971,Alice
West,Laptop,6832,19972,Bob
East,Headphones,5446,19973,Bob
South,Tablet,7950,19974,David
East,Laptop,3445,19975,David
East,Headphones,9346,19976,Emma
West,Tablet,4186,19977,Bob
West,Headphones,2788,19978,Bob
South,Laptop,3331,19979,David
West,Laptop,9413,19980,Charlie
West,Laptop,3748,19981,Emma
South,Tablet,9892,19982,Bob
West,Headphones,9001,19983,Alice
East,Headphones,1525,19984,Alice
South,Tablet,4912,19985,David
West,Laptop,6402,19986,Alice
North,Phone,4143,19987,David
South,Laptop,9059,19988,Charlie
South,Phone,5150,19989,David
North,Laptop,1749,19990,Bob
West,Tablet,3483,19991,Alice
West,Phone,5075,19992,Bob
South,Tablet,7947,19993,Alice
South,Phone,9631,19994,Alice
West,Headphones,4609,19995,David
West,Phone,4523,19996,Emma
East,Phone,8469,19997,Alice
South,Phone,1089,19998,Alice
South,Headphones,2282,19999,Emma
North,Tablet,5068,20000,Bob
East,Headphones,9899,20001,Alice
West,Phone,4912,20002,David
East,Laptop,9538,20003,Emma
West,Headphones,5180,20004,Emma
West,Laptop,9490,20005,Alice
East,Headphones,970,20006,Bob
South,Headphones,5327,20007,Bob
West,Phone,5567,20008,Charlie
East,Tablet,3494,20009,Charlie
North,Tablet,3629,20010,David
East,Phone,6667,20011,Alice
North,Headphones,1813,20012,Bob
West,Tablet,7046,20013,Charlie
East,Tablet,9739,20014,Alice
East,Tablet,9779,20015,Alice
North,Phone,8434,20016,Bob
East,Laptop,5858,20017,Alice
East,Laptop,782,20018,Emma
West,Laptop,8109,20019,Charlie
East,Laptop,1898,20020,David
South,Laptop,3233,20021,Charlie
North,Tablet,4567,20022,Alice
East,Tablet,2857,20023,Emma
North,Headphones,3738,20024,Charlie
North,Tablet,8489,20025,Bob
North,Phone,7710,20026,Emma
East,Headphones,1287,20027,Charlie
East,Tablet,8734,20028,Alice
North,Headphones,6284,20029,Bob
South,Headphones,5143,20030,Alice
North,Laptop,4821,20031,Alice
South,Headphones,5228,20032,Bob
North,Tablet,6140,20033,Emma
West,Laptop,3910,20034,Charlie
North,Tablet,1858,20035,Emma
North,Laptop,9896,20036,Bob
East,Tablet,1037,20037,Charlie
South,Laptop,4368,20038,Bob
West,Laptop,5076,20039,David
South,Phone,5025,20040,David
West,Tablet,4083,20041,Emma
North,Headphones,8398,20042,Bob
East,Laptop,1850,20043,Charlie
East,Tablet,9636,20044,Emma
South,Laptop,4356,20045,David
East,Phone,3125,20046,David
South,Phone,4807,20047,David
South,Phone,9542,20048,Emma
West,Phone,3425,20049,Charlie
South,Headphones,9687,20050,David
West,Headphones,7214,20051,Emma
East,Laptop,7697,20052,Emma
South,Tablet,6506,20053,Alice
South,Phone,9041,20054,Alice
North,Phone,2037,20055,Charlie
South,Headphones,3228,20056,David
South,Headphones,7881,20057,Alice
North,Phone,4846,20058,Charlie
North,Tablet,2866,20059,Alice
East,Laptop,7528,20060,David
South,Laptop,7368,20061,Emma
East,Laptop,4375,20062,David
East,Laptop,6541,20063,Alice
North,Tablet,4101,20064,David
West,Tablet,4674,20065,Emma
East,Tablet,1423,20066,Bob
West,Headphones,1118,20067,Emma
South,Phone,4900,20068,Alice
North,Tablet,6842,20069,Emma
South,Laptop,3803,20070,Charlie
South,Tablet,9739,20071,David
North,Phone,6080,20072,Bob
South,Headphones,8100,20073,Bob
North,Laptop,8622,20074,David
West,Headphones,582,20075,David
South,Tablet,592,20076,Charlie
North,Laptop,7260,20077,Emma
East,Laptop,7875,20078,Bob
South,Tablet,8337,20079,Alice
West,Tablet,7224,20080,David
North,Phone,3548,20081,David
South,Tablet,1967,20082,Bob
South,Tablet,5989,20083,David
South,Tablet,3198,20084,Bob
West,Laptop,9483,20085,Alice
North,Phone,975,20086,Alice
East,Laptop,9195,20087,Bob
East,Tablet,730,20088,David
East,Phone,7521,20089,Charlie
North,Tablet,7333,20090,Charlie
East,Laptop,2756,20091,Emma
West,Laptop,4470,20092,Charlie
North,Tablet,5338,20093,David
South,Phone,883,20094,Charlie
West,Laptop,1260,20095,Emma
South,Tablet,5743,20096,Alice
East,Headphones,4452,20097,Bob
West,Tablet,1442,20098,Charlie
North,Tablet,3195,20099,Bob
West,Phone,1796,20100,Bob
South,Tablet,2647,20101,Alice
North,Headphones,7374,20102,Emma
West,Tablet,4896,20103,David
West,Headphones,1108,20104,David
West,Laptop,1381,20105,David
West,Tablet,7816,20106,Emma
North,Phone,5391,20107,Emma
South,Tablet,6980,20108,Emma
West,Headphones,8005,20109,Charlie
North,Headphones,2494,20110,Bob
South,Phone,1823,20111,Emma
West,Headphones,8268,20112,Emma
South,Tablet,1511,20113,Charlie
South,Headphones,7403,20114,Bob
North,Tablet,1188,20115,David
South,Tablet,4568,20116,Alice
North,Headphones,9934,20117,Emma
West,Phone,3947,20118,Emma
South,Laptop,8397,20119,Alice
South,Phone,7755,20120,Emma
East,Laptop,8575,20121,Emma
West,Phone,9132,20122,Emma
West,Tablet,9916,20123,Alice
East,Tablet,2962,20124,Charlie
East,Headphones,5623,20125,Charlie
North,Laptop,4678,20126,Alice
North,Laptop,6649,20127,Charlie
South,Headphones,2252,20128,David
South,Phone,5129,20129,David
South,Headphones,6416,20130,Alice
South,Phone,5046,20131,Bob
North,Headphones,3859,20132,Emma
West,Laptop,5513,20133,Bob
South,Laptop,8104,20134,Emma
West,Phone,4514,20135,Charlie
South,Laptop,1399,20136,Charlie
East,Laptop,1689,20137,David
South,Laptop,1152,20138,Bob
South,Laptop,8496,20139,Alice
South,Tablet,1482,20140,Emma
North,Headphones,1075,20141,Charlie
East,Headphones,9024,20142,Emma
South,Tablet,4807,20143,Alice
South,Laptop,8980,20144,Emma
West,Headphones,7253,20145,David
East,Headphones,8240,20146,Alice
South,Headphones,1555,20147,Alice
West,Phone,6526,20148,Emma
West,Tablet,4869,20149,Emma
North,Phone,1824,20150,Charlie
West,Phone,4095,20151,Emma
South,Tablet,4327,20152,Alice
North,Headphones,2823,20153,Emma
North,Phone,2382,20154,Charlie
South,Headphones,1653,20155,Bob
East,Phone,3870,20156,David
West,Headphones,8788,20157,Alice
North,Laptop,776,20158,Charlie
East,Laptop,5904,20159,David
South,Laptop,5792,20160,Emma
West,Tablet,9023,20161,Emma
West,Laptop,4698,20162,Bob
North,Phone,4196,20163,Emma
West,Headphones,3702,20164,David
West,Headphones,2586,20165,Charlie
West,Headphones,806,20166,Bob
West,Headphones,1383,20167,David
South,Phone,7163,20168,Charlie
East,Headphones,6689,20169,David
South,Phone,4789,20170,Emma
South,Phone,4089,20171,David
North,Headphones,4141,20172,Bob
West,Headphones,7836,20173,David
South,Headphones,5608,20174,Alice
West,Phone,2662,20175,Emma
South,Tablet,7209,20176,David
South,Phone,5667,20177,Charlie
North,Tablet,3641,20178,Emma
East,Headphones,6631,20179,Charlie
East,Phone,5103,20180,Bob
South,Headphones,654,20181,Alice
North,Tablet,4130,20182,David
West,Tablet,9152,20183,Emma
West,Phone,1896,20184,David
South,Phone,9482,20185,David
East,Phone,7297,20186,Emma
North,Phone,7094,20187,Alice
East,Laptop,4209,20188,Alice
West,Laptop,2367,20189,Bob
East,Headphones,1076,20190,Emma
West,Tablet,7763,20191,Emma
North,Tablet,4264,20192,Charlie
North,Headphones,9053,20193,Charlie
South,Headphones,956,20194,Charlie
South,Headphones,4061,20195,Alice
East,Laptop,3610,20196,Bob
North,Headphones,4029,20197,Bob
North,Tablet,5407,20198,David
South,Headphones,5468,20199,Bob
West,Phone,9041,20200,Charlie
East,Tablet,5047,20201,Emma
East,Tablet,4583,20202,David
South,Tablet,608,20203,Alice
North,Laptop,8251,20204,Bob
South,Laptop,1731,20205,Emma
South,Tablet,1076,20206,Charlie
South,Phone,740,20207,Alice
South,Tablet,8066,20208,Alice
West,Laptop,6309,20209,Bob
West,Phone,7221,20210,Emma
North,Tablet,870,20211,Charlie
South,Laptop,6554,20212,Charlie
West,Phone,597,20213,Charlie
North,Headphones,6106,20214,Charlie
South,Headphones,8656,20215,Bob
East,Tablet,2955,20216,Bob
West,Headphones,3946,20217,Emma
North,Laptop,5311,20218,David
East,Phone,8327,20219,Bob
South,Tablet,3191,20220,Charlie
South,Phone,1472,20221,Emma
South,Phone,8306,20222,Charlie
West,Phone,3423,20223,Bob
North,Laptop,5501,20224,Emma
East,Tablet,1308,20225,Charlie
North,Headphones,7976,20226,David
West,Phone,6463,20227,Alice
North,Phone,6435,20228,Alice
West,Phone,4730,20229,Charlie
South,Laptop,827,20230,Alice
East,Headphones,1182,20231,David
South,Phone,623,20232,David
North,Laptop,1253,20233,Charlie
South,Laptop,8614,20234,David
East,Phone,2106,20235,Alice
South,Phone,7025,20236,Charlie
East,Laptop,4078,20237,Alice
East,Laptop,5166,20238,David
South,Phone,7708,20239,David
West,Laptop,3345,20240,Emma
North,Laptop,3438,20241,Bob
West,Phone,6819,20242,Bob
West,Phone,2927,20243,Charlie
South,Tablet,8856,20244,Alice
North,Headphones,8656,20245,Bob
North,Phone,7407,20246,Charlie
West,Phone,8232,20247,David
South,Phone,6386,20248,Bob
North,Headphones,9892,20249,Alice
West,Tablet,5668,20250,Emma
North,Laptop,3781,20251,Emma
South,Headphones,9310,20252,Bob
South,Phone,3212,20253,Emma
South,Phone,5454,20254,Charlie
North,Tablet,4223,20255,Alice
East,Tablet,2186,20256,David
North,Tablet,7940,20257,Alice
East,Laptop,2106,20258,David
South,Headphones,4739,20259,Emma
West,Headphones,9310,20260,Charlie
East,Tablet,5603,20261,David
South,Laptop,9045,20262,Emma
South,Headphones,780,20263,David
East,Phone,5432,20264,Bob
West,Phone,4050,20265,Alice
South,Phone,2459,20266,Charlie
East,Headphones,889,20267,Emma
West,Tablet,5683,20268,Charlie
West,Phone,4367,20269,Alice
South,Tablet,4860,20270,David
North,Laptop,2553,20271,David
North,Phone,5508,20272,Charlie
South,Laptop,8859,20273,David
West,Tablet,6816,20274,David
South,Headphones,2666,20275,David
East,Tablet,8606,20276,Bob
North,Phone,6772,20277,Emma
East,Phone,686,20278,Emma
South,Tablet,5682,20279,Alice
South,Phone,9989,20280,David
West,Phone,3145,20281,Charlie
West,Laptop,1716,20282,David
West,Headphones,5127,20283,Alice
East,Tablet,1705,20284,David
West,Laptop,7203,20285,Bob
South,Phone,727,20286,Alice
West,Laptop,3113,20287,Emma
North,Headphones,2636,20288,Emma
West,Tablet,7811,20289,Bob
East,Headphones,7458,20290,Emma
North,Headphones,749,20291,Bob
North,Laptop,2772,20292,Emma
North,Laptop,6538,20293,Emma
East,Headphones,3518,20294,David
South,Phone,2715,20295,Alice
West,Tablet,2657,20296,Emma
North,Phone,2296,20297,Alice
North,Phone,3744,20298,Alice
North,Tablet,8546,20299,Emma
South,Laptop,796,20300,Alice
South,Phone,2427,20301,Bob
East,Laptop,2756,20302,Charlie
South,Tablet,7921,20303,Bob
West,Phone,5701,20304,Emma
East,Laptop,1957,20305,Bob
East,Laptop,4046,20306,Charlie
West,Phone,7861,20307,Bob
West,Tablet,4164,20308,Alice
West,Headphones,8154,20309,Emma
East,Laptop,595,20310,Alice
East,Tablet,4432,20311,Alice
East,Phone,7412,20312,Emma
West,Laptop,6640,20313,Emma
West,Laptop,2239,20314,David
North,Laptop,1852,20315,Charlie
South,Tablet,5424,20316,Alice
North,Laptop,6257,20317,Alice
West,Laptop,2042,20318,Emma
East,Phone,5744,20319,Emma
West,Laptop,1330,20320,Bob
South,Tablet,2105,20321,Alice
North,Phone,5145,20322,Alice
North,Headphones,8437,20323,Emma
East,Phone,7352,20324,Alice
North,Laptop,7016,20325,Charlie
North,Headphones,721,20326,David
West,Phone,4451,20327,Emma
North,Laptop,9222,20328,Emma
North,Phone,6993,20329,Alice
North,Tablet,4617,20330,David
East,Laptop,5908,20331,David
East,Tablet,1253,20332,Emma
West,Laptop,1688,20333,Emma
North,Tablet,7608,20334,Emma
East,Headphones,7987,20335,Charlie
East,Tablet,9100,20336,Alice
West,Phone,1296,20337,Charlie
South,Laptop,5645,20338,Emma
North,Phone,7177,20339,David
East,Tablet,1360,20340,Alice
West,Laptop,4671,20341,Alice
West,Tablet,8675,20342,Emma
West,Headphones,865,20343,Emma
East,Headphones,2014,20344,Emma
North,Headphones,5436,20345,Emma
South,Tablet,3434,20346,Emma
North,Tablet,998,20347,Emma
West,Headphones,1869,20348,Alice
West,Tablet,9943,20349,Charlie
South,Phone,9390,20350,David
North,Tablet,8616,20351,Emma
West,Phone,8823,20352,David
West,Headphones,5864,20353,Alice
North,Tablet,590,20354,David
West,Headphones,971,20355,Alice
North,Laptop,6584,20356,Bob
West,Tablet,9957,20357,Charlie
North,Tablet,4982,20358,Bob
South,Headphones,5626,20359,Alice
West,Headphones,1611,20360,Bob
South,Headphones,1097,20361,Alice
West,Laptop,9599,20362,Bob
West,Laptop,8118,20363,Alice
East,Headphones,1854,20364,Charlie
North,Tablet,8377,20365,Charlie
South,Tablet,2889,20366,Charlie
South,Headphones,4575,20367,Alice
South,Phone,963,20368,David
North,Laptop,1572,20369,Bob
East,Laptop,5946,20370,Bob
South,Phone,973,20371,Bob
North,Headphones,5483,20372,Bob
West,Tablet,1438,20373,Charlie
South,Tablet,1810,20374,David
South,Laptop,7691,20375,Bob
East,Phone,2840,20376,David
South,Tablet,4020,20377,Alice
South,Laptop,4556,20378,Alice
West,Tablet,1586,20379,Bob
North,Tablet,8197,20380,Emma
North,Tablet,7604,20381,Charlie
East,Laptop,7232,20382,Bob
West,Phone,759,20383,Charlie
North,Headphones,2156,20384,Bob
West,Phone,6790,20385,Charlie
North,Tablet,6413,20386,Emma
West,Phone,8473,20387,Emma
East,Tablet,1091,20388,Alice
South,Laptop,6367,20389,Bob
East,Laptop,6077,20390,Emma
North,Laptop,728,20391,Emma
East,Tablet,2124,20392,Bob
South,Phone,7590,20393,Bob
East,Headphones,4479,20394,Alice
North,Headphones,1239,20395,Emma
North,Laptop,7021,20396,Charlie
East,Headphones,3674,20397,Bob
South,Tablet,5549,20398,Bob
East,Phone,3147,20399,Bob
South,Headphones,6936,20400,Bob
West,Headphones,5886,20401,Emma
South,Phone,5071,20402,Charlie
West,Headphones,7094,20403,Alice
East,Phone,7980,20404,David
South,Tablet,1685,20405,Emma
West,Tablet,1089,20406,Emma
West,Tablet,4717,20407,David
West,Laptop,8148,20408,David
North,Tablet,1635,20409,Bob
East,Headphones,3920,20410,Charlie
West,Laptop,501,20411,Emma
South,Laptop,1391,20412,Emma
West,Laptop,8382,20413,Alice
North,Tablet,8562,20414,David
East,Laptop,4053,20415,David
North,Tablet,6569,20416,Emma
North,Tablet,9663,20417,David
North,Laptop,7457,20418,Bob
South,Laptop,4704,20419,Alice
East,Headphones,8971,20420,Emma
East,Laptop,6284,20421,Alice
South,Tablet,2198,20422,Bob
East,Headphones,3384,20423,Alice
North,Headphones,4079,20424,David
East,Tablet,7695,20425,Emma
South,Laptop,2751,20426,Alice
North,Laptop,5140,20427,Charlie
South,Phone,2856,20428,Emma
West,Laptop,3914,20429,Alice
North,Phone,9700,20430,Emma
North,Headphones,6208,20431,Alice
East,Headphones,2578,20432,Alice
North,Headphones,4695,20433,David
South,Phone,3214,20434,Alice
East,Tablet,7447,20435,Charlie
West,Tablet,1838,20436,David
South,Headphones,4189,20437,Charlie
West,Phone,7114,20438,Charlie
West,Phone,1241,20439,Bob
West,Headphones,1233,20440,Charlie
North,Laptop,8339,20441,Alice
South,Headphones,2306,20442,Emma
South,Phone,2253,20443,David
North,Laptop,7858,20444,David
East,Tablet,6357,20445,David
West,Laptop,1524,20446,Emma
South,Tablet,6264,20447,Charlie
North,Phone,5709,20448,Bob
West,Headphones,4054,20449,Alice
East,Headphones,6716,20450,David
East,Headphones,5318,20451,Alice
West,Headphones,5066,20452,Charlie
East,Headphones,5825,20453,Bob
South,Phone,7394,20454,David
South,Phone,7582,20455,Charlie
South,Headphones,3868,20456,Bob
East,Laptop,3129,20457,David
South,Headphones,7442,20458,Charlie
North,Tablet,9220,20459,Alice
South,Tablet,4732,20460,Emma
South,Tablet,7161,20461,David
East,Tablet,8377,20462,Bob
South,Headphones,6775,20463,Bob
West,Tablet,2219,20464,Emma
North,Laptop,9733,20465,Emma
East,Headphones,3987,20466,Charlie
North,Tablet,8675,20467,Emma
West,Headphones,6344,20468,David
East,Headphones,9251,20469,Emma
East,Headphones,6975,20470,David
South,Phone,6369,20471,Alice
North,Tablet,6962,20472,Emma
West,Phone,2300,20473,Alice
West,Laptop,5575,20474,Bob
East,Laptop,4762,20475,Emma
South,Phone,646,20476,Bob
East,Tablet,4328,20477,Alice
East,Headphones,2617,20478,Bob
East,Laptop,5947,20479,Alice
East,Laptop,5514,20480,Charlie
West,Laptop,6447,20481,Alice
West,Tablet,818,20482,Charlie
East,Phone,6249,20483,Bob
East,Phone,754,20484,Alice
South,Tablet,5557,20485,Charlie
East,Laptop,9026,20486,Alice
West,Tablet,4893,20487,David
North,Tablet,1544,20488,David
West,Phone,2291,20489,Bob
South,Tablet,3019,20490,David
West,Tablet,1461,20491,Emma
North,Laptop,4249,20492,Charlie
East,Headphones,5065,20493,Emma
North,Laptop,8016,20494,David
East,Phone,3314,20495,Bob
East,Headphones,1089,20496,Emma
West,Laptop,2488,20497,Bob
West,Tablet,4365,20498,Alice
West,Tablet,3489,20499,Emma
South,Headphones,6165,20500,Alice
West,Headphones,5041,20501,Emma
South,Tablet,2460,20502,Charlie
West,Phone,9346,20503,Bob
East,Laptop,1578,20504,Alice
South,Tablet,3574,20505,David
North,Laptop,5529,20506,Emma
South,Laptop,7886,20507,Alice
South,Laptop,5256,20508,Emma
North,Laptop,6875,20509,Emma
South,Phone,5195,20510,Emma
East,Phone,1419,20511,Alice
West,Phone,2258,20512,Alice
North,Tablet,2331,20513,Emma
West,Tablet,9863,20514,David
East,Tablet,3778,20515,Bob
North,Phone,859,20516,Emma
West,Laptop,8086,20517,David
West,Phone,4310,20518,Bob
East,Tablet,1940,20519,Emma
West,Headphones,2219,20520,Bob
East,Tablet,6172,20521,Emma
South,Laptop,1055,20522,Alice
East,Phone,9925,20523,Emma
South,Headphones,2797,20524,Emma
North,Headphones,2035,20525,Emma
West,Laptop,6782,20526,Emma
East,Phone,5585,20527,David
East,Headphones,9601,20528,Charlie
West,Tablet,2461,20529,David
West,Laptop,8642,20530,David
North,Headphones,8703,20531,Alice
North,Laptop,1479,20532,Emma
East,Phone,772,20533,David
North,Phone,7757,20534,Bob
South,Phone,5644,20535,Emma
North,Tablet,5133,20536,Alice
North,Headphones,8610,20537,Alice
East,Phone,2188,20538,Bob
South,Tablet,2095,20539,Alice
North,Phone,3742,20540,Emma
South,Phone,5183,20541,Charlie
South,Headphones,8114,20542,Charlie
South,Tablet,6339,20543,David
West,Phone,6286,20544,Alice
West,Tablet,5629,20545,Emma
West,Tablet,9893,20546,Bob
West,Phone,3345,20547,Bob
East,Phone,8948,20548,Emma
North,Laptop,6638,20549,Emma
West,Headphones,809,20550,Bob
East,Phone,5834,20551,Alice
North,Laptop,7697,20552,David
West,Headphones,9780,20553,David
North,Phone,1676,20554,David
West,Tablet,6683,20555,Emma
East,Headphones,3597,20556,Bob
South,Tablet,2224,20557,Bob
South,Laptop,3128,20558,Bob
North,Phone,6644,20559,Bob
East,Laptop,1850,20560,Bob
South,Phone,8225,20561,Charlie
West,Phone,1119,20562,Emma
South,Tablet,3048,20563,Emma
North,Laptop,5743,20564,Charlie
North,Tablet,1477,20565,David
East,Tablet,6043,20566,Alice
North,Tablet,6353,20567,Emma
South,Laptop,4272,20568,Emma
South,Phone,3033,20569,Charlie
South,Phone,9169,20570,Emma
South,Laptop,2394,20571,Emma
East,Phone,5851,20572,David
West,Laptop,2540,20573,Charlie
West,Laptop,2065,20574,Emma
East,Phone,4625,20575,Bob
North,Headphones,4768,20576,Charlie
West,Tablet,3339,20577,David
North,Laptop,967,20578,Alice
West,Laptop,3888,20579,Emma
North,Headphones,8676,20580,Bob
East,Laptop,7040,20581,Bob
South,Laptop,7747,20582,Alice
North,Phone,3243,20583,Charlie
South,Phone,6142,20584,David
North,Headphones,1526,20585,Emma
North,Laptop,5131,20586,Emma
North,Tablet,9292,20587,Emma
North,Phone,4092,20588,Bob
North,Tablet,1487,20589,Charlie
South,Tablet,9297,20590,Alice
North,Headphones,7738,20591,Charlie
South,Headphones,3247,20592,David
East,Laptop,8830,20593,David
West,Headphones,6150,20594,Alice
North,Phone,4725,20595,Bob
West,Laptop,4996,20596,Alice
South,Laptop,9936,20597,David
East,Tablet,9333,20598,Bob
East,Tablet,936,20599,Charlie
East,Tablet,1923,20600,David
West,Laptop,9828,20601,Bob
South,Headphones,4221,20602,Bob
North,Headphones,6174,20603,Emma
North,Headphones,8749,20604,Charlie
South,Laptop,1636,20605,Bob
West,Laptop,9391,20606,Alice
North,Laptop,1645,20607,Charlie
South,Laptop,6079,20608,Charlie
North,Laptop,9800,20609,David
East,Headphones,4995,20610,Charlie
North,Laptop,6999,20611,Charlie
West,Headphones,6742,20612,Emma
South,Laptop,8799,20613,Charlie
West,Headphones,9597,20614,Bob
South,Phone,5445,20615,Alice
East,Phone,2492,20616,Emma
South,Headphones,4622,20617,Emma
North,Phone,1305,20618,Emma
North,Phone,2492,20619,Emma
East,Headphones,7996,20620,David
South,Laptop,4100,20621,Emma
East,Laptop,4510,20622,David
North,Headphones,8775,20623,David
West,Tablet,4858,20624,Charlie
East,Tablet,5815,20625,Alice
West,Phone,3820,20626,Charlie
West,Tablet,8049,20627,David
South,Phone,3005,20628,Charlie
East,Laptop,8328,20629,Bob
West,Headphones,8385,20630,Emma
West,Laptop,2956,20631,Emma
South,Headphones,7748,20632,David
South,Tablet,8368,20633,Charlie
North,Laptop,6849,20634,Bob
West,Laptop,7463,20635,Bob
North,Phone,3562,20636,Bob
West,Headphones,4352,20637,David
North,Tablet,5490,20638,Charlie
South,Laptop,887,20639,Bob
East,Headphones,7537,20640,Bob
South,Tablet,7410,20641,Charlie
North,Laptop,2503,20642,Charlie
North,Headphones,9723,20643,Emma
East,Phone,6245,20644,Alice
West,Laptop,2040,20645,Alice
North,Headphones,9141,20646,Bob
North,Tablet,4047,20647,Charlie
North,Tablet,9788,20648,Emma
East,Phone,9551,20649,David
South,Laptop,801,20650,Alice
North,Phone,7604,20651,Alice
East,Headphones,2519,20652,Charlie
North,Tablet,9572,20653,David
West,Phone,4661,20654,Alice
East,Laptop,729,20655,Emma
North,Headphones,9613,20656,Alice
East,Laptop,8210,20657,Charlie
North,Phone,2332,20658,Charlie
South,Tablet,8742,20659,David
North,Tablet,4178,20660,Alice
East,Phone,7996,20661,David
West,Laptop,4982,20662,Alice
West,Laptop,9444,20663,Bob
West,Laptop,6387,20664,Alice
North,Laptop,1978,20665,Charlie
South,Tablet,2588,20666,Charlie
North,Laptop,6540,20667,Bob
West,Phone,8652,20668,Alice
East,Phone,3493,20669,Alice
West,Phone,3840,20670,Charlie
East,Phone,2843,20671,Bob
South,Laptop,7688,20672,Charlie
East,Tablet,1738,20673,Bob
North,Headphones,7356,20674,Charlie
North,Laptop,6160,20675,Emma
North,Headphones,4839,20676,Alice
East,Tablet,8874,20677,David
North,Laptop,9235,20678,Emma
North,Headphones,3326,20679,Charlie
North,Tablet,7591,20680,Bob
South,Headphones,592,20681,David
East,Phone,2915,20682,Bob
East,Phone,4754,20683,Bob
West,Tablet,8626,20684,Alice
East,Tablet,5033,20685,Charlie
South,Headphones,7016,20686,Alice
East,Tablet,4901,20687,Bob
South,Phone,3532,20688,Alice
South,Phone,3789,20689,Emma
East,Laptop,4938,20690,Bob
West,Headphones,7367,20691,Bob
North,Tablet,3734,20692,Emma
North,Tablet,6497,20693,Bob
East,Tablet,6801,20694,David
East,Headphones,1633,20695,David
South,Phone,2562,20696,Charlie
East,Tablet,5127,20697,Charlie
South,Tablet,3971,20698,Alice
West,Phone,968,20699,Alice
East,Tablet,1844,20700,Emma
North,Laptop,9570,20701,Emma
North,Phone,6598,20702,Bob
East,Phone,4307,20703,Charlie
South,Phone,5236,20704,Charlie
North,Laptop,5457,20705,Charlie
South,Phone,3845,20706,Charlie
East,Headphones,1088,20707,Alice
East,Headphones,4383,20708,David
North,Headphones,591,20709,Emma
East,Phone,957,20710,Emma
West,Phone,2384,20711,Charlie
West,Phone,3621,20712,Charlie
North,Laptop,8142,20713,Alice
West,Headphones,6111,20714,Alice
South,Tablet,8452,20715,Emma
North,Tablet,4203,20716,Charlie
North,Phone,4982,20717,Charlie
South,Laptop,2481,20718,Emma
West,Phone,4966,20719,Alice
West,Tablet,2731,20720,Emma
West,Headphones,9463,20721,Alice
North,Tablet,6281,20722,Alice
North,Headphones,8896,20723,Alice
West,Headphones,8913,20724,Charlie
East,Laptop,9883,20725,Emma
West,Tablet,3815,20726,Alice
South,Phone,5675,20727,David
North,Laptop,2098,20728,Alice
South,Headphones,4762,20729,Alice
South,Tablet,2042,20730,Alice
North,Phone,8833,20731,Bob
East,Laptop,589,20732,David
West,Phone,4906,20733,Charlie
South,Tablet,5990,20734,Emma
North,Phone,4206,20735,Emma
South,Laptop,1709,20736,Emma
West,Phone,5478,20737,Charlie
East,Tablet,3724,20738,Alice
East,Laptop,5356,20739,David
East,Headphones,8293,20740,Emma
North,Laptop,6739,20741,Bob
North,Tablet,7353,20742,Bob
East,Phone,2038,20743,David
West,Headphones,648,20744,Emma
West,Headphones,8565,20745,Alice
North,Phone,8199,20746,Emma
East,Tablet,1925,20747,Alice
West,Laptop,2217,20748,Emma
West,Tablet,3135,20749,Bob
West,Headphones,2863,20750,Charlie
North,Laptop,3607,20751,David
East,Laptop,6128,20752,Alice
South,Phone,2001,20753,Charlie
East,Tablet,1951,20754,Alice
East,Laptop,9141,20755,David
North,Phone,2335,20756,Charlie
West,Tablet,6351,20757,Charlie
West,Headphones,3448,20758,David
North,Headphones,4435,20759,David
North,Tablet,7330,20760,Alice
North,Laptop,4209,20761,Charlie
North,Laptop,1789,20762,David
North,Headphones,1003,20763,Alice
South,Headphones,8451,20764,Emma
East,Laptop,5551,20765,David
East,Tablet,3597,20766,Charlie
East,Headphones,2647,20767,Emma
West,Laptop,5020,20768,David
South,Tablet,2397,20769,Bob
East,Phone,4216,20770,Charlie
West,Tablet,9342,20771,Charlie
South,Laptop,1710,20772,Alice
South,Tablet,2687,20773,Bob
West,Laptop,8558,20774,David
South,Headphones,4320,20775,Bob
West,Phone,868,20776,David
East,Headphones,3343,20777,Alice
West,Headphones,3950,20778,Emma
South,Laptop,4018,20779,Bob
East,Laptop,7144,20780,Charlie
East,Laptop,4360,20781,David
North,Laptop,1644,20782,Bob
North,Headphones,3626,20783,David
South,Laptop,8160,20784,Bob
West,Laptop,517,20785,Charlie
West,Headphones,6499,20786,David
South,Phone,2156,20787,David
East,Phone,2096,20788,Emma
South,Tablet,9637,20789,Alice
South,Headphones,1787,20790,Bob
East,Laptop,767,20791,Charlie
West,Tablet,934,20792,Emma
South,Phone,2535,20793,Emma
West,Phone,2997,20794,Alice
South,Headphones,6940,20795,Charlie
East,Laptop,6537,20796,Bob
East,Laptop,8306,20797,David
North,Tablet,3708,20798,Alice
East,Phone,2113,20799,David
North,Tablet,9410,20800,Emma
South,Tablet,7664,20801,David
West,Tablet,2731,20802,Bob
East,Laptop,6963,20803,Bob
East,Phone,9432,20804,David
East,Tablet,6195,20805,David
South,Phone,9496,20806,Alice
North,Phone,5012,20807,Bob
South,Tablet,8460,20808,David
West,Tablet,5386,20809,Charlie
South,Headphones,4271,20810,Alice
West,Laptop,6523,20811,Alice
East,Phone,6404,20812,Alice
West,Tablet,4012,20813,Alice
West,Tablet,9790,20814,David
North,Phone,8603,20815,Emma
West,Tablet,2344,20816,Charlie
West,Headphones,4424,20817,Emma
South,Phone,5381,20818,Emma
East,Tablet,1034,20819,David
South,Phone,8077,20820,Alice
South,Tablet,6230,20821,Alice
East,Tablet,8976,20822,David
East,Laptop,8487,20823,David
West,Phone,9821,20824,Bob
West,Laptop,9195,20825,Alice
North,Tablet,4641,20826,Charlie
South,Phone,8436,20827,Bob
East,Phone,9228,20828,Emma
West,Headphones,8753,20829,Alice
East,Headphones,6361,20830,David
West,Tablet,5701,20831,David
North,Tablet,2883,20832,David
North,Tablet,8902,20833,Alice
East,Tablet,2947,20834,Charlie
North,Headphones,5304,20835,David
East,Phone,3769,20836,Alice
West,Laptop,9068,20837,Emma
South,Phone,9877,20838,Bob
North,Phone,7464,20839,Alice
West,Headphones,7562,20840,Alice
South,Phone,3998,20841,David
South,Phone,3347,20842,Bob
South,Tablet,8158,20843,Bob
West,Laptop,7946,20844,David
West,Phone,8583,20845,Charlie
East,Phone,9478,20846,Alice
South,Laptop,1232,20847,David
South,Tablet,5563,20848,Charlie
South,Headphones,7813,20849,David
East,Headphones,7736,20850,Emma
South,Phone,3199,20851,Charlie
West,Tablet,2658,20852,Charlie
South,Headphones,4164,20853,Bob
North,Headphones,9770,20854,Alice
West,Headphones,8311,20855,David
East,Headphones,8653,20856,David
South,Headphones,5119,20857,Alice
North,Phone,2693,20858,Alice
East,Headphones,5063,20859,Bob
East,Phone,3506,20860,Alice
West,Laptop,4544,20861,Emma
East,Laptop,1710,20862,Bob
East,Tablet,2486,20863,Charlie
East,Phone,3670,20864,Alice
East,Tablet,7973,20865,Charlie
South,Laptop,2248,20866,Bob
South,Laptop,1257,20867,Emma
South,Laptop,9869,20868,Emma
South,Laptop,1418,20869,Alice
North,Headphones,9811,20870,Emma
South,Laptop,9397,20871,David
East,Headphones,6554,20872,Bob
South,Headphones,5429,20873,Emma
South,Tablet,3361,20874,Bob
West,Headphones,4994,20875,Bob
East,Tablet,2307,20876,David
South,Headphones,3149,20877,Alice
South,Headphones,4923,20878,Bob
South,Laptop,1795,20879,David
North,Phone,2942,20880,Emma
South,Headphones,8139,20881,Charlie
West,Phone,3095,20882,Alice
East,Phone,5637,20883,Charlie
East,Phone,1572,20884,David
South,Headphones,4575,20885,Bob
South,Phone,4442,20886,David
South,Headphones,2271,20887,Alice
East,Laptop,6175,20888,Alice
East,Headphones,1517,20889,Emma
North,Tablet,4192,20890,David
West,Laptop,9210,20891,Alice
North,Phone,2851,20892,David
West,Phone,9827,20893,Emma
North,Tablet,3272,20894,Emma
East,Laptop,1411,20895,David
North,Tablet,9507,20896,Alice
West,Phone,1473,20897,Bob
South,Headphones,3602,20898,Bob
West,Phone,7962,20899,Emma
South,Tablet,2300,20900,Alice
East,Headphones,1308,20901,Emma
West,Headphones,5938,20902,Emma
North,Phone,5633,20903,Emma
West,Headphones,9261,20904,Emma
South,Laptop,1469,20905,David
East,Phone,4579,20906,David
North,Phone,2379,20907,Alice
West,Laptop,3819,20908,Alice
South,Phone,5205,20909,Charlie
North,Tablet,7111,20910,Bob
East,Tablet,887,20911,David
North,Phone,8567,20912,Alice
East,Laptop,6457,20913,Emma
North,Headphones,2989,20914,David
West,Laptop,8009,20915,Bob
South,Tablet,9207,20916,David
West,Phone,6437,20917,Bob
West,Laptop,4344,20918,Charlie
East,Headphones,3390,20919,Alice
East,Headphones,1942,20920,Bob
East,Headphones,1222,20921,Charlie
West,Headphones,9447,20922,David
North,Laptop,2750,20923,Alice
North,Headphones,2408,20924,Bob
West,Tablet,3086,20925,Bob
West,Headphones,9077,20926,Alice
South,Tablet,6626,20927,David
East,Laptop,7273,20928,David
East,Tablet,8690,20929,Emma
West,Laptop,4587,20930,David
West,Headphones,5578,20931,Alice
North,Phone,8642,20932,Charlie
West,Tablet,3818,20933,Alice
North,Tablet,3538,20934,Bob
West,Phone,9764,20935,Emma
South,Laptop,1268,20936,Emma
South,Laptop,9678,20937,Charlie
North,Headphones,6057,20938,Bob
East,Tablet,5762,20939,David
South,Laptop,696,20940,David
North,Headphones,2807,20941,David
West,Laptop,1889,20942,Alice
West,Phone,7239,20943,David
North,Phone,5811,20944,Bob
East,Phone,4058,20945,Emma
North,Headphones,3490,20946,Alice
North,Tablet,6497,20947,David
South,Phone,6753,20948,Bob
North,Phone,6733,20949,Charlie
North,Laptop,5167,20950,Bob
West,Phone,4902,20951,Emma
South,Tablet,6705,20952,Bob
West,Headphones,9623,20953,Bob
West,Phone,7488,20954,Alice
East,Headphones,2492,20955,Emma
East,Headphones,4559,20956,David
South,Tablet,7703,20957,Emma
South,Laptop,7393,20958,Charlie
East,Laptop,3644,20959,Emma
East,Headphones,7382,20960,Alice
East,Phone,7970,20961,David
East,Headphones,3174,20962,Emma
East,Laptop,5048,20963,David
West,Phone,9552,20964,Alice
South,Laptop,2052,20965,Bob
West,Tablet,6514,20966,Charlie
West,Laptop,1892,20967,Emma
North,Phone,9072,20968,David
West,Phone,5838,20969,Emma
East,Headphones,1148,20970,Alice
East,Phone,6894,20971,Bob
North,Tablet,5160,20972,Alice
North,Laptop,1320,20973,David
North,Headphones,971,20974,Emma
North,Headphones,8554,20975,David
North,Phone,621,20976,Alice
West,Tablet,5945,20977,Emma
North,Headphones,8195,20978,David
West,Tablet,5376,20979,Emma
South,Tablet,3295,20980,Charlie
North,Laptop,4716,20981,Alice
North,Laptop,2686,20982,Alice
West,Laptop,2634,20983,Charlie
South,Tablet,2677,20984,Bob
West,Laptop,2799,20985,David
West,Headphones,6481,20986,Bob
North,Headphones,1883,20987,Emma
East,Phone,4642,20988,David
East,Tablet,2468,20989,David
West,Laptop,7144,20990,David
North,Headphones,2972,20991,Charlie
South,Tablet,5994,20992,Alice
East,Tablet,9942,20993,Charlie
South,Laptop,6406,20994,Charlie
East,Tablet,3610,20995,Charlie
North,Laptop,8826,20996,Bob
West,Laptop,9301,20997,Charlie
South,Laptop,9749,20998,Alice
South,Tablet,7071,20999,David
West,Tablet,4274,21000,Bob
South,Laptop,5155,21001,Charlie
East,Tablet,758,21002,Charlie
West,Laptop,7368,21003,David
East,Phone,7317,21004,David
East,Tablet,6244,21005,Bob
North,Tablet,9607,21006,Alice
East,Phone,4442,21007,Bob
North,Phone,737,21008,David
South,Phone,3855,21009,Alice
South,Laptop,9379,21010,Charlie
North,Laptop,8404,21011,Charlie
East,Headphones,7101,21012,Emma
West,Phone,6206,21013,David
West,Headphones,1658,21014,Emma
North,Laptop,1094,21015,Bob
South,Tablet,2250,21016,Bob
South,Phone,902,21017,Alice
West,Tablet,9513,21018,David
North,Laptop,4338,21019,Alice
West,Phone,3040,21020,Alice
East,Headphones,6378,21021,Bob
East,Headphones,7990,21022,Bob
North,Laptop,6034,21023,David
North,Tablet,5786,21024,Bob
East,Laptop,2113,21025,David
South,Tablet,7079,21026,Emma
North,Laptop,6151,21027,Charlie
East,Headphones,4179,21028,Emma
East,Tablet,4052,21029,Bob
South,Laptop,7738,21030,Charlie
South,Phone,5496,21031,Charlie
South,Headphones,1964,21032,Alice
South,Headphones,6782,21033,Charlie
West,Phone,5382,21034,David
South,Laptop,6745,21035,Bob
West,Tablet,7111,21036,Bob
North,Headphones,3600,21037,Alice
East,Laptop,4613,21038,Alice
West,Phone,4593,21039,Bob
North,Tablet,8624,21040,Alice
North,Laptop,5351,21041,Charlie
West,Laptop,9378,21042,Charlie
North,Headphones,4079,21043,David
North,Headphones,9292,21044,Alice
West,Tablet,9735,21045,Bob
North,Laptop,5945,21046,Emma
South,Phone,5028,21047,Bob
South,Phone,8066,21048,Emma
East,Tablet,9733,21049,Emma
North,Laptop,2073,21050,David
East,Headphones,6220,21051,Emma
South,Laptop,9702,21052,Charlie
South,Headphones,1756,21053,Charlie
South,Phone,1627,21054,David
North,Tablet,9715,21055,Bob
North,Tablet,3284,21056,Bob
South,Tablet,6581,21057,Bob
East,Headphones,1549,21058,Bob
East,Phone,5683,21059,Charlie
West,Phone,2801,21060,Charlie
South,Tablet,9846,21061,David
East,Tablet,529,21062,David
South,Headphones,9478,21063,David
East,Headphones,9862,21064,Bob
West,Laptop,3698,21065,Bob
West,Headphones,1864,21066,Charlie
South,Laptop,4993,21067,Charlie
East,Tablet,9005,21068,Alice
North,Phone,3195,21069,Alice
West,Headphones,7145,21070,Bob
South,Phone,9221,21071,Charlie
South,Headphones,6380,21072,Bob
East,Headphones,8649,21073,Emma
South,Laptop,6359,21074,Alice
West,Headphones,9003,21075,David
South,Tablet,1495,21076,Bob
South,Phone,7365,21077,Emma
North,Headphones,7996,21078,David
North,Phone,3131,21079,Emma
West,Phone,763,21080,Charlie
East,Phone,8184,21081,Charlie
North,Headphones,8712,21082,Charlie
East,Laptop,9888,21083,David
West,Phone,5543,21084,David
North,Phone,5616,21085,Charlie
East,Headphones,3633,21086,David
North,Headphones,8897,21087,Charlie
West,Tablet,2136,21088,Bob
West,Tablet,9322,21089,Charlie
North,Laptop,8311,21090,Alice
East,Laptop,5035,21091,Bob
South,Laptop,1598,21092,Charlie
South,Laptop,789,21093,Alice
North,Phone,3104,21094,Charlie
East,Headphones,707,21095,Bob
South,Tablet,8963,21096,Charlie
West,Phone,4178,21097,David
East,Headphones,9106,21098,Charlie
South,Headphones,3968,21099,Bob
East,Phone,9976,21100,Emma
North,Phone,5486,21101,Charlie
East,Tablet,9733,21102,David
South,Laptop,4590,21103,Bob
North,Laptop,7303,21104,Alice
East,Tablet,2794,21105,Emma
West,Tablet,2961,21106,Charlie
South,Laptop,8445,21107,Bob
North,Phone,6173,21108,David
East,Laptop,3867,21109,David
West,Headphones,1443,21110,Bob
South,Headphones,4656,21111,David
West,Tablet,665,21112,Emma
East,Laptop,2405,21113,Alice
East,Laptop,3556,21114,David
North,Headphones,850,21115,David
West,Laptop,3809,21116,Alice
North,Tablet,6161,21117,Emma
South,Tablet,1431,21118,Emma
North,Headphones,4338,21119,Emma
South,Laptop,9805,21120,David
East,Laptop,8558,21121,David
East,Headphones,2489,21122,Emma
West,Phone,3984,21123,David
South,Phone,8386,21124,Charlie
East,Laptop,1616,21125,David
West,Tablet,8825,21126,Emma
West,Phone,9919,21127,Bob
North,Laptop,7462,21128,Emma
West,Phone,6467,21129,Bob
East,Headphones,8404,21130,David
North,Phone,5033,21131,David
South,Phone,9371,21132,Bob
South,Headphones,3169,21133,Emma
East,Tablet,9939,21134,Alice
East,Laptop,1691,21135,Alice
North,Tablet,1630,21136,Emma
North,Tablet,1903,21137,David
East,Phone,6130,21138,Bob
East,Laptop,5530,21139,Bob
South,Phone,1881,21140,Emma
South,Headphones,869,21141,Emma
South,Tablet,5592,21142,Charlie
East,Tablet,4294,21143,Bob
West,Headphones,6814,21144,Charlie
East,Laptop,6200,21145,David
East,Tablet,9868,21146,Bob
South,Tablet,9067,21147,Emma
East,Laptop,3260,21148,Emma
North,Phone,2443,21149,David
East,Headphones,1457,21150,Alice
East,Laptop,9502,21151,Charlie
East,Headphones,5422,21152,Emma
East,Headphones,7129,21153,Bob
West,Tablet,2033,21154,Bob
East,Laptop,7385,21155,Bob
North,Headphones,9101,21156,David
North,Phone,553,21157,Alice
East,Headphones,5296,21158,Charlie
South,Tablet,9790,21159,Bob
West,Phone,2896,21160,Bob
East,Phone,9666,21161,Emma
East,Laptop,8351,21162,Alice
East,Phone,5421,21163,Emma
South,Laptop,7753,21164,David
South,Laptop,5339,21165,David
South,Phone,3058,21166,Charlie
West,Laptop,8830,21167,David
North,Laptop,3020,21168,Charlie
West,Phone,5137,21169,Emma
South,Tablet,4327,21170,Bob
North,Headphones,7129,21171,Bob
North,Laptop,1837,21172,Alice
South,Laptop,2794,21173,David
South,Phone,3177,21174,Alice
West,Headphones,7081,21175,Alice
South,Headphones,572,21176,Bob
North,Laptop,7736,21177,David
East,Phone,7819,21178,Bob
South,Tablet,2641,21179,Alice
South,Headphones,5030,21180,David
West,Tablet,5052,21181,Bob
West,Phone,4001,21182,Charlie
South,Tablet,2577,21183,Charlie
North,Phone,9026,21184,Emma
North,Laptop,5255,21185,Emma
East,Tablet,3115,21186,David
South,Laptop,5856,21187,Emma
West,Laptop,4672,21188,David
North,Phone,1432,21189,Alice
East,Tablet,1135,21190,Charlie
South,Headphones,7183,21191,David
North,Tablet,6273,21192,Alice
South,Headphones,3729,21193,Charlie
South,Laptop,1690,21194,Bob
North,Laptop,6008,21195,Alice
North,Phone,511,21196,Bob
North,Headphones,8560,21197,Emma
South,Tablet,948,21198,David
South,Phone,8161,21199,Charlie
East,Phone,2996,21200,Emma
West,Phone,6385,21201,Alice
South,Tablet,926,21202,Emma
West,Phone,7599,21203,Bob
North,Tablet,9607,21204,Bob
South,Phone,3669,21205,David
East,Headphones,946,21206,Emma
East,Laptop,2750,21207,Charlie
West,Headphones,7611,21208,Bob
North,Headphones,3181,21209,Alice
West,Phone,1901,21210,Emma
North,Headphones,3907,21211,Charlie
East,Headphones,7261,21212,Charlie
West,Headphones,1543,21213,Charlie
East,Phone,5863,21214,Charlie
East,Tablet,891,21215,Bob
North,Laptop,5319,21216,David
West,Laptop,7379,21217,Emma
West,Tablet,6484,21218,Bob
East,Tablet,1785,21219,David
East,Headphones,6863,21220,Charlie
North,Laptop,5627,21221,Alice
South,Tablet,7089,21222,Charlie
South,Headphones,9333,21223,David
East,Laptop,9737,21224,David
South,Phone,4537,21225,Alice
South,Phone,7354,21226,Bob
South,Laptop,9849,21227,Alice
South,Laptop,3749,21228,Charlie
East,Phone,2043,21229,Emma
South,Phone,1291,21230,Bob
South,Laptop,9128,21231,Emma
North,Headphones,5670,21232,Emma
East,Tablet,6543,21233,Bob
West,Tablet,6598,21234,Charlie
West,Laptop,7948,21235,David
North,Tablet,7711,21236,Charlie
North,Phone,5282,21237,David
East,Phone,8298,21238,David
West,Tablet,4459,21239,Bob
South,Laptop,4864,21240,Bob
North,Phone,2216,21241,Alice
West,Headphones,4136,21242,Emma
East,Headphones,8370,21243,Emma
South,Phone,7861,21244,Emma
East,Phone,6171,21245,Emma
North,Tablet,8880,21246,Alice
West,Laptop,6226,21247,David
West,Tablet,8057,21248,Alice
West,Laptop,8282,21249,Bob
West,Headphones,3218,21250,Charlie
South,Headphones,2905,21251,David
South,Laptop,8387,21252,David
East,Tablet,8503,21253,Alice
South,Phone,8218,21254,Bob
North,Laptop,9594,21255,Bob
North,Tablet,9032,21256,David
West,Headphones,3381,21257,Alice
North,Phone,7210,21258,Emma
East,Headphones,1143,21259,David
South,Laptop,520,21260,Emma
South,Headphones,1177,21261,Charlie
South,Headphones,9791,21262,Bob
North,Laptop,3150,21263,David
South,Phone,3969,21264,Charlie
West,Laptop,8386,21265,Emma
West,Tablet,4683,21266,David
West,Laptop,7586,21267,Charlie
North,Laptop,7877,21268,David
South,Phone,6184,21269,Charlie
North,Tablet,3187,21270,Charlie
South,Headphones,7096,21271,Emma
East,Headphones,1916,21272,Bob
East,Headphones,4905,21273,Alice
North,Headphones,7574,21274,Charlie
West,Phone,991,21275,Bob
North,Tablet,1259,21276,Alice
West,Phone,4001,21277,Emma
South,Laptop,8692,21278,David
West,Tablet,2588,21279,Bob
West,Tablet,4156,21280,David
South,Headphones,5267,21281,David
East,Headphones,711,21282,Alice
South,Headphones,8475,21283,Bob
North,Headphones,4222,21284,Charlie
North,Laptop,803,21285,Alice
North,Headphones,5286,21286,Bob
North,Phone,4272,21287,Charlie
North,Tablet,2281,21288,David
East,Laptop,3725,21289,Emma
East,Laptop,9499,21290,Emma
West,Tablet,7239,21291,Alice
North,Tablet,7773,21292,Charlie
South,Tablet,4703,21293,Charlie
North,Laptop,1853,21294,Emma
East,Phone,8871,21295,Charlie
North,Phone,9572,21296,Bob
East,Tablet,6774,21297,Bob
West,Laptop,2330,21298,Emma
West,Headphones,5198,21299,David
West,Laptop,4502,21300,David
East,Tablet,3300,21301,David
North,Laptop,7402,21302,Emma
North,Laptop,4763,21303,Alice
South,Laptop,722,21304,Charlie
East,Headphones,2737,21305,Bob
South,Tablet,3078,21306,Bob
West,Tablet,2278,21307,Alice
North,Tablet,1120,21308,Charlie
East,Phone,9905,21309,David
South,Phone,4554,21310,Bob
South,Tablet,7966,21311,David
South,Laptop,5930,21312,David
North,Laptop,6879,21313,Emma
North,Tablet,4763,21314,Emma
North,Headphones,2740,21315,Charlie
East,Headphones,8543,21316,Bob
North,Laptop,1862,21317,Emma
East,Laptop,2740,21318,Charlie
South,Phone,6021,21319,Alice
South,Headphones,7035,21320,David
West,Laptop,7244,21321,Bob
North,Laptop,8784,21322,Bob
South,Tablet,1738,21323,Charlie
North,Phone,6992,21324,Emma
East,Headphones,5108,21325,David
South,Headphones,8002,21326,David
North,Phone,3970,21327,Bob
South,Laptop,4701,21328,Bob
South,Headphones,5851,21329,David
North,Headphones,5913,21330,Alice
South,Headphones,7932,21331,Charlie
South,Tablet,6471,21332,Alice
South,Phone,7937,21333,Emma
South,Headphones,4401,21334,Alice
East,Phone,4128,21335,Alice
South,Laptop,2268,21336,Emma
West,Phone,5852,21337,Charlie
South,Tablet,3401,21338,David
North,Tablet,2041,21339,Alice
West,Phone,2591,21340,Charlie
East,Tablet,8242,21341,Emma
West,Headphones,8783,21342,Charlie
West,Tablet,5354,21343,Alice
West,Laptop,9422,21344,David
North,Phone,5549,21345,Emma
North,Phone,6057,21346,Emma
North,Laptop,4932,21347,Alice
East,Laptop,9391,21348,Charlie
North,Laptop,8487,21349,David
North,Laptop,5520,21350,Emma
West,Headphones,3514,21351,Alice
North,Tablet,6748,21352,Alice
South,Tablet,2516,21353,Bob
North,Headphones,1477,21354,Bob
East,Laptop,4710,21355,Charlie
East,Phone,7534,21356,Alice
South,Phone,1758,21357,Charlie
East,Phone,1797,21358,Charlie
East,Laptop,7897,21359,David
West,Headphones,7372,21360,Bob
South,Headphones,4629,21361,Charlie
West,Headphones,2232,21362,David
West,Tablet,3442,21363,David
North,Tablet,948,21364,Bob
South,Tablet,9929,21365,Bob
North,Tablet,5000,21366,Alice
North,Phone,9024,21367,Charlie
West,Phone,6633,21368,David
East,Headphones,665,21369,Alice
South,Tablet,5332,21370,Charlie
East,Headphones,3274,21371,Charlie
West,Laptop,5520,21372,Alice
West,Tablet,8248,21373,David
West,Tablet,5244,21374,Alice
West,Headphones,946,21375,Charlie
West,Headphones,596,21376,Alice
West,Laptop,2926,21377,Alice
East,Headphones,3757,21378,Charlie
North,Tablet,5226,21379,Bob
East,Phone,7351,21380,David
South,Laptop,9194,21381,Charlie
East,Laptop,8689,21382,Bob
West,Tablet,8756,21383,Alice
East,Phone,7240,21384,Bob
North,Headphones,7214,21385,Charlie
South,Headphones,1161,21386,Charlie
East,Phone,9172,21387,Alice
North,Phone,7379,21388,Charlie
East,Tablet,5162,21389,Emma
South,Headphones,8315,21390,Bob
East,Tablet,3761,21391,Emma
West,Headphones,905,21392,Emma
East,Headphones,5360,21393,Bob
North,Phone,4060,21394,Charlie
East,Tablet,8356,21395,Bob
North,Phone,9809,21396,Alice
South,Tablet,7190,21397,Emma
East,Headphones,5831,21398,Emma
South,Laptop,3940,21399,Charlie
South,Laptop,1241,21400,Bob
East,Tablet,7681,21401,David
North,Tablet,8231,21402,Charlie
South,Phone,3421,21403,Charlie
South,Headphones,7874,21404,Charlie
East,Laptop,7523,21405,Bob
East,Phone,6061,21406,Charlie
East,Tablet,6134,21407,Alice
East,Headphones,1410,21408,Alice
East,Phone,5202,21409,Emma
West,Phone,1918,21410,Emma
East,Tablet,6298,21411,Bob
North,Headphones,8198,21412,David
South,Laptop,4538,21413,Emma
North,Phone,3945,21414,Emma
North,Tablet,631,21415,Emma
West,Phone,6362,21416,Emma
East,Tablet,652,21417,Charlie
South,Tablet,2978,21418,Emma
North,Tablet,9174,21419,Bob
East,Headphones,6616,21420,Charlie
East,Laptop,804,21421,Charlie
West,Headphones,3019,21422,Bob
West,Laptop,6612,21423,David
West,Tablet,1492,21424,Emma
South,Laptop,6147,21425,Alice
North,Headphones,8097,21426,David
West,Phone,9406,21427,Emma
West,Headphones,2209,21428,Alice
West,Headphones,8518,21429,Charlie
North,Headphones,9749,21430,Charlie
North,Headphones,970,21431,Charlie
West,Headphones,3965,21432,Emma
West,Laptop,9432,21433,Bob
East,Laptop,4066,21434,Charlie
West,Phone,9204,21435,Charlie
South,Headphones,5734,21436,Charlie
South,Headphones,3785,21437,Emma
West,Phone,9051,21438,Alice
North,Phone,784,21439,David
East,Tablet,3777,21440,Charlie
North,Phone,3131,21441,David
West,Phone,2257,21442,Bob
South,Phone,5979,21443,Bob
East,Tablet,6287,21444,Bob
North,Laptop,9937,21445,Charlie
North,Tablet,5949,21446,David
West,Laptop,5338,21447,Alice
East,Phone,9049,21448,Emma
South,Tablet,3965,21449,David
West,Tablet,6548,21450,Emma
East,Laptop,7230,21451,David
North,Tablet,4635,21452,Charlie
West,Tablet,3641,21453,Alice
North,Headphones,5053,21454,Charlie
North,Laptop,696,21455,Bob
West,Tablet,2374,21456,Alice
West,Tablet,6330,21457,David
West,Phone,7179,21458,Charlie
West,Headphones,8486,21459,Emma
West,Headphones,1437,21460,Charlie
North,Phone,2694,21461,Charlie
South,Phone,4625,21462,David
South,Phone,6750,21463,David
West,Phone,9081,21464,Bob
North,Headphones,8662,21465,Alice
South,Tablet,7049,21466,Charlie
South,Tablet,7678,21467,Emma
South,Phone,9038,21468,David
North,Laptop,8810,21469,David
West,Phone,8554,21470,Bob
West,Tablet,5115,21471,Alice
West,Laptop,9930,21472,Bob
East,Phone,2966,21473,David
East,Laptop,9275,21474,Emma
East,Phone,3259,21475,Bob
North,Headphones,2208,21476,Charlie
South,Tablet,5908,21477,David
South,Phone,6877,21478,David
North,Laptop,6904,21479,Bob
North,Tablet,7576,21480,Emma
West,Phone,6721,21481,Bob
West,Phone,5337,21482,Emma
East,Phone,9363,21483,David
East,Phone,2185,21484,Bob
North,Headphones,2985,21485,Alice
East,Tablet,8440,21486,Bob
South,Headphones,4101,21487,Bob
North,Tablet,1953,21488,Alice
North,Phone,3706,21489,Alice
South,Tablet,7212,21490,Charlie
West,Laptop,3490,21491,Alice
West,Tablet,8046,21492,Emma
South,Laptop,1850,21493,Charlie
South,Laptop,6842,21494,Emma
East,Headphones,7838,21495,Charlie
North,Tablet,5934,21496,Charlie
East,Phone,4449,21497,Emma
South,Tablet,1779,21498,David
East,Headphones,6498,21499,David
South,Laptop,1320,21500,Bob
East,Laptop,6619,21501,David
East,Headphones,2795,21502,Bob
West,Headphones,503,21503,David
South,Tablet,3060,21504,Bob
East,Laptop,7481,21505,Bob
North,Headphones,530,21506,Alice
East,Tablet,6452,21507,Bob
East,Tablet,8632,21508,Emma
North,Phone,9990,21509,Emma
South,Laptop,1385,21510,Bob
West,Tablet,7992,21511,Emma
West,Headphones,9892,21512,David
West,Laptop,5343,21513,Emma
North,Headphones,4538,21514,Alice
East,Headphones,2790,21515,Emma
South,Tablet,4394,21516,David
East,Tablet,5096,21517,David
West,Phone,704,21518,Bob
East,Headphones,6002,21519,Charlie
North,Tablet,8697,21520,David
North,Phone,8320,21521,Bob
South,Laptop,8640,21522,Bob
South,Phone,1031,21523,Emma
West,Phone,8516,21524,Emma
South,Headphones,726,21525,Bob
East,Laptop,6642,21526,Alice
North,Headphones,7982,21527,Bob
North,Headphones,2599,21528,Emma
North,Phone,7813,21529,David
South,Phone,7790,21530,Alice
North,Tablet,5066,21531,Charlie
North,Phone,9588,21532,David
North,Tablet,3161,21533,Emma
West,Headphones,2164,21534,David
West,Phone,2025,21535,David
South,Laptop,4250,21536,Emma
North,Laptop,7257,21537,David
South,Headphones,4154,21538,Bob
North,Headphones,3067,21539,Alice
North,Phone,1596,21540,Emma
North,Tablet,3598,21541,Alice
South,Phone,3740,21542,Bob
South,Tablet,8467,21543,Emma
North,Phone,7228,21544,Bob
East,Laptop,5828,21545,Charlie
South,Laptop,8278,21546,Charlie
West,Tablet,8579,21547,Charlie
South,Phone,4114,21548,Alice
North,Headphones,1347,21549,Charlie
East,Tablet,4116,21550,Charlie
North,Laptop,3204,21551,Bob
West,Tablet,7254,21552,David
South,Phone,4393,21553,David
South,Headphones,3494,21554,Charlie
North,Headphones,5033,21555,David
North,Tablet,2000,21556,Charlie
West,Phone,2942,21557,Charlie
East,Phone,2225,21558,Alice
West,Headphones,7841,21559,Emma
East,Laptop,825,21560,David
South,Phone,4917,21561,Charlie
East,Headphones,3166,21562,David
East,Headphones,9901,21563,Alice
South,Phone,4861,21564,Alice
South,Phone,7652,21565,Charlie
South,Tablet,1341,21566,David
West,Laptop,5278,21567,David
South,Tablet,2571,21568,David
North,Tablet,1784,21569,Alice
South,Headphones,1878,21570,Bob
South,Headphones,6839,21571,Bob
South,Laptop,3158,21572,David
East,Tablet,4061,21573,David
West,Tablet,6507,21574,Emma
South,Headphones,5952,21575,Charlie
West,Headphones,4512,21576,Alice
North,Phone,2478,21577,Emma
North,Tablet,4916,21578,David
South,Laptop,5996,21579,Bob
North,Tablet,8374,21580,Bob
West,Headphones,2724,21581,Emma
East,Phone,7589,21582,Bob
South,Tablet,1453,21583,Bob
North,Laptop,7434,21584,Charlie
West,Headphones,6417,21585,David
West,Phone,8761,21586,Emma
North,Tablet,9786,21587,Alice
West,Laptop,6242,21588,Alice
West,Headphones,4753,21589,David
South,Laptop,1048,21590,Alice
West,Tablet,2339,21591,Bob
North,Headphones,2451,21592,Charlie
South,Tablet,9750,21593,Emma
North,Phone,3007,21594,Emma
East,Tablet,9574,21595,Bob
North,Phone,6850,21596,David
North,Tablet,8103,21597,Charlie
South,Laptop,3125,21598,Alice
West,Laptop,6393,21599,Emma
North,Headphones,7900,21600,Emma
South,Laptop,2653,21601,David
East,Laptop,5261,21602,Charlie
South,Phone,7685,21603,Alice
South,Laptop,4066,21604,Emma
West,Phone,759,21605,Emma
North,Phone,9004,21606,Alice
East,Phone,2344,21607,Charlie
South,Tablet,7769,21608,Charlie
North,Phone,2033,21609,Charlie
North,Tablet,6096,21610,Emma
South,Phone,5269,21611,Bob
North,Tablet,2520,21612,Emma
South,Headphones,6858,21613,David
South,Headphones,6002,21614,David
South,Tablet,5743,21615,Emma
East,Headphones,2191,21616,Emma
South,Laptop,9019,21617,Alice
West,Phone,2088,21618,Charlie
North,Tablet,4253,21619,Alice
East,Headphones,597,21620,David
North,Headphones,5254,21621,David
East,Laptop,6673,21622,Bob
West,Phone,9789,21623,Charlie
East,Laptop,8552,21624,Charlie
East,Tablet,5518,21625,David
East,Headphones,6204,21626,Alice
North,Headphones,8411,21627,Emma
South,Headphones,8776,21628,Charlie
North,Laptop,1777,21629,Emma
South,Laptop,1018,21630,David
North,Phone,5926,21631,Bob
West,Tablet,8315,21632,David
West,Phone,683,21633,Emma
East,Phone,9664,21634,David
West,Headphones,2888,21635,Charlie
East,Laptop,4822,21636,Emma
South,Tablet,5432,21637,Emma
West,Phone,4327,21638,Bob
South,Tablet,2997,21639,Charlie
North,Headphones,3979,21640,Alice
South,Phone,9257,21641,Bob
North,Laptop,2435,21642,Charlie
South,Phone,6775,21643,Alice
South,Headphones,9518,21644,Emma
West,Phone,849,21645,Bob
South,Headphones,598,21646,Emma
West,Phone,2269,21647,Emma
West,Tablet,2304,21648,Emma
East,Laptop,9752,21649,Charlie
East,Headphones,8612,21650,Alice
North,Tablet,4670,21651,Charlie
South,Headphones,901,21652,Emma
North,Phone,8879,21653,Bob
South,Headphones,8830,21654,Emma
East,Headphones,642,21655,Alice
East,Laptop,720,21656,Charlie
South,Tablet,4740,21657,Alice
South,Phone,7501,21658,Charlie
East,Laptop,887,21659,Alice
East,Headphones,6491,21660,Alice
North,Laptop,1059,21661,Charlie
East,Headphones,2339,21662,Charlie
South,Phone,2271,21663,Charlie
North,Headphones,9056,21664,David
South,Laptop,9108,21665,Alice
West,Laptop,8176,21666,David
North,Headphones,2568,21667,David
South,Tablet,7257,21668,Emma
East,Laptop,1016,21669,David
West,Tablet,9912,21670,David
South,Tablet,1160,21671,Charlie
North,Tablet,3916,21672,Charlie
South,Tablet,9021,21673,Bob
West,Laptop,877,21674,Alice
North,Laptop,659,21675,David
West,Tablet,9955,21676,David
South,Laptop,4674,21677,Alice
East,Tablet,2699,21678,Charlie
East,Tablet,9916,21679,Charlie
South,Tablet,6776,21680,Alice
South,Headphones,2488,21681,Alice
South,Phone,7277,21682,Charlie
North,Laptop,6812,21683,Alice
West,Laptop,8668,21684,Charlie
West,Tablet,1365,21685,Alice
West,Headphones,9082,21686,Charlie
South,Headphones,5415,21687,Bob
West,Laptop,6741,21688,Charlie
South,Tablet,7635,21689,Charlie
North,Laptop,2054,21690,David
East,Tablet,4547,21691,Charlie
South,Tablet,631,21692,Alice
South,Phone,4179,21693,Emma
East,Tablet,6853,21694,Alice
East,Phone,3576,21695,David
North,Laptop,2021,21696,Alice
West,Laptop,3769,21697,Bob
South,Headphones,940,21698,Emma
West,Phone,1703,21699,Emma
South,Laptop,8932,21700,David
North,Phone,3891,21701,Emma
East,Laptop,4221,21702,Charlie
North,Phone,7275,21703,David
East,Phone,7660,21704,Bob
West,Tablet,8375,21705,Emma
West,Laptop,9895,21706,Emma
North,Headphones,2387,21707,David
East,Tablet,4770,21708,Emma
North,Headphones,8889,21709,Emma
East,Phone,8205,21710,Bob
East,Tablet,4694,21711,Bob
West,Phone,1244,21712,David
West,Laptop,6046,21713,Emma
East,Laptop,952,21714,Alice
East,Headphones,3762,21715,David
East,Laptop,8245,21716,Bob
West,Headphones,998,21717,Alice
West,Phone,640,21718,Emma
South,Tablet,2214,21719,David
East,Laptop,1175,21720,David
South,Phone,4005,21721,Bob
East,Tablet,4102,21722,Charlie
West,Phone,7175,21723,Charlie
South,Headphones,9609,21724,Charlie
South,Phone,7004,21725,David
North,Headphones,5303,21726,Bob
East,Headphones,2230,21727,Bob
West,Laptop,6476,21728,Charlie
North,Headphones,8311,21729,Alice
North,Headphones,7528,21730,Charlie
East,Phone,4218,21731,David
North,Headphones,7588,21732,Alice
East,Headphones,2124,21733,Bob
North,Phone,2306,21734,Emma
East,Tablet,9045,21735,Alice
West,Laptop,3433,21736,Bob
East,Phone,1440,21737,Alice
East,Headphones,8287,21738,Charlie
South,Phone,4445,21739,Alice
West,Tablet,7558,21740,Alice
West,Phone,5348,21741,Alice
West,Phone,8921,21742,David
North,Phone,5352,21743,David
South,Phone,6959,21744,Charlie
West,Headphones,5357,21745,Emma
North,Phone,8238,21746,David
North,Tablet,737,21747,Emma
North,Phone,4272,21748,David
South,Phone,8235,21749,Bob
North,Headphones,3281,21750,Bob
South,Headphones,7587,21751,Alice
East,Phone,2484,21752,Emma
North,Headphones,1552,21753,Alice
West,Headphones,8158,21754,Alice
North,Phone,5754,21755,David
East,Headphones,850,21756,David
East,Laptop,1412,21757,Alice
North,Laptop,4945,21758,David
East,Laptop,9996,21759,Bob
South,Headphones,791,21760,Bob
South,Laptop,9904,21761,Emma
North,Tablet,8250,21762,Bob
South,Laptop,967,21763,Alice
South,Tablet,3777,21764,Charlie
West,Headphones,5861,21765,David
North,Laptop,5803,21766,Alice
East,Tablet,4075,21767,David
North,Headphones,7092,21768,Emma
South,Laptop,4825,21769,Alice
West,Phone,1564,21770,Alice
North,Laptop,5388,21771,Alice
North,Laptop,2894,21772,Emma
South,Laptop,8778,21773,Alice
South,Phone,3420,21774,David
North,Tablet,7358,21775,Charlie
South,Tablet,503,21776,Alice
South,Phone,6440,21777,Emma
South,Laptop,8548,21778,Emma
South,Laptop,2477,21779,Alice
South,Laptop,9822,21780,Emma
West,Tablet,9572,21781,Bob
South,Tablet,2250,21782,Emma
East,Phone,501,21783,Charlie
North,Headphones,9836,21784,Bob
West,Phone,8840,21785,David
West,Tablet,4747,21786,Bob
South,Laptop,8232,21787,Charlie
North,Laptop,6535,21788,Bob
East,Laptop,2543,21789,Alice
South,Laptop,2202,21790,Emma
North,Headphones,6447,21791,Alice
South,Phone,1887,21792,Alice
South,Phone,6326,21793,Alice
South,Tablet,9942,21794,Bob
South,Phone,4962,21795,David
South,Headphones,2536,21796,Emma
South,Headphones,6905,21797,Bob
South,Headphones,7289,21798,Alice
East,Laptop,6619,21799,Charlie
West,Tablet,1037,21800,Charlie
East,Headphones,9482,21801,Alice
South,Phone,7363,21802,David
South,Phone,2448,21803,Emma
East,Phone,5678,21804,Bob
East,Headphones,5604,21805,David
West,Headphones,4643,21806,Charlie
East,Phone,3348,21807,Alice
West,Headphones,8805,21808,Bob
South,Phone,2843,21809,David
North,Laptop,5033,21810,David
North,Headphones,661,21811,David
North,Laptop,9195,21812,Bob
North,Laptop,3134,21813,Emma
South,Headphones,5601,21814,Bob
North,Phone,6266,21815,Alice
East,Tablet,2009,21816,Bob
East,Laptop,2819,21817,David
North,Headphones,6605,21818,Emma
East,Laptop,9171,21819,Emma
West,Phone,9446,21820,Alice
South,Headphones,4499,21821,Alice
North,Tablet,8895,21822,Charlie
North,Headphones,3849,21823,Charlie
South,Laptop,4711,21824,Charlie
East,Headphones,891,21825,Bob
South,Headphones,8451,21826,Emma
South,Laptop,7331,21827,Alice
East,Tablet,3273,21828,Charlie
South,Phone,2916,21829,Alice
East,Headphones,1738,21830,Charlie
East,Tablet,7212,21831,Bob
South,Phone,1240,21832,Bob
West,Laptop,6970,21833,David
East,Tablet,7991,21834,Alice
South,Tablet,868,21835,David
East,Headphones,5409,21836,Bob
West,Laptop,5719,21837,Bob
West,Headphones,9790,21838,Alice
North,Laptop,8104,21839,David
East,Phone,6706,21840,David
East,Headphones,2147,21841,David
South,Laptop,3324,21842,Alice
East,Laptop,4670,21843,Alice
North,Tablet,6409,21844,Alice
West,Headphones,4281,21845,Emma
West,Headphones,3628,21846,Bob
North,Phone,9964,21847,Emma
East,Laptop,2479,21848,Emma
East,Tablet,7112,21849,Bob
North,Laptop,6522,21850,Charlie
South,Laptop,6581,21851,Charlie
West,Laptop,8332,21852,Charlie
North,Headphones,9671,21853,Alice
North,Laptop,1755,21854,Alice
East,Phone,799,21855,David
West,Tablet,8309,21856,David
East,Tablet,5021,21857,Emma
North,Laptop,3542,21858,David
South,Tablet,9092,21859,Alice
West,Laptop,1780,21860,Emma
North,Headphones,9553,21861,David
North,Tablet,5089,21862,David
South,Headphones,8633,21863,Charlie
North,Headphones,7132,21864,Alice
North,Phone,3284,21865,Emma
West,Phone,7898,21866,Bob
West,Tablet,7208,21867,David
West,Laptop,7673,21868,Alice
East,Laptop,4659,21869,Emma
South,Laptop,9803,21870,Alice
West,Laptop,9748,21871,Alice
East,Phone,9787,21872,Emma
East,Laptop,2800,21873,Charlie
South,Laptop,6750,21874,Charlie
South,Headphones,8469,21875,David
North,Laptop,4491,21876,Charlie
East,Laptop,1013,21877,David
West,Phone,4731,21878,David
South,Tablet,7052,21879,Emma
East,Headphones,8812,21880,Alice
West,Headphones,3347,21881,Bob
East,Tablet,1617,21882,Bob
South,Headphones,9196,21883,Charlie
North,Laptop,8361,21884,Emma
East,Laptop,2738,21885,Bob
West,Tablet,7100,21886,Alice
South,Phone,2933,21887,David
North,Phone,9494,21888,David
West,Headphones,7509,21889,Emma
West,Phone,7666,21890,Charlie
West,Phone,4873,21891,Alice
East,Phone,8646,21892,Charlie
South,Phone,1971,21893,Charlie
West,Phone,9518,21894,Emma
East,Phone,1928,21895,David
South,Phone,5374,21896,Charlie
South,Headphones,8423,21897,Charlie
East,Laptop,4806,21898,Alice
East,Phone,4281,21899,David
West,Laptop,2817,21900,Charlie
South,Tablet,7188,21901,Bob
North,Laptop,1506,21902,Bob
East,Tablet,2137,21903,David
South,Headphones,9536,21904,David
South,Laptop,5611,21905,Emma
West,Tablet,7949,21906,Charlie
North,Laptop,3787,21907,Bob
West,Headphones,5940,21908,Bob
North,Laptop,3361,21909,David
North,Tablet,1138,21910,David
East,Phone,9184,21911,Alice
South,Phone,6225,21912,Alice
South,Phone,2675,21913,David
South,Headphones,6095,21914,Alice
North,Phone,1985,21915,David
South,Headphones,7081,21916,David
East,Phone,5043,21917,Emma
North,Headphones,5721,21918,Alice
North,Headphones,9250,21919,Charlie
North,Laptop,4248,21920,Charlie
North,Phone,9661,21921,Emma
East,Laptop,5532,21922,Charlie
South,Tablet,6926,21923,Charlie
East,Phone,4509,21924,Emma
South,Phone,5823,21925,Bob
East,Phone,8777,21926,Emma
West,Phone,5943,21927,Emma
West,Laptop,6807,21928,Alice
West,Laptop,3628,21929,Charlie
West,Headphones,4801,21930,Charlie
North,Laptop,6527,21931,Bob
North,Headphones,5909,21932,Emma
East,Tablet,1446,21933,David
East,Laptop,3708,21934,Bob
West,Headphones,3940,21935,Bob
South,Phone,2045,21936,Charlie
West,Tablet,4007,21937,Charlie
East,Headphones,529,21938,Charlie
West,Tablet,1909,21939,Charlie
East,Phone,4179,21940,Bob
West,Phone,9220,21941,Emma
South,Headphones,5647,21942,Charlie
West,Headphones,625,21943,Alice
South,Phone,5408,21944,Bob
South,Headphones,7142,21945,David
East,Phone,3758,21946,David
South,Laptop,9345,21947,Emma
North,Headphones,8641,21948,Bob
North,Tablet,9432,21949,Bob
North,Phone,2761,21950,Bob
East,Laptop,8453,21951,Alice
North,Headphones,8982,21952,Alice
East,Phone,2193,21953,Charlie
East,Laptop,6387,21954,David
North,Headphones,5144,21955,Alice
South,Phone,3321,21956,David
West,Phone,4162,21957,Bob
East,Phone,5694,21958,Alice
North,Headphones,1895,21959,David
East,Laptop,3467,21960,Alice
South,Phone,4461,21961,Bob
South,Laptop,3114,21962,Bob
North,Laptop,7370,21963,Bob
East,Tablet,2044,21964,Charlie
West,Laptop,5725,21965,David
West,Laptop,8486,21966,Charlie
East,Laptop,5382,21967,Emma
East,Laptop,4933,21968,Emma
East,Laptop,7534,21969,Alice
North,Headphones,9748,21970,Alice
South,Tablet,1596,21971,Alice
West,Phone,1704,21972,Charlie
North,Tablet,8447,21973,Bob
East,Tablet,7819,21974,Alice
East,Phone,4083,21975,Alice
South,Laptop,8039,21976,Emma
East,Phone,7640,21977,Bob
North,Laptop,2538,21978,Charlie
North,Phone,8679,21979,Bob
South,Headphones,6426,21980,Emma
North,Tablet,8723,21981,Charlie
West,Laptop,3474,21982,David
North,Tablet,4068,21983,Alice
North,Laptop,8706,21984,Charlie
North,Phone,8798,21985,Emma
West,Phone,4293,21986,Bob
East,Phone,701,21987,Charlie
North,Headphones,8456,21988,Emma
South,Phone,7885,21989,Charlie
West,Phone,6507,21990,Alice
South,Headphones,2294,21991,Bob
North,Tablet,1908,21992,Bob
South,Tablet,1416,21993,Charlie
North,Laptop,4931,21994,Emma
West,Tablet,8278,21995,Alice
South,Laptop,6846,21996,Alice
South,Laptop,3666,21997,Charlie
North,Tablet,7844,21998,David
North,Tablet,564,21999,Charlie
East,Headphones,5148,22000,Alice
North,Laptop,4819,22001,Bob
North,Tablet,4150,22002,Charlie
East,Tablet,6898,22003,Charlie
North,Headphones,2515,22004,Bob
North,Tablet,4524,22005,Charlie
East,Phone,6814,22006,Emma
West,Phone,9304,22007,Bob
West,Laptop,9343,22008,Bob
North,Headphones,1887,22009,Bob
North,Tablet,5679,22010,Alice
East,Laptop,7098,22011,Charlie
East,Tablet,6979,22012,David
West,Phone,5263,22013,Charlie
South,Tablet,4609,22014,Charlie
North,Tablet,6035,22015,Alice
South,Tablet,3628,22016,Emma
South,Phone,5366,22017,Emma
East,Phone,5585,22018,Alice
North,Headphones,1037,22019,Alice
North,Phone,8429,22020,Alice
East,Laptop,5531,22021,Charlie
South,Tablet,6498,22022,Alice
East,Phone,8179,22023,David
West,Laptop,2537,22024,Bob
North,Phone,9654,22025,Emma
West,Tablet,1743,22026,David
East,Laptop,7617,22027,Emma
North,Phone,9224,22028,Charlie
West,Phone,3630,22029,Charlie
West,Laptop,5979,22030,Alice
South,Headphones,2153,22031,Emma
North,Laptop,8804,22032,Charlie
West,Laptop,8474,22033,Charlie
West,Laptop,9991,22034,Emma
South,Laptop,2804,22035,Charlie
West,Phone,7420,22036,Alice
West,Laptop,4314,22037,Charlie
West,Laptop,8912,22038,David
South,Tablet,5538,22039,David
West,Phone,4281,22040,Alice
West,Tablet,2458,22041,David
North,Phone,1796,22042,Charlie
North,Headphones,6841,22043,David
South,Headphones,6223,22044,David
East,Phone,9724,22045,Charlie
North,Headphones,5582,22046,Emma
South,Headphones,4822,22047,Alice
West,Phone,7801,22048,Emma
West,Laptop,3728,22049,Emma
South,Tablet,7068,22050,David
West,Phone,1975,22051,Bob
West,Phone,2907,22052,Emma
East,Phone,8043,22053,Charlie
West,Tablet,1435,22054,Charlie
North,Phone,5915,22055,Charlie
West,Tablet,2745,22056,Bob
South,Tablet,6189,22057,Bob
East,Headphones,4837,22058,Alice
West,Laptop,7072,22059,Bob
South,Headphones,4450,22060,Alice
North,Phone,3158,22061,Charlie
West,Phone,6649,22062,Bob
East,Tablet,7985,22063,David
West,Headphones,3783,22064,David
South,Tablet,1796,22065,David
East,Headphones,2147,22066,Bob
West,Headphones,9051,22067,Bob
North,Headphones,3952,22068,Bob
East,Headphones,9856,22069,David
North,Headphones,8592,22070,Charlie
South,Laptop,6129,22071,Emma
West,Phone,3744,22072,Charlie
North,Headphones,7687,22073,Bob
South,Headphones,4525,22074,Emma
West,Tablet,9194,22075,Emma
South,Phone,6870,22076,Charlie
North,Phone,4704,22077,David
South,Phone,4312,22078,Alice
East,Headphones,9502,22079,David
West,Tablet,7754,22080,David
South,Phone,1285,22081,Emma
North,Tablet,727,22082,Bob
West,Laptop,5447,22083,Bob
East,Laptop,7977,22084,Emma
West,Tablet,1327,22085,David
East,Headphones,878,22086,Charlie
West,Phone,6756,22087,Alice
South,Laptop,9820,22088,David
South,Laptop,6582,22089,David
North,Tablet,8982,22090,Alice
East,Headphones,4048,22091,Charlie
North,Tablet,8188,22092,Alice
South,Tablet,559,22093,Emma
East,Tablet,5931,22094,Alice
North,Tablet,3170,22095,Alice
North,Tablet,3839,22096,David
North,Headphones,3289,22097,David
North,Tablet,4154,22098,Bob
North,Headphones,6048,22099,Alice
East,Phone,5602,22100,Emma
North,Phone,8018,22101,Bob
East,Phone,3162,22102,Alice
North,Phone,701,22103,David
South,Laptop,7587,22104,Emma
South,Headphones,9162,22105,Charlie
North,Phone,8443,22106,Bob
West,Laptop,3526,22107,David
South,Headphones,3856,22108,Charlie
East,Laptop,4473,22109,Alice
North,Laptop,4971,22110,Emma
East,Tablet,4737,22111,David
West,Laptop,3623,22112,David
North,Laptop,2807,22113,Emma
South,Headphones,6503,22114,David
East,Laptop,4290,22115,David
South,Tablet,6435,22116,Alice
South,Phone,7021,22117,Bob
North,Phone,3610,22118,Charlie
East,Headphones,9039,22119,Emma
West,Headphones,2101,22120,Charlie
South,Laptop,4277,22121,Emma
North,Headphones,5423,22122,Emma
North,Laptop,6419,22123,David
West,Headphones,4278,22124,Alice
North,Phone,9013,22125,Emma
South,Phone,6363,22126,Charlie
North,Phone,679,22127,Bob
East,Phone,4465,22128,Charlie
East,Laptop,8720,22129,Alice
South,Laptop,9429,22130,Bob
East,Laptop,4219,22131,David
West,Phone,6830,22132,Charlie
North,Tablet,554,22133,Charlie
South,Phone,7157,22134,Emma
West,Phone,8498,22135,Emma
North,Tablet,2564,22136,Bob
West,Tablet,4683,22137,David
South,Headphones,3794,22138,Emma
South,Phone,4355,22139,Charlie
West,Tablet,3251,22140,Bob
North,Headphones,1224,22141,Emma
East,Tablet,9945,22142,Emma
East,Tablet,9869,22143,Alice
West,Headphones,9988,22144,Bob
South,Phone,8549,22145,Bob
North,Headphones,9586,22146,David
North,Phone,2999,22147,Emma
South,Tablet,1829,22148,Bob
East,Headphones,5617,22149,David
North,Laptop,3127,22150,Emma
West,Tablet,2950,22151,Charlie
East,Headphones,9861,22152,Alice
West,Tablet,7557,22153,David
East,Headphones,8365,22154,Alice
South,Phone,4794,22155,Charlie
West,Laptop,2230,22156,Bob
West,Tablet,8649,22157,Emma
South,Laptop,1623,22158,Bob
West,Phone,7693,22159,Alice
East,Headphones,5121,22160,Bob
North,Laptop,1988,22161,Bob
North,Headphones,764,22162,David
South,Phone,2529,22163,David
East,Tablet,7374,22164,Charlie
West,Phone,9935,22165,David
West,Laptop,4266,22166,David
North,Laptop,9087,22167,David
West,Laptop,7556,22168,David
North,Headphones,8799,22169,Charlie
South,Tablet,4063,22170,David
West,Laptop,8571,22171,David
East,Laptop,8349,22172,Alice
West,Laptop,6535,22173,David
North,Phone,8459,22174,Charlie
South,Laptop,3696,22175,Charlie
North,Phone,1685,22176,Bob
West,Laptop,4631,22177,David
North,Phone,3575,22178,Emma
North,Headphones,912,22179,Bob
South,Headphones,9174,22180,Charlie
East,Phone,4347,22181,Bob
West,Tablet,9294,22182,Emma
South,Tablet,8474,22183,Alice
East,Phone,1581,22184,Emma
North,Headphones,4855,22185,Bob
East,Phone,8162,22186,David
North,Tablet,8716,22187,Alice
North,Phone,8889,22188,Emma
South,Headphones,3126,22189,David
North,Tablet,9114,22190,Emma
South,Tablet,1641,22191,Charlie
East,Laptop,7435,22192,David
East,Laptop,1620,22193,Charlie
North,Tablet,5027,22194,Alice
South,Tablet,7606,22195,Alice
North,Phone,7193,22196,Alice
South,Headphones,5403,22197,Alice
South,Tablet,555,22198,Charlie
South,Headphones,7258,22199,Charlie
East,Tablet,2763,22200,Bob
South,Headphones,8712,22201,Bob
East,Laptop,6853,22202,Charlie
South,Tablet,8982,22203,Alice
East,Phone,2494,22204,Bob
West,Headphones,1334,22205,David
East,Tablet,4783,22206,Charlie
East,Laptop,5770,22207,David
North,Laptop,4809,22208,Alice
South,Laptop,2001,22209,Charlie
West,Laptop,5188,22210,Bob
North,Tablet,4636,22211,Bob
South,Phone,519,22212,David
West,Headphones,1532,22213,Charlie
West,Phone,9516,22214,Alice
West,Headphones,3774,22215,Emma
South,Phone,1247,22216,Emma
West,Tablet,7504,22217,Alice
West,Tablet,1467,22218,Bob
North,Headphones,4047,22219,Emma
East,Tablet,3298,22220,Alice
South,Headphones,3515,22221,David
East,Phone,7105,22222,Bob
North,Tablet,2304,22223,Alice
East,Tablet,2523,22224,David
West,Headphones,9092,22225,Charlie
West,Headphones,4932,22226,Emma
South,Headphones,3824,22227,Emma
South,Headphones,7663,22228,Emma
South,Laptop,2377,22229,Alice
North,Headphones,4175,22230,Charlie
South,Laptop,7461,22231,Alice
North,Phone,505,22232,Alice
West,Headphones,6033,22233,Charlie
East,Laptop,9277,22234,David
West,Laptop,5675,22235,Bob
West,Laptop,4378,22236,Emma
West,Tablet,3969,22237,Charlie
South,Laptop,9513,22238,David
South,Headphones,4833,22239,Charlie
South,Headphones,7133,22240,Bob
East,Headphones,3593,22241,Charlie
South,Laptop,1357,22242,Charlie
North,Laptop,8118,22243,David
West,Tablet,8477,22244,Emma
East,Phone,3050,22245,Emma
East,Tablet,1725,22246,David
East,Headphones,9345,22247,David
East,Headphones,7953,22248,Alice
East,Headphones,7900,22249,Alice
North,Tablet,5056,22250,Bob
West,Headphones,3217,22251,Alice
East,Headphones,3892,22252,Alice
West,Headphones,8654,22253,Charlie
South,Laptop,9754,22254,Charlie
East,Phone,6622,22255,David
East,Laptop,5028,22256,Emma
West,Laptop,1581,22257,Bob
East,Phone,7139,22258,Alice
East,Phone,7518,22259,Charlie
East,Tablet,6605,22260,Emma
North,Phone,5250,22261,Alice
North,Tablet,3154,22262,Emma
East,Tablet,655,22263,Charlie
North,Laptop,4796,22264,David
South,Headphones,3569,22265,Alice
East,Laptop,2463,22266,Alice
South,Laptop,5094,22267,Bob
West,Phone,8163,22268,Alice
South,Phone,6803,22269,Charlie
West,Tablet,9926,22270,Emma
East,Tablet,6642,22271,Emma
West,Tablet,4255,22272,David
West,Phone,1330,22273,David
South,Tablet,7074,22274,Charlie
South,Tablet,6621,22275,Emma
South,Phone,6574,22276,David
East,Headphones,1842,22277,David
East,Laptop,8179,22278,Bob
South,Phone,7829,22279,Bob
East,Tablet,2344,22280,Charlie
East,Laptop,961,22281,Charlie
West,Phone,3491,22282,Charlie
West,Laptop,7343,22283,Charlie
South,Laptop,700,22284,Emma
East,Headphones,1015,22285,Alice
West,Tablet,6371,22286,Charlie
North,Phone,5950,22287,Bob
East,Tablet,5339,22288,Alice
North,Headphones,6990,22289,Alice
South,Headphones,3731,22290,Emma
East,Phone,4196,22291,David
South,Phone,9967,22292,Alice
South,Headphones,3793,22293,Emma
South,Phone,7501,22294,Emma
South,Laptop,2129,22295,Emma
South,Laptop,4518,22296,Charlie
East,Headphones,4989,22297,David
North,Tablet,8063,22298,Charlie
East,Phone,2516,22299,Bob
East,Phone,8858,22300,David
East,Laptop,1475,22301,Charlie
West,Phone,5047,22302,David
West,Tablet,7805,22303,Bob
East,Phone,1359,22304,Charlie
North,Phone,4444,22305,David
East,Laptop,709,22306,Bob
South,Phone,713,22307,Emma
West,Headphones,6397,22308,David
West,Headphones,6282,22309,Bob
East,Tablet,7902,22310,Emma
East,Tablet,9664,22311,Bob
North,Tablet,803,22312,Alice
North,Tablet,7776,22313,Bob
South,Laptop,7500,22314,Charlie
East,Phone,8674,22315,Charlie
East,Laptop,1360,22316,Charlie
East,Tablet,4547,22317,Charlie
West,Phone,2355,22318,Alice
South,Headphones,7451,22319,Alice
North,Laptop,2667,22320,Alice
West,Phone,6459,22321,Emma
West,Headphones,2133,22322,David
West,Headphones,2974,22323,Charlie
West,Tablet,5540,22324,David
South,Headphones,2877,22325,Charlie
East,Headphones,3911,22326,Charlie
North,Tablet,5159,22327,Charlie
North,Phone,4775,22328,Alice
West,Phone,4885,22329,Emma
West,Tablet,9177,22330,Charlie
South,Laptop,7775,22331,Charlie
West,Tablet,1272,22332,Charlie
North,Phone,2332,22333,Bob
North,Laptop,8105,22334,Charlie
East,Tablet,1799,22335,Alice
East,Phone,8873,22336,Alice
North,Phone,9954,22337,David
North,Phone,8837,22338,Alice
South,Headphones,5663,22339,David
South,Headphones,2339,22340,Emma
North,Laptop,5094,22341,Bob
West,Laptop,1302,22342,Alice
East,Laptop,4450,22343,Charlie
North,Headphones,1818,22344,Emma
West,Laptop,6618,22345,Charlie
North,Phone,5126,22346,David
East,Phone,3440,22347,David
East,Laptop,8069,22348,Bob
South,Laptop,7898,22349,Emma
South,Headphones,5958,22350,David
South,Phone,2552,22351,Charlie
South,Tablet,6954,22352,Alice
East,Tablet,6805,22353,Alice
West,Headphones,8907,22354,Emma
West,Headphones,1285,22355,Emma
West,Headphones,7479,22356,David
North,Phone,2135,22357,Alice
South,Laptop,7838,22358,Bob
South,Laptop,3609,22359,Bob
East,Headphones,6553,22360,Bob
East,Phone,5504,22361,Bob
North,Tablet,6256,22362,David
North,Headphones,7945,22363,Charlie
West,Phone,784,22364,Bob
East,Headphones,2913,22365,David
South,Phone,2143,22366,Bob
West,Phone,7735,22367,Bob
South,Headphones,9819,22368,Charlie
West,Laptop,9961,22369,Bob
South,Headphones,6835,22370,David
North,Laptop,1143,22371,David
West,Laptop,7811,22372,Alice
South,Tablet,8717,22373,Emma
South,Phone,4437,22374,Bob
East,Headphones,5307,22375,Bob
West,Phone,6836,22376,David
South,Tablet,7024,22377,Bob
East,Laptop,1525,22378,David
South,Headphones,6222,22379,Alice
West,Phone,1568,22380,Bob
North,Tablet,9630,22381,Alice
West,Laptop,4598,22382,Alice
West,Laptop,8515,22383,Emma
South,Phone,675,22384,David
South,Laptop,8595,22385,Alice
West,Tablet,1643,22386,David
East,Laptop,6393,22387,Emma
East,Headphones,7841,22388,David
East,Headphones,4010,22389,Emma
South,Phone,4562,22390,Bob
South,Tablet,8297,22391,Emma
West,Laptop,1450,22392,Emma
North,Laptop,4936,22393,Emma
South,Laptop,3244,22394,Charlie
West,Headphones,8812,22395,Alice
West,Tablet,5170,22396,David
North,Laptop,2420,22397,David
East,Phone,6112,22398,Charlie
West,Tablet,6919,22399,Bob
West,Tablet,9660,22400,Alice
West,Laptop,6672,22401,Alice
East,Headphones,6430,22402,Alice
East,Tablet,4308,22403,Alice
North,Phone,5238,22404,Charlie
South,Tablet,6995,22405,David
East,Headphones,1604,22406,Bob
South,Phone,4889,22407,Bob
South,Headphones,4384,22408,Bob
East,Laptop,1232,22409,Charlie
West,Tablet,2081,22410,Charlie
North,Phone,4179,22411,Emma
South,Headphones,4352,22412,Charlie
West,Laptop,2927,22413,Alice
East,Phone,823,22414,David
South,Tablet,4199,22415,Bob
South,Tablet,5681,22416,Charlie
South,Headphones,7813,22417,David
West,Phone,9053,22418,Alice
West,Laptop,2600,22419,Charlie
West,Laptop,3254,22420,Charlie
South,Laptop,1972,22421,David
South,Headphones,1606,22422,Alice
North,Laptop,2303,22423,Charlie
North,Phone,8772,22424,David
West,Headphones,7157,22425,Alice
West,Tablet,7406,22426,Charlie
East,Headphones,5855,22427,Charlie
West,Headphones,3488,22428,Bob
North,Headphones,7704,22429,Emma
North,Phone,6276,22430,Alice
North,Tablet,9016,22431,David
South,Tablet,2861,22432,Bob
South,Headphones,1734,22433,Charlie
West,Headphones,602,22434,David
East,Headphones,5412,22435,Bob
East,Phone,1246,22436,Bob
East,Phone,5408,22437,Emma
South,Laptop,4191,22438,Bob
North,Tablet,9939,22439,Alice
North,Laptop,3564,22440,Emma
South,Laptop,5912,22441,Emma
East,Headphones,2219,22442,Charlie
East,Phone,2702,22443,Charlie
West,Laptop,5651,22444,Alice
West,Laptop,6526,22445,David
East,Laptop,8237,22446,Alice
South,Headphones,5952,22447,Emma
East,Headphones,7684,22448,Charlie
West,Phone,2289,22449,Alice
East,Laptop,759,22450,Charlie
South,Laptop,2418,22451,Alice
North,Phone,7004,22452,Alice
South,Phone,6018,22453,Bob
South,Phone,7103,22454,Alice
West,Tablet,8675,22455,Charlie
South,Phone,7752,22456,Alice
South,Headphones,7730,22457,David
West,Tablet,599,22458,Bob
West,Phone,4405,22459,Alice
North,Headphones,2842,22460,David
East,Phone,8591,22461,Charlie
South,Phone,3733,22462,David
West,Tablet,5524,22463,Bob
North,Headphones,827,22464,Charlie
East,Laptop,2789,22465,Alice
West,Phone,1865,22466,Alice
East,Tablet,1908,22467,David
East,Headphones,719,22468,Alice
South,Phone,6907,22469,Charlie
South,Laptop,3739,22470,Charlie
West,Headphones,1769,22471,Alice
East,Headphones,8042,22472,David
West,Tablet,4317,22473,Alice
West,Phone,7689,22474,Emma
East,Phone,7357,22475,Alice
West,Headphones,567,22476,Bob
East,Phone,9434,22477,Alice
East,Headphones,7725,22478,Emma
East,Laptop,5883,22479,Bob
East,Tablet,2512,22480,David
North,Phone,3569,22481,Bob
East,Phone,8166,22482,Charlie
South,Tablet,790,22483,Emma
South,Laptop,6812,22484,Charlie
South,Laptop,8227,22485,Charlie
East,Laptop,4179,22486,Bob
South,Laptop,4410,22487,Bob
North,Laptop,5151,22488,Charlie
West,Headphones,852,22489,David
East,Phone,1763,22490,Alice
South,Phone,2326,22491,Alice
North,Phone,4878,22492,Emma
West,Headphones,2105,22493,Bob
North,Tablet,3898,22494,Alice
South,Laptop,5051,22495,David
North,Tablet,3506,22496,Emma
West,Laptop,1504,22497,Bob
South,Laptop,6467,22498,Alice
West,Tablet,6928,22499,Charlie
North,Phone,2578,22500,David
East,Headphones,2995,22501,David
East,Tablet,2761,22502,Bob
East,Phone,2237,22503,David
East,Laptop,3596,22504,Bob
West,Phone,8427,22505,David
East,Laptop,2944,22506,Alice
West,Laptop,836,22507,Bob
South,Phone,3483,22508,David
East,Laptop,9659,22509,Alice
West,Headphones,7498,22510,Alice
East,Phone,5498,22511,Alice
East,Tablet,9363,22512,Bob
East,Laptop,9995,22513,Bob
West,Laptop,8687,22514,David
North,Headphones,3095,22515,Charlie
East,Headphones,3470,22516,Charlie
East,Tablet,3769,22517,Emma
South,Laptop,978,22518,Charlie
North,Tablet,1343,22519,Charlie
West,Tablet,2125,22520,David
South,Laptop,2380,22521,Bob
East,Tablet,9196,22522,Charlie
South,Tablet,8801,22523,Emma
South,Headphones,4992,22524,David
East,Headphones,3980,22525,Alice
North,Tablet,9042,22526,Alice
North,Laptop,3542,22527,Emma
South,Headphones,3336,22528,Bob
East,Tablet,8578,22529,Alice
West,Phone,8374,22530,Bob
South,Phone,7064,22531,Charlie
West,Tablet,4128,22532,Charlie
South,Phone,5517,22533,Charlie
South,Headphones,8802,22534,Alice
East,Laptop,8106,22535,Alice
East,Tablet,1701,22536,Bob
West,Headphones,6503,22537,Bob
West,Laptop,510,22538,Emma
North,Phone,2001,22539,Charlie
East,Phone,8820,22540,David
South,Phone,8405,22541,David
South,Phone,4103,22542,Charlie
North,Headphones,4695,22543,Emma
East,Headphones,789,22544,Bob
South,Laptop,6188,22545,Alice
North,Tablet,7893,22546,Emma
North,Laptop,8105,22547,Emma
South,Tablet,3193,22548,Charlie
South,Phone,8874,22549,Bob
West,Phone,850,22550,David
East,Phone,4086,22551,David
West,Phone,6415,22552,David
North,Headphones,6084,22553,Emma
South,Laptop,3349,22554,Alice
West,Tablet,4935,22555,Bob
North,Tablet,6904,22556,Alice
East,Headphones,4427,22557,David
South,Phone,7014,22558,Alice
West,Laptop,7940,22559,Emma
East,Phone,6316,22560,Charlie
West,Headphones,7092,22561,Alice
North,Tablet,6325,22562,Alice
East,Headphones,3988,22563,Alice
West,Tablet,2395,22564,David
East,Laptop,3408,22565,Alice
North,Tablet,1911,22566,Bob
East,Laptop,5957,22567,Emma
West,Phone,4499,22568,Bob
North,Phone,5948,22569,Bob
South,Headphones,9347,22570,David
West,Laptop,6792,22571,Alice
West,Phone,9041,22572,Emma
North,Laptop,7508,22573,Emma
North,Phone,1643,22574,Emma
South,Phone,897,22575,Alice
West,Tablet,1145,22576,Emma
North,Headphones,8106,22577,Emma
South,Tablet,4632,22578,Charlie
South,Laptop,2734,22579,Charlie
North,Phone,2462,22580,Emma
West,Headphones,1309,22581,Bob
East,Phone,6973,22582,Alice
East,Phone,7983,22583,Bob
South,Tablet,4915,22584,Bob
East,Laptop,7118,22585,Alice
East,Headphones,9205,22586,Alice
North,Headphones,9025,22587,David
South,Headphones,5319,22588,David
West,Laptop,507,22589,David
South,Headphones,6315,22590,Emma
North,Laptop,8632,22591,Emma
East,Headphones,5914,22592,Emma
West,Phone,9990,22593,David
South,Laptop,3446,22594,Alice
East,Tablet,6236,22595,Emma
South,Headphones,2344,22596,Alice
West,Tablet,4111,22597,David
South,Laptop,8059,22598,Alice
South,Phone,8684,22599,Emma
South,Tablet,6186,22600,Alice
East,Tablet,3565,22601,David
West,Phone,9794,22602,Emma
West,Phone,1179,22603,Emma
East,Laptop,7690,22604,David
East,Headphones,5847,22605,Bob
East,Tablet,4547,22606,Charlie
North,Tablet,509,22607,David
South,Laptop,6963,22608,Alice
South,Headphones,5821,22609,Bob
West,Laptop,4716,22610,David
South,Tablet,9365,22611,Charlie
North,Tablet,8234,22612,Emma
East,Phone,8006,22613,Charlie
West,Phone,1956,22614,Charlie
West,Headphones,543,22615,David
South,Tablet,7826,22616,Emma
West,Tablet,8276,22617,Emma
East,Phone,5070,22618,Charlie
West,Laptop,3071,22619,David
East,Laptop,8700,22620,Emma
North,Tablet,6132,22621,Emma
North,Tablet,2362,22622,Alice
East,Headphones,1733,22623,Charlie
South,Headphones,3625,22624,Bob
West,Phone,5211,22625,Charlie
South,Tablet,2957,22626,David
West,Laptop,8701,22627,Emma
North,Headphones,7199,22628,Emma
North,Phone,8959,22629,Alice
North,Phone,7657,22630,Emma
West,Laptop,3214,22631,Emma
North,Headphones,5046,22632,Bob
North,Laptop,7864,22633,Charlie
North,Phone,7719,22634,Emma
North,Tablet,8136,22635,David
South,Laptop,8041,22636,Bob
North,Phone,9774,22637,Bob
North,Tablet,8985,22638,Alice
South,Tablet,3335,22639,David
South,Headphones,8513,22640,Bob
West,Headphones,8455,22641,Charlie
East,Phone,4705,22642,David
North,Laptop,2654,22643,Charlie
North,Tablet,5608,22644,Alice
North,Headphones,4423,22645,Alice
West,Headphones,6584,22646,Emma
North,Laptop,7762,22647,Charlie
East,Headphones,4368,22648,Charlie
South,Phone,4290,22649,Alice
West,Laptop,9536,22650,Charlie
South,Tablet,2507,22651,David
North,Phone,1773,22652,Emma
North,Tablet,7373,22653,Emma
North,Tablet,7352,22654,David
East,Headphones,9904,22655,Bob
East,Phone,8311,22656,Charlie
West,Phone,2764,22657,Bob
South,Laptop,2110,22658,Bob
North,Phone,2286,22659,Charlie
North,Laptop,4899,22660,Alice
North,Phone,3982,22661,Charlie
North,Tablet,7046,22662,Alice
East,Laptop,9071,22663,David
South,Phone,7095,22664,Alice
South,Laptop,1193,22665,Bob
West,Headphones,7525,22666,Bob
East,Headphones,2255,22667,Bob
North,Laptop,7533,22668,Alice
South,Laptop,8193,22669,Bob
South,Tablet,1347,22670,Emma
East,Phone,4561,22671,Charlie
West,Headphones,1695,22672,Bob
West,Headphones,5978,22673,Alice
North,Phone,6832,22674,Bob
West,Headphones,8654,22675,Alice
South,Headphones,6148,22676,Charlie
West,Laptop,3820,22677,Alice
North,Headphones,2957,22678,Charlie
South,Headphones,3950,22679,Bob
West,Headphones,8918,22680,Emma
West,Phone,2307,22681,Bob
East,Tablet,918,22682,Charlie
North,Laptop,3655,22683,David
West,Tablet,9610,22684,David
East,Headphones,7864,22685,David
South,Headphones,4318,22686,Bob
East,Headphones,3131,22687,Alice
East,Tablet,4174,22688,Emma
West,Phone,5130,22689,Emma
West,Phone,7368,22690,Bob
West,Laptop,6013,22691,Charlie
East,Tablet,2329,22692,Bob
South,Phone,8776,22693,David
North,Laptop,4312,22694,Charlie
East,Headphones,1386,22695,Emma
West,Headphones,8094,22696,Bob
North,Laptop,3297,22697,Alice
South,Phone,4647,22698,Alice
North,Tablet,2631,22699,Emma
West,Laptop,3259,22700,Charlie
East,Phone,9432,22701,David
East,Laptop,3376,22702,Alice
West,Phone,555,22703,Alice
East,Headphones,3862,22704,Bob
West,Laptop,9498,22705,Emma
East,Tablet,3556,22706,Alice
East,Laptop,5250,22707,Bob
East,Headphones,9698,22708,Charlie
South,Headphones,5503,22709,Alice
South,Phone,8405,22710,Emma
West,Headphones,4603,22711,Bob
South,Phone,6767,22712,Charlie
West,Headphones,2281,22713,Bob
North,Phone,1489,22714,David
North,Tablet,8052,22715,Emma
South,Phone,5699,22716,Emma
North,Phone,3869,22717,Alice
North,Tablet,877,22718,Bob
East,Phone,2877,22719,Charlie
East,Phone,6545,22720,Alice
West,Tablet,781,22721,Emma
North,Headphones,3419,22722,Bob
West,Laptop,7484,22723,Charlie
West,Phone,4094,22724,Emma
North,Headphones,2338,22725,Charlie
South,Laptop,7070,22726,Bob
North,Tablet,8906,22727,Charlie
East,Phone,5230,22728,Alice
North,Phone,2620,22729,Alice
South,Tablet,3370,22730,Bob
West,Phone,1285,22731,Emma
West,Laptop,8273,22732,David
East,Laptop,1437,22733,David
East,Tablet,9948,22734,David
East,Phone,3612,22735,Emma
West,Headphones,6932,22736,Alice
East,Phone,7198,22737,Alice
North,Tablet,7937,22738,Alice
West,Headphones,5034,22739,Bob
South,Laptop,6129,22740,Alice
West,Laptop,6671,22741,Alice
North,Headphones,8961,22742,Alice
North,Headphones,1990,22743,David
East,Tablet,6541,22744,Charlie
West,Phone,5269,22745,Alice
West,Laptop,6889,22746,Charlie
West,Phone,9101,22747,Alice
South,Laptop,7141,22748,David
East,Phone,7655,22749,David
North,Laptop,9483,22750,Charlie
North,Phone,5842,22751,David
East,Tablet,859,22752,Bob
North,Laptop,5177,22753,Emma
North,Tablet,5639,22754,Emma
East,Laptop,9114,22755,Alice
North,Laptop,8812,22756,David
West,Laptop,2720,22757,Emma
South,Phone,4629,22758,Charlie
East,Laptop,8762,22759,Charlie
South,Tablet,4192,22760,Charlie
North,Phone,5130,22761,Alice
North,Phone,8705,22762,Emma
West,Laptop,5925,22763,Emma
East,Headphones,4400,22764,Emma
North,Phone,8962,22765,Charlie
East,Laptop,6392,22766,Charlie
East,Tablet,6113,22767,Alice
East,Headphones,1022,22768,Bob
East,Phone,3317,22769,Emma
East,Headphones,5450,22770,Alice
South,Phone,3339,22771,Charlie
West,Headphones,8389,22772,Bob
East,Headphones,7991,22773,David
South,Tablet,8514,22774,Bob
North,Headphones,8191,22775,Alice
East,Tablet,942,22776,Bob
North,Laptop,6894,22777,Charlie
East,Phone,8502,22778,Bob
South,Tablet,9913,22779,Charlie
South,Phone,1394,22780,Bob
South,Tablet,2753,22781,Alice
West,Phone,2510,22782,David
North,Tablet,7357,22783,Emma
West,Phone,5493,22784,Bob
East,Laptop,5135,22785,David
North,Phone,8308,22786,Bob
South,Laptop,7497,22787,David
North,Laptop,9737,22788,Charlie
South,Laptop,5333,22789,David
West,Headphones,3434,22790,Emma
West,Phone,9162,22791,David
South,Headphones,871,22792,Emma
South,Headphones,7498,22793,Emma
East,Phone,1903,22794,David
West,Laptop,5102,22795,Emma
West,Headphones,4446,22796,Emma
East,Headphones,5173,22797,Charlie
West,Tablet,1507,22798,Alice
South,Phone,1167,22799,Charlie
North,Headphones,1946,22800,Alice
North,Phone,4466,22801,Alice
West,Phone,4868,22802,Charlie
East,Headphones,5817,22803,Emma
South,Phone,7746,22804,Charlie
North,Laptop,3529,22805,Emma
South,Headphones,8732,22806,Charlie
West,Headphones,6392,22807,Charlie
West,Headphones,7690,22808,Bob
North,Tablet,5304,22809,David
West,Tablet,6879,22810,Charlie
East,Tablet,8817,22811,David
West,Tablet,1277,22812,Emma
West,Headphones,9527,22813,Bob
West,Laptop,9570,22814,Bob
South,Phone,4989,22815,Alice
South,Phone,6770,22816,David
North,Headphones,7781,22817,Bob
North,Laptop,9528,22818,Emma
North,Phone,9216,22819,Alice
West,Laptop,9943,22820,Bob
South,Headphones,8188,22821,Emma
East,Tablet,4741,22822,David
West,Laptop,7830,22823,Emma
West,Phone,9426,22824,Emma
West,Phone,7371,22825,Emma
East,Phone,668,22826,Charlie
North,Tablet,9840,22827,Bob
East,Laptop,8991,22828,Emma
North,Laptop,5533,22829,Alice
East,Phone,1021,22830,Charlie
South,Laptop,9309,22831,Emma
West,Phone,8993,22832,Emma
West,Laptop,9344,22833,Bob
West,Tablet,3801,22834,Charlie
North,Tablet,4659,22835,Emma
East,Headphones,2779,22836,Emma
South,Headphones,2181,22837,David
East,Headphones,591,22838,Alice
West,Laptop,4206,22839,Alice
South,Tablet,1460,22840,Bob
South,Tablet,4659,22841,Charlie
West,Tablet,1343,22842,Emma
East,Phone,718,22843,Charlie
West,Laptop,9395,22844,Bob
East,Laptop,6528,22845,David
South,Headphones,746,22846,Bob
South,Phone,5609,22847,Alice
West,Phone,8748,22848,David
South,Tablet,6624,22849,Emma
North,Headphones,6825,22850,Bob
South,Laptop,6807,22851,Charlie
North,Phone,2412,22852,Charlie
South,Tablet,4721,22853,Alice
West,Laptop,7874,22854,Alice
West,Tablet,766,22855,Alice
North,Laptop,3982,22856,Alice
West,Tablet,2031,22857,Emma
South,Laptop,5064,22858,David
South,Headphones,4728,22859,Alice
West,Laptop,7655,22860,Bob
South,Laptop,9711,22861,Emma
East,Laptop,817,22862,David
East,Tablet,1210,22863,Emma
South,Phone,9142,22864,Charlie
West,Laptop,2243,22865,Emma
North,Laptop,1823,22866,Emma
West,Headphones,3180,22867,Charlie
North,Laptop,4737,22868,Charlie
West,Headphones,3551,22869,Charlie
South,Laptop,5164,22870,Emma
East,Tablet,3204,22871,Charlie
West,Phone,6175,22872,Alice
North,Phone,7287,22873,Bob
East,Phone,3140,22874,Bob
North,Tablet,7876,22875,Charlie
South,Headphones,8638,22876,David
East,Phone,5862,22877,Emma
North,Tablet,1194,22878,Bob
West,Tablet,4753,22879,Alice
South,Laptop,9031,22880,David
South,Headphones,2268,22881,David
South,Tablet,8783,22882,Alice
West,Headphones,671,22883,Emma
West,Phone,3249,22884,Emma
East,Phone,3602,22885,Charlie
West,Phone,1120,22886,Alice
East,Laptop,5714,22887,Alice
South,Laptop,9680,22888,Alice
East,Headphones,576,22889,Charlie
North,Headphones,2698,22890,Bob
South,Laptop,4737,22891,Emma
South,Tablet,8922,22892,Charlie
East,Headphones,6527,22893,Charlie
South,Headphones,6355,22894,Charlie
West,Phone,3044,22895,Alice
North,Headphones,3357,22896,Charlie
East,Headphones,2053,22897,Bob
East,Tablet,6774,22898,David
South,Headphones,4240,22899,Charlie
West,Tablet,9653,22900,Bob
South,Phone,2127,22901,Alice
South,Laptop,1574,22902,David
East,Phone,3704,22903,Emma
South,Tablet,1528,22904,Emma
North,Tablet,1147,22905,Alice
South,Headphones,5803,22906,Alice
South,Headphones,3662,22907,Emma
East,Laptop,1402,22908,Alice
South,Tablet,4567,22909,Emma
West,Tablet,5576,22910,Alice
East,Phone,3397,22911,Emma
South,Laptop,6062,22912,Bob
North,Phone,8673,22913,Alice
North,Headphones,9181,22914,Emma
East,Headphones,5752,22915,Alice
East,Phone,8351,22916,Emma
South,Headphones,9117,22917,Emma
West,Phone,7728,22918,David
South,Tablet,6181,22919,Alice
North,Tablet,6095,22920,Bob
West,Headphones,7890,22921,Charlie
West,Laptop,4491,22922,Charlie
West,Tablet,6962,22923,Alice
South,Headphones,6868,22924,Emma
North,Laptop,9114,22925,Emma
East,Headphones,9906,22926,Bob
South,Phone,4442,22927,Alice
East,Headphones,2300,22928,Charlie
West,Phone,2877,22929,Bob
West,Tablet,7823,22930,Alice
South,Tablet,2603,22931,Alice
North,Headphones,1771,22932,Alice
West,Laptop,5520,22933,David
East,Headphones,934,22934,Bob
East,Headphones,4098,22935,Alice
South,Tablet,4271,22936,Bob
East,Tablet,9226,22937,Charlie
North,Headphones,9072,22938,Alice
West,Tablet,2650,22939,Emma
East,Phone,4624,22940,Alice
East,Headphones,6102,22941,Alice
West,Tablet,5667,22942,Bob
South,Headphones,5986,22943,Bob
East,Tablet,4549,22944,David
South,Phone,1046,22945,Alice
South,Phone,4922,22946,Charlie
East,Headphones,5324,22947,Bob
North,Phone,3615,22948,David
South,Phone,718,22949,Emma
East,Tablet,625,22950,Emma
South,Headphones,9915,22951,David
West,Tablet,4680,22952,Emma
North,Tablet,5660,22953,Alice
North,Laptop,3270,22954,Bob
West,Phone,2442,22955,Charlie
West,Tablet,4957,22956,Emma
South,Tablet,1754,22957,Alice
West,Tablet,1487,22958,Bob
North,Phone,7737,22959,Alice
West,Phone,8611,22960,Alice
East,Phone,8455,22961,Bob
East,Headphones,5853,22962,Emma
South,Tablet,1871,22963,Emma
North,Phone,860,22964,Alice
East,Tablet,8604,22965,David
West,Headphones,9049,22966,Emma
East,Laptop,8284,22967,Alice
East,Headphones,8588,22968,Charlie
South,Phone,8229,22969,Charlie
West,Phone,3283,22970,David
West,Headphones,563,22971,Alice
West,Tablet,2728,22972,Charlie
South,Phone,4349,22973,Emma
West,Phone,6832,22974,Alice
West,Headphones,4438,22975,David
East,Tablet,2015,22976,David
East,Headphones,9271,22977,Emma
West,Headphones,6813,22978,Charlie
North,Tablet,8286,22979,Charlie
North,Tablet,2658,22980,David
West,Laptop,2625,22981,Bob
North,Headphones,6896,22982,David
South,Tablet,2783,22983,David
East,Phone,6736,22984,Alice
South,Laptop,8309,22985,Emma
East,Headphones,3605,22986,Alice
North,Tablet,4052,22987,David
North,Laptop,3975,22988,Alice
West,Laptop,2338,22989,Charlie
North,Phone,8913,22990,David
North,Laptop,8553,22991,Charlie
West,Headphones,1395,22992,Charlie
West,Tablet,6109,22993,Emma
East,Laptop,6413,22994,Charlie
North,Laptop,3911,22995,Alice
East,Headphones,3508,22996,Alice
East,Phone,9676,22997,Bob
South,Phone,4170,22998,Emma
North,Tablet,3390,22999,Bob
North,Headphones,6785,23000,Charlie
South,Phone,1908,23001,David
East,Tablet,4372,23002,Alice
North,Tablet,5177,23003,David
East,Phone,7946,23004,Bob
South,Headphones,6989,23005,Bob
West,Laptop,3958,23006,Alice
East,Phone,4897,23007,Bob
North,Laptop,6383,23008,David
West,Laptop,8588,23009,Bob
East,Headphones,7906,23010,David
East,Headphones,4100,23011,Charlie
West,Tablet,7571,23012,Emma
West,Headphones,5968,23013,Alice
West,Tablet,5507,23014,Bob
North,Phone,6797,23015,Alice
North,Laptop,5190,23016,Bob
East,Headphones,6186,23017,Charlie
East,Phone,3996,23018,David
South,Tablet,3972,23019,Alice
North,Headphones,7726,23020,Charlie
East,Laptop,9857,23021,Charlie
West,Phone,5061,23022,Emma
West,Headphones,8114,23023,Charlie
North,Headphones,2858,23024,Emma
West,Phone,8750,23025,Charlie
South,Tablet,7757,23026,David
East,Tablet,6713,23027,Charlie
East,Headphones,8876,23028,David
East,Tablet,8105,23029,Bob
North,Tablet,3119,23030,Charlie
West,Phone,1077,23031,Charlie
South,Tablet,5743,23032,Bob
North,Tablet,8762,23033,Emma
East,Phone,1055,23034,David
South,Headphones,1351,23035,Bob
East,Headphones,9910,23036,Bob
East,Phone,4140,23037,Alice
North,Laptop,2412,23038,Bob
East,Phone,3230,23039,Emma
South,Laptop,5919,23040,Emma
East,Tablet,2865,23041,Emma
West,Headphones,8038,23042,David
East,Laptop,766,23043,David
North,Laptop,4416,23044,Charlie
South,Tablet,7828,23045,Bob
North,Headphones,2826,23046,Emma
West,Tablet,3301,23047,Bob
East,Headphones,6052,23048,Charlie
North,Headphones,2534,23049,Charlie
North,Tablet,7953,23050,Emma
North,Laptop,1484,23051,Bob
North,Phone,4599,23052,Charlie
West,Headphones,6963,23053,Alice
West,Headphones,1575,23054,David
East,Phone,1523,23055,Bob
East,Phone,4397,23056,Emma
South,Tablet,7470,23057,Charlie
West,Headphones,8971,23058,Charlie
North,Tablet,1611,23059,Charlie
North,Phone,9875,23060,David
South,Tablet,5580,23061,Bob
North,Headphones,8481,23062,Charlie
South,Laptop,2575,23063,David
East,Laptop,4442,23064,Alice
West,Headphones,771,23065,Bob
South,Tablet,9815,23066,Emma
North,Phone,9919,23067,Bob
South,Phone,689,23068,Charlie
East,Laptop,9237,23069,Emma
North,Tablet,4514,23070,Bob
East,Phone,8642,23071,Emma
East,Phone,5443,23072,Bob
South,Headphones,5366,23073,Alice
East,Tablet,1268,23074,Alice
North,Tablet,5666,23075,Alice
East,Phone,9702,23076,Bob
East,Tablet,8089,23077,Emma
South,Tablet,5298,23078,Alice
East,Tablet,964,23079,David
West,Headphones,3100,23080,David
South,Phone,1416,23081,Alice
South,Laptop,6626,23082,Alice
North,Tablet,7651,23083,Charlie
North,Phone,565,23084,David
North,Laptop,2404,23085,David
North,Headphones,7693,23086,Alice
West,Phone,5071,23087,Charlie
South,Headphones,7216,23088,Emma
East,Phone,9578,23089,Charlie
North,Headphones,7473,23090,Charlie
North,Phone,4308,23091,David
North,Headphones,8065,23092,Alice
East,Laptop,8361,23093,Alice
North,Phone,2460,23094,Alice
East,Laptop,3247,23095,Charlie
South,Tablet,543,23096,Charlie
South,Laptop,4342,23097,Bob
South,Phone,5205,23098,Emma
West,Laptop,2388,23099,Bob
East,Phone,4398,23100,Emma
North,Headphones,6383,23101,Bob
North,Tablet,9411,23102,Bob
North,Laptop,1190,23103,Bob
North,Tablet,7342,23104,Bob
West,Laptop,8801,23105,Charlie
North,Phone,5058,23106,Emma
West,Laptop,9206,23107,Bob
East,Tablet,8220,23108,Bob
South,Laptop,9328,23109,Alice
North,Tablet,3828,23110,Charlie
South,Tablet,5812,23111,David
East,Phone,1126,23112,Alice
East,Headphones,569,23113,David
North,Headphones,8049,23114,Bob
East,Laptop,6113,23115,Emma
South,Tablet,4819,23116,David
North,Phone,6461,23117,David
West,Headphones,4477,23118,David
North,Phone,8000,23119,Emma
South,Phone,8559,23120,Alice
North,Tablet,7284,23121,Charlie
North,Laptop,2134,23122,Emma
South,Tablet,3043,23123,Alice
North,Headphones,7853,23124,Bob
North,Headphones,1268,23125,Alice
South,Phone,6264,23126,David
East,Tablet,3103,23127,Alice
South,Tablet,1491,23128,Alice
North,Phone,988,23129,Bob
West,Laptop,8679,23130,Bob
West,Phone,4652,23131,Alice
South,Phone,1011,23132,Emma
West,Headphones,6197,23133,Bob
North,Tablet,1234,23134,David
North,Headphones,6178,23135,Emma
South,Phone,3809,23136,Alice
North,Tablet,9062,23137,David
East,Phone,5201,23138,David
North,Phone,2359,23139,Emma
South,Laptop,8219,23140,Alice
East,Headphones,1416,23141,David
East,Headphones,7409,23142,Bob
West,Phone,7764,23143,Bob
North,Laptop,7181,23144,Emma
South,Phone,3162,23145,Bob
West,Phone,5192,23146,Charlie
West,Phone,9929,23147,Alice
North,Laptop,1835,23148,David
North,Tablet,5550,23149,David
South,Laptop,1261,23150,Emma
West,Phone,2631,23151,Emma
South,Tablet,5314,23152,David
West,Phone,9640,23153,Bob
West,Laptop,801,23154,Emma
West,Laptop,8240,23155,Charlie
North,Tablet,4194,23156,Emma
West,Laptop,3201,23157,Bob
West,Phone,9305,23158,Alice
West,Tablet,6714,23159,Charlie
East,Headphones,6144,23160,Emma
North,Phone,6020,23161,Alice
East,Headphones,1168,23162,Alice
North,Tablet,2628,23163,David
South,Tablet,7238,23164,Bob
East,Phone,717,23165,David
South,Laptop,9440,23166,Bob
West,Phone,4720,23167,Alice
South,Laptop,8892,23168,Emma
South,Laptop,3121,23169,Bob
South,Phone,5639,23170,Bob
South,Tablet,1221,23171,Alice
North,Phone,9643,23172,Charlie
East,Headphones,2381,23173,Alice
North,Tablet,1932,23174,Alice
North,Laptop,5681,23175,Bob
North,Tablet,2820,23176,Alice
South,Phone,7450,23177,David
North,Tablet,7677,23178,Alice
East,Laptop,9390,23179,Emma
North,Laptop,1121,23180,Alice
West,Tablet,959,23181,Alice
South,Headphones,9776,23182,Emma
West,Laptop,7725,23183,Charlie
East,Headphones,8991,23184,Charlie
East,Laptop,9967,23185,Charlie
East,Tablet,8641,23186,David
East,Laptop,5875,23187,Emma
North,Headphones,3952,23188,David
South,Headphones,7812,23189,David
East,Tablet,6425,23190,David
West,Headphones,2321,23191,Emma
East,Headphones,6931,23192,Bob
South,Tablet,1488,23193,Bob
West,Laptop,8905,23194,Charlie
West,Tablet,1031,23195,David
West,Laptop,3417,23196,Charlie
North,Laptop,7385,23197,David
East,Laptop,4119,23198,Charlie
North,Phone,7064,23199,Alice
West,Laptop,3560,23200,Emma
North,Tablet,3024,23201,David
North,Tablet,1189,23202,David
North,Tablet,1600,23203,David
East,Phone,8810,23204,Emma
West,Headphones,5801,23205,Alice
West,Phone,9197,23206,Bob
East,Tablet,8317,23207,Emma
North,Tablet,2700,23208,Alice
North,Headphones,9733,23209,Charlie
South,Phone,996,23210,David
South,Tablet,4674,23211,David
South,Laptop,8750,23212,Bob
East,Laptop,6030,23213,Charlie
West,Tablet,7469,23214,Alice
South,Laptop,2153,23215,Charlie
West,Headphones,7746,23216,Charlie
West,Tablet,743,23217,Bob
West,Phone,2755,23218,Alice
East,Tablet,7499,23219,Bob
East,Headphones,7243,23220,Alice
East,Phone,3192,23221,Emma
East,Headphones,6573,23222,Emma
South,Laptop,8730,23223,David
North,Laptop,3747,23224,Bob
North,Laptop,7121,23225,Emma
North,Headphones,2115,23226,Charlie
South,Headphones,519,23227,Charlie
North,Tablet,720,23228,Emma
South,Phone,4271,23229,Bob
South,Phone,7821,23230,David
South,Headphones,7106,23231,Charlie
North,Headphones,8076,23232,David
West,Laptop,8942,23233,Charlie
North,Headphones,8328,23234,Alice
North,Laptop,1006,23235,Emma
East,Headphones,5241,23236,Bob
South,Phone,9560,23237,Charlie
West,Tablet,5087,23238,Emma
East,Headphones,6938,23239,David
West,Laptop,7100,23240,Bob
West,Tablet,9861,23241,Bob
South,Laptop,5857,23242,Emma
North,Laptop,1239,23243,Emma
South,Tablet,9115,23244,Emma
South,Tablet,3555,23245,Alice
East,Tablet,4887,23246,Alice
South,Headphones,2703,23247,Bob
North,Tablet,4422,23248,Emma
West,Headphones,2457,23249,Alice
South,Phone,5826,23250,Bob
West,Phone,2289,23251,Charlie
South,Laptop,6901,23252,Emma
West,Laptop,1084,23253,Alice
South,Headphones,6678,23254,Bob
East,Laptop,3700,23255,Emma
West,Phone,1842,23256,Bob
South,Headphones,4690,23257,Charlie
South,Headphones,9900,23258,Bob
East,Tablet,5285,23259,Bob
East,Headphones,9857,23260,Charlie
East,Laptop,5256,23261,David
West,Phone,6525,23262,Emma
West,Laptop,7955,23263,Charlie
East,Phone,1562,23264,Charlie
North,Tablet,9217,23265,Emma
North,Phone,5002,23266,Bob
South,Tablet,5481,23267,Alice
North,Laptop,7112,23268,Emma
South,Tablet,5468,23269,Charlie
West,Headphones,6566,23270,Bob
West,Headphones,5900,23271,David
North,Phone,6184,23272,Bob
West,Laptop,7338,23273,Alice
East,Laptop,7853,23274,Bob
East,Phone,2487,23275,Alice
North,Headphones,4567,23276,David
North,Tablet,5568,23277,David
South,Phone,4604,23278,Bob
West,Tablet,9377,23279,Emma
South,Tablet,8306,23280,Emma
South,Laptop,7154,23281,Emma
East,Headphones,4234,23282,David
East,Tablet,7304,23283,Alice
East,Headphones,1741,23284,Charlie
East,Laptop,4000,23285,Bob
South,Phone,6230,23286,Alice
East,Phone,6030,23287,Charlie
West,Laptop,3761,23288,David
East,Laptop,7764,23289,Charlie
East,Tablet,4343,23290,David
East,Laptop,5325,23291,David
North,Phone,2481,23292,Alice
West,Headphones,1147,23293,Emma
West,Headphones,4423,23294,Emma
South,Headphones,2482,23295,Alice
South,Headphones,5755,23296,Bob
East,Laptop,2519,23297,David
North,Laptop,9514,23298,Bob
South,Headphones,5174,23299,David
South,Laptop,8571,23300,David
East,Tablet,7480,23301,Emma
East,Laptop,3332,23302,Emma
South,Tablet,9712,23303,David
South,Tablet,9773,23304,Emma
West,Laptop,7602,23305,Emma
North,Headphones,6491,23306,Charlie
West,Tablet,4708,23307,Charlie
South,Laptop,4175,23308,David
West,Phone,2279,23309,Emma
West,Headphones,5196,23310,Charlie
South,Phone,5037,23311,Bob
East,Tablet,8919,23312,David
South,Phone,1373,23313,David
East,Laptop,5266,23314,Bob
South,Headphones,3928,23315,David
South,Tablet,9983,23316,Emma
South,Laptop,6104,23317,Charlie
North,Headphones,9719,23318,Alice
East,Tablet,4049,23319,Charlie
North,Tablet,8812,23320,Bob
South,Tablet,9433,23321,Alice
West,Tablet,4381,23322,Emma
North,Phone,9934,23323,Emma
East,Phone,5289,23324,Charlie
South,Phone,7945,23325,David
North,Tablet,4852,23326,David
West,Phone,7971,23327,Bob
North,Headphones,7559,23328,David
East,Tablet,6149,23329,Emma
North,Headphones,5508,23330,Alice
West,Headphones,7817,23331,Charlie
West,Phone,9285,23332,Charlie
East,Tablet,1533,23333,Charlie
West,Phone,711,23334,David
South,Phone,6557,23335,Alice
West,Phone,6008,23336,David
South,Tablet,5517,23337,David
North,Tablet,8622,23338,Emma
South,Phone,8625,23339,Emma
South,Headphones,6979,23340,David
North,Headphones,9613,23341,Bob
West,Tablet,4562,23342,Bob
South,Laptop,7848,23343,Bob
West,Phone,8442,23344,David
North,Phone,8445,23345,Alice
East,Laptop,3738,23346,Bob
West,Tablet,1993,23347,Emma
West,Headphones,2077,23348,Charlie
East,Tablet,2097,23349,Charlie
East,Headphones,2928,23350,David
North,Headphones,812,23351,Charlie
West,Tablet,7186,23352,David
West,Phone,4575,23353,Charlie
North,Phone,503,23354,Alice
West,Phone,7561,23355,Alice
South,Headphones,9577,23356,Alice
South,Phone,5718,23357,Alice
South,Headphones,691,23358,Bob
West,Phone,2880,23359,Emma
South,Tablet,1735,23360,Alice
South,Laptop,8262,23361,Bob
North,Headphones,8431,23362,David
North,Tablet,2903,23363,Charlie
East,Headphones,6521,23364,Charlie
East,Headphones,7920,23365,Bob
East,Tablet,7234,23366,Charlie
East,Phone,8953,23367,Alice
North,Headphones,2869,23368,Charlie
North,Laptop,2967,23369,Alice
North,Laptop,4927,23370,Alice
South,Tablet,1759,23371,Charlie
South,Laptop,2554,23372,Bob
East,Tablet,1033,23373,David
South,Tablet,2619,23374,Bob
West,Headphones,2023,23375,Emma
North,Tablet,3957,23376,Emma
East,Tablet,3089,23377,Alice
East,Phone,4919,23378,Alice
West,Headphones,7592,23379,Bob
South,Laptop,7244,23380,Bob
East,Phone,2440,23381,Alice
South,Phone,4236,23382,David
South,Headphones,572,23383,David
West,Headphones,3387,23384,Emma
East,Phone,5857,23385,David
South,Headphones,9679,23386,Charlie
South,Headphones,1845,23387,Alice
West,Tablet,9723,23388,Bob
West,Headphones,2506,23389,Alice
South,Tablet,9922,23390,Charlie
West,Phone,9102,23391,David
South,Phone,2319,23392,Alice
East,Laptop,7294,23393,Charlie
North,Headphones,7713,23394,David
West,Phone,3592,23395,Emma
North,Tablet,5789,23396,Emma
South,Phone,3091,23397,Emma
South,Headphones,8083,23398,Charlie
South,Laptop,3002,23399,Charlie
North,Laptop,9353,23400,Bob
South,Phone,9921,23401,Bob
West,Laptop,3592,23402,Emma
East,Headphones,7561,23403,Alice
East,Headphones,2173,23404,David
West,Laptop,9780,23405,Bob
East,Tablet,6502,23406,David
North,Laptop,7808,23407,Alice
South,Laptop,7159,23408,Emma
South,Phone,999,23409,David
South,Tablet,825,23410,Emma
North,Laptop,6533,23411,David
North,Phone,1387,23412,Alice
North,Phone,9687,23413,Bob
West,Phone,4173,23414,Charlie
North,Headphones,8435,23415,Emma
East,Phone,1428,23416,Bob
West,Phone,4903,23417,David
West,Headphones,5926,23418,Bob
West,Headphones,8490,23419,Charlie
North,Phone,1124,23420,Emma
West,Laptop,4844,23421,Emma
North,Tablet,2871,23422,Bob
North,Headphones,5199,23423,Alice
West,Tablet,8750,23424,David
South,Headphones,5616,23425,Bob
South,Phone,6737,23426,Alice
West,Headphones,9969,23427,Emma
South,Phone,9378,23428,David
East,Tablet,8127,23429,Emma
East,Laptop,5110,23430,Charlie
North,Phone,1032,23431,Alice
South,Tablet,4997,23432,Charlie
East,Tablet,4352,23433,Charlie
West,Headphones,3904,23434,Charlie
South,Phone,3268,23435,Alice
East,Tablet,3155,23436,David
East,Laptop,2640,23437,Emma
West,Headphones,8224,23438,David
North,Headphones,1073,23439,David
West,Tablet,2065,23440,David
North,Phone,936,23441,Emma
East,Headphones,4089,23442,Emma
North,Phone,1898,23443,Alice
East,Tablet,8191,23444,Bob
East,Tablet,3766,23445,Emma
South,Phone,6908,23446,Emma
North,Laptop,3997,23447,Bob
North,Headphones,5456,23448,Emma
North,Tablet,2474,23449,David
West,Laptop,9558,23450,Emma
South,Laptop,9745,23451,Alice
South,Phone,5910,23452,Emma
South,Phone,8242,23453,Bob
West,Phone,3034,23454,David
North,Laptop,8073,23455,Bob
North,Headphones,8719,23456,Emma
North,Phone,3717,23457,Emma
South,Headphones,2835,23458,Alice
South,Phone,5176,23459,David
East,Laptop,6895,23460,Emma
West,Headphones,7829,23461,Alice
West,Headphones,2657,23462,Alice
South,Laptop,3191,23463,Bob
East,Headphones,7041,23464,David
North,Laptop,3842,23465,Charlie
South,Laptop,2055,23466,Alice
West,Tablet,775,23467,Charlie
West,Phone,3236,23468,Bob
West,Tablet,3589,23469,Alice
North,Laptop,8078,23470,David
West,Laptop,8468,23471,Charlie
North,Headphones,2672,23472,David
North,Laptop,652,23473,Charlie
North,Laptop,2104,23474,Bob
South,Laptop,7301,23475,Alice
North,Phone,8224,23476,Alice
East,Tablet,2326,23477,Bob
West,Tablet,8938,23478,Emma
South,Phone,6009,23479,Charlie
West,Phone,1870,23480,Charlie
North,Phone,5822,23481,Emma
South,Tablet,5628,23482,Bob
East,Tablet,6311,23483,David
North,Laptop,2191,23484,David
West,Tablet,7174,23485,Bob
East,Headphones,3890,23486,David
North,Tablet,2898,23487,Bob
East,Phone,536,23488,Charlie
North,Tablet,2127,23489,Charlie
South,Laptop,2839,23490,Emma
North,Tablet,6660,23491,Bob
South,Phone,1871,23492,David
North,Headphones,1176,23493,Bob
North,Phone,5572,23494,Alice
West,Headphones,752,23495,Emma
East,Laptop,3364,23496,Alice
East,Laptop,2116,23497,Emma
East,Tablet,2731,23498,Emma
North,Laptop,6933,23499,Emma
North,Laptop,1260,23500,Alice
North,Phone,3786,23501,Emma
South,Phone,6801,23502,Bob
South,Tablet,7566,23503,Bob
West,Tablet,7334,23504,Alice
North,Tablet,892,23505,Charlie
East,Tablet,9122,23506,Charlie
East,Phone,1496,23507,Alice
West,Tablet,7648,23508,Emma
East,Tablet,9783,23509,Emma
West,Laptop,1600,23510,Emma
North,Tablet,8793,23511,Alice
East,Headphones,9584,23512,Emma
North,Laptop,2760,23513,Bob
South,Phone,2680,23514,Emma
East,Headphones,5816,23515,Alice
South,Tablet,2280,23516,Emma
East,Laptop,6933,23517,Bob
North,Tablet,9971,23518,Alice
West,Laptop,4508,23519,Charlie
North,Tablet,7873,23520,Alice
North,Headphones,3786,23521,David
North,Phone,5017,23522,Charlie
East,Headphones,3128,23523,Charlie
West,Headphones,1038,23524,Alice
South,Phone,2280,23525,David
North,Laptop,7105,23526,Charlie
East,Laptop,2848,23527,Emma
South,Phone,5907,23528,David
North,Tablet,7669,23529,David
South,Laptop,2460,23530,Alice
North,Headphones,3591,23531,Alice
South,Phone,7597,23532,Alice
South,Headphones,4062,23533,David
West,Laptop,5581,23534,Bob
West,Phone,5401,23535,Alice
North,Phone,2804,23536,Bob
East,Laptop,2985,23537,Charlie
West,Laptop,8428,23538,Emma
South,Phone,8675,23539,Emma
West,Tablet,1148,23540,Bob
West,Phone,8390,23541,David
North,Tablet,4315,23542,Emma
West,Headphones,6779,23543,Bob
West,Tablet,9994,23544,Alice
South,Tablet,3132,23545,Bob
West,Laptop,8403,23546,Charlie
South,Phone,1768,23547,Bob
West,Headphones,2273,23548,Alice
West,Phone,7520,23549,Bob
East,Tablet,4127,23550,Alice
West,Tablet,1666,23551,Alice
South,Tablet,3048,23552,Charlie
South,Phone,2050,23553,Charlie
North,Tablet,2640,23554,Emma
North,Phone,6002,23555,Alice
East,Headphones,6508,23556,Alice
South,Headphones,6922,23557,Alice
South,Phone,6346,23558,Emma
South,Headphones,4020,23559,David
East,Laptop,8428,23560,Charlie
South,Tablet,7625,23561,Charlie
North,Tablet,9312,23562,Alice
East,Tablet,5907,23563,Emma
North,Laptop,3023,23564,Alice
North,Tablet,5267,23565,Charlie
East,Phone,8862,23566,Emma
West,Tablet,6144,23567,Bob
West,Phone,2919,23568,Charlie
North,Headphones,6577,23569,Bob
West,Phone,8177,23570,David
South,Phone,1438,23571,Bob
East,Phone,5430,23572,Emma
North,Tablet,6852,23573,Bob
South,Laptop,7443,23574,David
West,Laptop,8111,23575,Charlie
South,Phone,8564,23576,David
West,Tablet,3677,23577,Emma
North,Laptop,5851,23578,Bob
South,Headphones,5600,23579,Bob
East,Headphones,4296,23580,Emma
North,Tablet,3384,23581,Alice
South,Headphones,1772,23582,Emma
South,Headphones,6907,23583,Emma
West,Headphones,2252,23584,David
North,Laptop,8170,23585,David
North,Headphones,7930,23586,Emma
North,Phone,2191,23587,Charlie
North,Phone,9949,23588,Bob
West,Headphones,9123,23589,Emma
East,Phone,5673,23590,Alice
North,Laptop,4405,23591,Bob
West,Tablet,6546,23592,Charlie
East,Phone,6580,23593,Emma
East,Headphones,6656,23594,Charlie
West,Tablet,7314,23595,Bob
North,Tablet,7184,23596,Alice
East,Headphones,2604,23597,Bob
North,Phone,5599,23598,Bob
North,Laptop,9876,23599,Emma
South,Phone,936,23600,Bob
North,Phone,4825,23601,Emma
South,Laptop,7508,23602,Emma
East,Tablet,9313,23603,Charlie
West,Laptop,9326,23604,Alice
South,Laptop,2493,23605,Emma
West,Headphones,3175,23606,David
East,Headphones,6361,23607,Charlie
North,Phone,2840,23608,Emma
East,Headphones,4316,23609,Emma
West,Laptop,9520,23610,Charlie
East,Laptop,2781,23611,Bob
North,Headphones,7963,23612,Emma
East,Headphones,6322,23613,Alice
North,Headphones,9228,23614,Emma
South,Laptop,9496,23615,Charlie
West,Tablet,7182,23616,David
North,Tablet,9543,23617,Charlie
North,Headphones,8597,23618,Charlie
East,Phone,1055,23619,Alice
South,Phone,8567,23620,Bob
North,Tablet,5841,23621,Alice
South,Headphones,5543,23622,Alice
South,Laptop,7900,23623,Emma
East,Phone,6529,23624,David
North,Phone,7318,23625,Charlie
East,Laptop,2594,23626,Alice
West,Laptop,3978,23627,Alice
West,Headphones,3430,23628,Bob
North,Laptop,8945,23629,Bob
South,Laptop,4020,23630,David
North,Laptop,558,23631,Charlie
North,Tablet,4202,23632,Alice
West,Laptop,3107,23633,Emma
West,Phone,5610,23634,Bob
South,Headphones,8956,23635,Alice
South,Headphones,2207,23636,Emma
North,Headphones,2793,23637,Alice
East,Tablet,2984,23638,David
North,Phone,3235,23639,David
South,Laptop,3955,23640,Emma
East,Phone,1437,23641,Bob
West,Headphones,1377,23642,David
South,Laptop,9238,23643,Bob
South,Headphones,2962,23644,Emma
East,Headphones,4993,23645,Emma
South,Headphones,6635,23646,Alice
South,Phone,8481,23647,Emma
South,Phone,2715,23648,Alice
South,Headphones,6226,23649,Bob
South,Headphones,6447,23650,Alice
South,Laptop,8921,23651,Bob
South,Headphones,1927,23652,David
South,Headphones,6787,23653,Bob
West,Headphones,2199,23654,Charlie
South,Headphones,2645,23655,Alice
West,Phone,8698,23656,David
West,Headphones,7458,23657,Bob
North,Tablet,4772,23658,Emma
North,Headphones,9921,23659,Alice
West,Phone,2323,23660,Bob
West,Tablet,4484,23661,David
South,Tablet,9322,23662,Emma
North,Headphones,8961,23663,Alice
East,Headphones,4271,23664,David
North,Phone,1000,23665,Emma
West,Tablet,6106,23666,Charlie
West,Tablet,8439,23667,Emma
South,Phone,6107,23668,Alice
South,Headphones,3250,23669,Charlie
North,Laptop,1812,23670,Bob
South,Laptop,2653,23671,Charlie
East,Tablet,5236,23672,Charlie
East,Tablet,1108,23673,Charlie
South,Headphones,5604,23674,Emma
East,Laptop,2163,23675,Charlie
East,Tablet,3794,23676,Charlie
North,Headphones,6424,23677,Bob
East,Laptop,2497,23678,Charlie
West,Phone,6522,23679,Emma
West,Tablet,3685,23680,David
North,Phone,2031,23681,David
South,Laptop,4716,23682,Emma
North,Headphones,7884,23683,Emma
South,Headphones,4206,23684,Charlie
South,Laptop,7759,23685,Emma
South,Phone,5002,23686,Charlie
South,Headphones,9367,23687,Alice
South,Tablet,5504,23688,Bob
North,Phone,4044,23689,Bob
South,Phone,4318,23690,Bob
East,Tablet,8587,23691,Alice
East,Laptop,7582,23692,Bob
South,Headphones,3943,23693,Charlie
East,Phone,6209,23694,David
West,Headphones,1547,23695,Bob
North,Headphones,3160,23696,Bob
North,Phone,8430,23697,Charlie
South,Laptop,7558,23698,Charlie
South,Phone,6766,23699,Bob
West,Laptop,9455,23700,Emma
South,Tablet,8577,23701,Alice
East,Laptop,3908,23702,David
West,Laptop,6801,23703,David
East,Phone,7994,23704,Alice
North,Headphones,2184,23705,Bob
East,Headphones,1369,23706,Bob
North,Laptop,5623,23707,Bob
East,Laptop,9605,23708,Bob
North,Phone,6375,23709,Bob
South,Laptop,7712,23710,David
East,Phone,7227,23711,Bob
North,Tablet,1042,23712,Charlie
East,Laptop,2703,23713,Emma
West,Tablet,3435,23714,Bob
South,Laptop,1251,23715,Charlie
North,Laptop,2611,23716,David
West,Tablet,9112,23717,Charlie
East,Tablet,7776,23718,Alice
West,Phone,6199,23719,Alice
East,Phone,1046,23720,Charlie
South,Tablet,5461,23721,Bob
West,Laptop,3057,23722,Bob
South,Phone,2071,23723,Bob
North,Laptop,7084,23724,Charlie
East,Headphones,9145,23725,Alice
East,Phone,3191,23726,Alice
South,Phone,7460,23727,David
South,Phone,5274,23728,Alice
North,Headphones,559,23729,Alice
West,Tablet,6711,23730,Emma
East,Laptop,1838,23731,Alice
East,Headphones,9158,23732,Charlie
North,Tablet,7501,23733,Bob
North,Phone,8448,23734,Charlie
South,Tablet,2971,23735,Bob
South,Tablet,9411,23736,Bob
West,Tablet,9927,23737,David
North,Laptop,9254,23738,Alice
West,Tablet,9674,23739,David
North,Tablet,5020,23740,Bob
East,Tablet,8601,23741,Emma
North,Tablet,2230,23742,Emma
North,Headphones,4839,23743,David
East,Headphones,8379,23744,David
North,Tablet,8537,23745,Alice
West,Tablet,8300,23746,David
South,Tablet,3547,23747,David
South,Phone,5725,23748,Charlie
West,Tablet,2285,23749,David
East,Tablet,2462,23750,David
North,Headphones,7746,23751,Charlie
West,Headphones,9880,23752,Bob
South,Headphones,6465,23753,Bob
South,Laptop,3178,23754,Charlie
West,Phone,6605,23755,Alice
South,Tablet,5807,23756,David
West,Headphones,3623,23757,Alice
South,Laptop,3643,23758,Emma
West,Tablet,3300,23759,Alice
North,Tablet,823,23760,David
North,Headphones,2702,23761,Bob
North,Tablet,6702,23762,David
North,Tablet,7942,23763,David
South,Tablet,2294,23764,David
East,Headphones,2842,23765,Alice
West,Laptop,3545,23766,Bob
East,Tablet,1807,23767,Bob
South,Laptop,1955,23768,Alice
South,Tablet,9654,23769,Alice
East,Headphones,5891,23770,Alice
East,Laptop,3039,23771,Emma
South,Headphones,4118,23772,Emma
South,Phone,2878,23773,David
West,Tablet,9566,23774,Emma
North,Phone,2705,23775,Alice
North,Phone,1639,23776,Alice
West,Phone,4091,23777,Alice
East,Tablet,5214,23778,Bob
South,Headphones,5214,23779,Bob
East,Phone,5167,23780,Emma
North,Laptop,8957,23781,Charlie
North,Tablet,8793,23782,Charlie
East,Headphones,8354,23783,Alice
North,Headphones,7658,23784,Bob
South,Phone,4473,23785,David
West,Tablet,2769,23786,Emma
East,Phone,2983,23787,Bob
South,Laptop,1713,23788,Alice
South,Headphones,5235,23789,Alice
North,Headphones,4929,23790,Charlie
South,Tablet,9598,23791,Alice
East,Headphones,6495,23792,Alice
South,Tablet,1069,23793,David
West,Phone,8595,23794,Emma
South,Laptop,2045,23795,David
South,Tablet,1408,23796,Charlie
West,Phone,4962,23797,Bob
South,Laptop,4583,23798,Charlie
South,Headphones,3840,23799,Alice
North,Laptop,7447,23800,Emma
East,Laptop,7539,23801,Alice
North,Laptop,7612,23802,Emma
East,Headphones,2925,23803,Emma
West,Tablet,7655,23804,Emma
West,Tablet,9705,23805,Bob
West,Laptop,7170,23806,Charlie
East,Phone,2372,23807,Bob
East,Phone,5409,23808,Bob
East,Laptop,8897,23809,Bob
West,Laptop,1315,23810,David
East,Phone,565,23811,David
South,Laptop,2551,23812,David
North,Laptop,502,23813,Bob
West,Tablet,7926,23814,Alice
North,Tablet,824,23815,David
South,Laptop,6634,23816,David
East,Laptop,1104,23817,Bob
North,Headphones,5391,23818,Charlie
South,Tablet,3082,23819,Alice
South,Laptop,3622,23820,Emma
North,Headphones,8476,23821,Emma
West,Headphones,3614,23822,Alice
North,Headphones,846,23823,Bob
West,Headphones,3943,23824,Charlie
East,Tablet,2754,23825,Charlie
West,Headphones,8802,23826,Emma
East,Tablet,522,23827,Charlie
North,Headphones,4316,23828,Emma
East,Headphones,2207,23829,David
South,Phone,7215,23830,Bob
East,Tablet,6553,23831,Charlie
West,Phone,4315,23832,Bob
West,Phone,9438,23833,David
West,Headphones,1014,23834,Alice
East,Tablet,6787,23835,Alice
West,Laptop,3539,23836,Alice
West,Headphones,6361,23837,Emma
South,Tablet,3356,23838,Emma
East,Phone,2841,23839,Alice
South,Tablet,9016,23840,David
West,Headphones,6836,23841,Emma
West,Tablet,3862,23842,Alice
West,Phone,8306,23843,Bob
East,Tablet,3990,23844,Alice
North,Tablet,3007,23845,Alice
West,Phone,8648,23846,Bob
West,Headphones,5667,23847,Emma
West,Laptop,3678,23848,Bob
West,Phone,7931,23849,Emma
East,Phone,3824,23850,David
North,Headphones,2044,23851,Emma
North,Headphones,6351,23852,Charlie
North,Tablet,9217,23853,Emma
West,Phone,6672,23854,Charlie
West,Tablet,5133,23855,Emma
North,Tablet,6786,23856,Bob
North,Headphones,9532,23857,Emma
West,Headphones,2765,23858,Alice
West,Tablet,9404,23859,Emma
South,Phone,8758,23860,Bob
South,Phone,9452,23861,Bob
South,Tablet,6787,23862,Emma
North,Laptop,5760,23863,Emma
East,Laptop,9156,23864,Emma
West,Headphones,4691,23865,David
South,Phone,5399,23866,Charlie
East,Tablet,1967,23867,Emma
West,Tablet,5352,23868,Emma
East,Phone,6601,23869,Charlie
North,Headphones,8047,23870,Alice
North,Headphones,3260,23871,David
North,Laptop,6921,23872,David
South,Phone,1893,23873,Alice
West,Phone,4193,23874,Charlie
North,Tablet,5878,23875,Charlie
South,Phone,2199,23876,Bob
South,Laptop,1620,23877,Charlie
South,Phone,5829,23878,David
South,Tablet,2071,23879,Bob
North,Laptop,1228,23880,Emma
South,Tablet,1115,23881,Emma
North,Phone,870,23882,Emma
North,Headphones,7267,23883,Bob
South,Phone,5838,23884,David
North,Phone,5442,23885,Charlie
West,Tablet,9639,23886,Bob
West,Headphones,1619,23887,David
East,Phone,6831,23888,Charlie
West,Laptop,7519,23889,Alice
North,Laptop,2922,23890,David
North,Tablet,8090,23891,Alice
West,Tablet,6325,23892,Emma
South,Headphones,7260,23893,Emma
South,Tablet,9402,23894,David
North,Headphones,5070,23895,Alice
South,Phone,1073,23896,Bob
East,Laptop,1007,23897,Charlie
East,Laptop,7235,23898,Emma
West,Laptop,2722,23899,Emma
West,Tablet,8188,23900,Emma
South,Tablet,1794,23901,Emma
North,Phone,1287,23902,David
West,Tablet,5167,23903,David
East,Headphones,2733,23904,Alice
West,Laptop,9278,23905,Bob
West,Phone,4150,23906,Alice
East,Headphones,3749,23907,Bob
North,Headphones,6571,23908,David
West,Tablet,4536,23909,Emma
West,Tablet,9247,23910,Alice
West,Laptop,2209,23911,Bob
South,Phone,5712,23912,Charlie
West,Headphones,2010,23913,Bob
East,Tablet,6403,23914,Alice
North,Tablet,8667,23915,David
North,Phone,8052,23916,Emma
East,Phone,4006,23917,Charlie
South,Tablet,6578,23918,Alice
East,Tablet,6932,23919,David
North,Laptop,4133,23920,Bob
East,Phone,1961,23921,David
South,Headphones,6414,23922,David
North,Tablet,6852,23923,Emma
South,Tablet,2671,23924,Alice
East,Tablet,8428,23925,David
West,Tablet,9094,23926,Bob
East,Laptop,8975,23927,Bob
South,Phone,7306,23928,Emma
East,Tablet,6615,23929,David
West,Phone,8932,23930,Bob
South,Headphones,5156,23931,Bob
East,Headphones,9392,23932,Emma
South,Headphones,3170,23933,David
South,Headphones,4860,23934,Emma
North,Phone,3048,23935,David
North,Headphones,2826,23936,Bob
South,Headphones,3296,23937,Alice
East,Tablet,7546,23938,Bob
East,Tablet,2706,23939,Alice
East,Tablet,5679,23940,David
West,Laptop,2110,23941,David
South,Tablet,9179,23942,Charlie
South,Headphones,964,23943,David
West,Phone,4823,23944,David
South,Headphones,9357,23945,Charlie
South,Phone,5975,23946,Alice
West,Headphones,7465,23947,David
North,Laptop,1298,23948,Emma
South,Tablet,3300,23949,David
West,Headphones,3740,23950,David
East,Tablet,3855,23951,Bob
North,Laptop,4429,23952,David
East,Laptop,1359,23953,David
South,Tablet,9055,23954,Emma
North,Tablet,8188,23955,Charlie
West,Phone,5522,23956,Charlie
South,Tablet,8084,23957,Charlie
West,Tablet,6902,23958,Bob
North,Phone,9607,23959,David
East,Headphones,2274,23960,Alice
South,Phone,3865,23961,Alice
South,Headphones,8514,23962,Emma
West,Headphones,8842,23963,Bob
North,Headphones,7925,23964,Bob
West,Phone,3521,23965,David
North,Phone,4737,23966,Alice
South,Laptop,6894,23967,Bob
North,Headphones,4317,23968,Emma
South,Phone,9762,23969,Alice
North,Laptop,1260,23970,Bob
East,Headphones,4951,23971,David
North,Phone,5127,23972,David
East,Phone,3239,23973,David
North,Phone,7939,23974,David
North,Tablet,6048,23975,Alice
West,Laptop,7291,23976,Alice
West,Phone,8416,23977,Bob
South,Tablet,7345,23978,Emma
West,Laptop,7367,23979,Charlie
North,Laptop,9608,23980,Charlie
West,Tablet,4443,23981,David
North,Laptop,3960,23982,Bob
East,Tablet,1992,23983,Charlie
North,Headphones,4121,23984,Charlie
South,Phone,9418,23985,Charlie
East,Tablet,5518,23986,Charlie
South,Laptop,8662,23987,Charlie
South,Laptop,7250,23988,Bob
South,Headphones,5341,23989,Charlie
West,Headphones,9631,23990,Charlie
South,Headphones,7968,23991,Bob
East,Headphones,587,23992,Alice
North,Headphones,1062,23993,Alice
South,Phone,1768,23994,Alice
East,Tablet,6061,23995,Charlie
South,Headphones,6545,23996,Bob
North,Headphones,5154,23997,Alice
East,Phone,3671,23998,David
East,Tablet,8012,23999,David
North,Headphones,8352,24000,Bob
East,Tablet,3300,24001,Charlie
North,Tablet,7346,24002,Alice
East,Phone,5538,24003,Charlie
East,Phone,9949,24004,Alice
North,Headphones,5388,24005,Emma
North,Laptop,5280,24006,Emma
East,Phone,1643,24007,Charlie
East,Tablet,7203,24008,David
North,Tablet,1247,24009,Charlie
West,Headphones,7594,24010,Alice
North,Headphones,6945,24011,Charlie
East,Headphones,3988,24012,Charlie
East,Tablet,9837,24013,Alice
East,Phone,2604,24014,David
North,Laptop,4356,24015,Emma
East,Phone,5619,24016,Alice
West,Laptop,5758,24017,Charlie
South,Phone,3268,24018,Bob
West,Headphones,4559,24019,Charlie
North,Tablet,2308,24020,Charlie
East,Laptop,5980,24021,Bob
North,Phone,909,24022,Charlie
South,Tablet,1145,24023,Bob
North,Laptop,2051,24024,Charlie
East,Laptop,5862,24025,David
South,Tablet,1613,24026,Emma
South,Headphones,4087,24027,David
East,Tablet,561,24028,Alice
East,Headphones,9927,24029,Alice
East,Phone,2227,24030,Charlie
North,Phone,5092,24031,Alice
West,Tablet,8668,24032,Alice
North,Headphones,3466,24033,Charlie
North,Phone,3860,24034,Charlie
West,Headphones,6162,24035,Emma
East,Headphones,8570,24036,Bob
East,Headphones,7200,24037,Charlie
West,Tablet,4130,24038,Emma
West,Headphones,4369,24039,David
North,Tablet,5700,24040,Alice
South,Phone,2539,24041,Bob
West,Phone,7954,24042,David
North,Laptop,1807,24043,Charlie
South,Laptop,7134,24044,David
East,Phone,2224,24045,Emma
East,Headphones,6170,24046,Charlie
North,Headphones,5190,24047,Charlie
North,Phone,2955,24048,Bob
West,Phone,1441,24049,Emma
East,Laptop,7592,24050,Alice
North,Headphones,5795,24051,David
East,Phone,8188,24052,Bob
East,Laptop,3561,24053,Bob
West,Laptop,9976,24054,Charlie
South,Headphones,9087,24055,David
West,Laptop,4263,24056,Bob
North,Laptop,8194,24057,Charlie
West,Tablet,9782,24058,Charlie
West,Phone,3388,24059,Emma
East,Headphones,4943,24060,Charlie
West,Phone,4506,24061,Alice
North,Tablet,1586,24062,Emma
South,Headphones,6999,24063,Emma
West,Phone,1804,24064,Alice
West,Laptop,7010,24065,Alice
South,Headphones,1514,24066,Bob
North,Tablet,8912,24067,Bob
North,Laptop,6348,24068,Alice
West,Tablet,9818,24069,Bob
East,Laptop,9164,24070,Alice
West,Phone,5620,24071,Alice
South,Phone,915,24072,Charlie
South,Phone,2368,24073,Bob
South,Tablet,4612,24074,Emma
West,Headphones,2033,24075,Emma
West,Phone,8422,24076,Bob
North,Tablet,1962,24077,Bob
East,Laptop,8198,24078,Bob
West,Phone,2365,24079,Bob
North,Laptop,4509,24080,Charlie
West,Phone,8473,24081,Alice
North,Laptop,8210,24082,Bob
North,Tablet,9163,24083,Bob
East,Phone,3677,24084,Alice
West,Tablet,3365,24085,Alice
North,Tablet,3697,24086,Alice
South,Laptop,2961,24087,David
South,Phone,8282,24088,Emma
South,Headphones,4081,24089,Bob
East,Headphones,9192,24090,Charlie
North,Tablet,8494,24091,Charlie
East,Laptop,620,24092,Alice
West,Laptop,2275,24093,Charlie
West,Laptop,1106,24094,Emma
North,Phone,8629,24095,Bob
South,Phone,7875,24096,Charlie
North,Laptop,1319,24097,Emma
North,Headphones,1283,24098,Emma
North,Headphones,2346,24099,David
East,Phone,8060,24100,David
West,Laptop,891,24101,Charlie
North,Headphones,8380,24102,Emma
North,Headphones,1632,24103,Alice
North,Phone,4945,24104,David
East,Phone,5818,24105,Emma
East,Headphones,6062,24106,David
East,Laptop,4939,24107,Bob
North,Headphones,1176,24108,Emma
South,Headphones,6751,24109,Emma
South,Laptop,1094,24110,Bob
South,Phone,3824,24111,David
West,Laptop,6668,24112,Bob
North,Laptop,6926,24113,Charlie
South,Laptop,8230,24114,Alice
South,Laptop,3434,24115,David
South,Phone,5533,24116,Emma
North,Headphones,7263,24117,Charlie
South,Tablet,6586,24118,David
South,Phone,4833,24119,Alice
North,Laptop,1339,24120,Emma
West,Headphones,3010,24121,Bob
East,Headphones,5187,24122,Alice
South,Laptop,3387,24123,David
East,Phone,3543,24124,Emma
West,Laptop,2131,24125,David
West,Headphones,1905,24126,Alice
South,Headphones,8132,24127,Emma
North,Phone,6615,24128,Alice
West,Tablet,6995,24129,David
East,Laptop,2989,24130,Emma
East,Tablet,4990,24131,Emma
East,Headphones,505,24132,Emma
East,Tablet,3081,24133,David
West,Laptop,8911,24134,Charlie
South,Laptop,8703,24135,David
South,Headphones,3342,24136,Bob
East,Phone,6004,24137,Charlie
South,Phone,7347,24138,David
East,Headphones,9149,24139,Bob
East,Laptop,8858,24140,Alice
North,Phone,7783,24141,Bob
West,Tablet,2473,24142,Emma
West,Headphones,2695,24143,Charlie
East,Tablet,8074,24144,David
West,Laptop,8643,24145,David
South,Phone,8052,24146,Emma
East,Laptop,4328,24147,Charlie
North,Tablet,5585,24148,Charlie
South,Laptop,5237,24149,Emma
North,Laptop,739,24150,Charlie
North,Headphones,9608,24151,Emma
West,Headphones,3452,24152,Bob
West,Laptop,1355,24153,Emma
East,Headphones,3738,24154,David
West,Laptop,1053,24155,Alice
North,Tablet,8634,24156,Bob
North,Headphones,9920,24157,David
South,Laptop,8886,24158,Bob
North,Headphones,7838,24159,David
East,Laptop,6494,24160,Charlie
East,Headphones,3193,24161,Emma
West,Phone,2471,24162,David
West,Laptop,5902,24163,David
West,Phone,9191,24164,Charlie
East,Laptop,4614,24165,Alice
North,Phone,4273,24166,Alice
West,Laptop,4147,24167,Emma
South,Headphones,8409,24168,Charlie
West,Phone,3366,24169,Bob
East,Headphones,1186,24170,David
West,Laptop,2567,24171,Emma
North,Headphones,6407,24172,Alice
West,Laptop,947,24173,Bob
East,Headphones,9816,24174,Charlie
East,Phone,793,24175,David
South,Laptop,4660,24176,David
East,Headphones,3046,24177,Alice
South,Laptop,8767,24178,Alice
North,Laptop,7544,24179,Emma
East,Laptop,4275,24180,David
West,Tablet,9991,24181,David
North,Laptop,4678,24182,David
West,Headphones,4034,24183,David
West,Tablet,2553,24184,Bob
West,Headphones,7612,24185,Charlie
North,Tablet,2199,24186,Bob
North,Laptop,3018,24187,Charlie
East,Phone,6068,24188,Bob
West,Phone,7332,24189,Emma
South,Laptop,9061,24190,Charlie
East,Tablet,4239,24191,David
North,Headphones,4873,24192,Charlie
South,Phone,839,24193,David
North,Laptop,3362,24194,Emma
South,Laptop,1113,24195,Charlie
East,Tablet,1603,24196,Alice
South,Phone,9484,24197,David
East,Laptop,7246,24198,Charlie
North,Phone,8758,24199,Bob
South,Headphones,5011,24200,Charlie
West,Laptop,7812,24201,David
West,Laptop,5905,24202,Alice
North,Headphones,1070,24203,Alice
South,Laptop,9231,24204,Bob
West,Tablet,5856,24205,Emma
East,Headphones,616,24206,Alice
South,Tablet,7724,24207,Emma
South,Headphones,3531,24208,David
West,Headphones,3956,24209,Charlie
East,Tablet,3551,24210,Emma
East,Headphones,8933,24211,David
East,Phone,9156,24212,David
South,Tablet,8307,24213,David
North,Headphones,7802,24214,Bob
South,Tablet,2378,24215,Bob
South,Headphones,5381,24216,Emma
West,Headphones,5136,24217,David
North,Phone,3034,24218,Emma
East,Phone,4309,24219,Alice
West,Phone,9263,24220,Emma
South,Headphones,6105,24221,Charlie
North,Phone,8233,24222,David
East,Tablet,4141,24223,Emma
East,Headphones,1156,24224,Bob
South,Tablet,3651,24225,Charlie
East,Phone,9640,24226,Emma
East,Headphones,4610,24227,Emma
North,Tablet,7707,24228,Emma
West,Laptop,806,24229,Bob
North,Tablet,9396,24230,Emma
West,Headphones,4992,24231,Alice
West,Laptop,9369,24232,Alice
West,Phone,8902,24233,Alice
East,Phone,4994,24234,Emma
North,Tablet,1896,24235,Charlie
East,Phone,3960,24236,Bob
South,Tablet,4853,24237,Alice
North,Tablet,2662,24238,Alice
West,Tablet,8176,24239,Charlie
East,Tablet,5044,24240,Alice
East,Headphones,3648,24241,Bob
North,Headphones,1327,24242,Charlie
North,Laptop,3155,24243,David
West,Laptop,7211,24244,Bob
West,Phone,9191,24245,Bob
South,Headphones,9753,24246,Emma
West,Laptop,8364,24247,David
East,Headphones,8025,24248,David
South,Headphones,5670,24249,Charlie
South,Phone,3996,24250,Alice
South,Phone,6594,24251,David
North,Tablet,4722,24252,Charlie
West,Headphones,9818,24253,David
South,Tablet,2489,24254,Bob
North,Tablet,7079,24255,David
North,Tablet,6004,24256,Alice
South,Headphones,4680,24257,Charlie
South,Headphones,1882,24258,Alice
East,Tablet,4667,24259,Emma
South,Headphones,3666,24260,Alice
East,Tablet,3135,24261,Alice
South,Laptop,6045,24262,Charlie
South,Headphones,9721,24263,Bob
West,Phone,5709,24264,David
South,Phone,9927,24265,David
South,Tablet,5882,24266,Charlie
East,Laptop,4483,24267,Charlie
East,Headphones,1905,24268,Bob
West,Tablet,8237,24269,Bob
South,Laptop,6700,24270,Emma
South,Laptop,6242,24271,David
East,Headphones,7211,24272,David
North,Phone,2384,24273,Emma
North,Phone,5672,24274,Charlie
North,Laptop,2684,24275,David
East,Phone,6817,24276,Alice
East,Laptop,7503,24277,Charlie
North,Laptop,8910,24278,Charlie
North,Laptop,7930,24279,Bob
South,Phone,4850,24280,Emma
East,Tablet,9503,24281,Charlie
East,Phone,8961,24282,Bob
North,Tablet,6867,24283,Alice
North,Phone,5199,24284,Alice
West,Headphones,9878,24285,David
East,Headphones,2233,24286,Emma
West,Phone,3467,24287,Emma
South,Headphones,572,24288,Bob
West,Headphones,5493,24289,David
North,Headphones,6617,24290,Emma
East,Headphones,8385,24291,David
East,Tablet,5542,24292,Bob
West,Laptop,8561,24293,David
West,Tablet,1130,24294,Charlie
South,Laptop,6103,24295,Charlie
South,Laptop,1377,24296,Charlie
North,Phone,9448,24297,Charlie
North,Phone,4793,24298,Alice
North,Phone,3040,24299,Alice
West,Phone,581,24300,Emma
West,Phone,1831,24301,Alice
East,Tablet,8455,24302,David
North,Tablet,856,24303,David
West,Headphones,1079,24304,Alice
East,Tablet,1145,24305,David
North,Tablet,6763,24306,Emma
South,Phone,8999,24307,Bob
South,Headphones,733,24308,Alice
West,Tablet,1534,24309,Charlie
East,Tablet,6517,24310,David
South,Headphones,5621,24311,David
East,Laptop,2235,24312,Bob
East,Phone,4777,24313,Emma
South,Tablet,1441,24314,David
East,Tablet,849,24315,Charlie
South,Headphones,1905,24316,Bob
West,Tablet,7964,24317,David
North,Phone,2045,24318,Charlie
North,Tablet,4820,24319,David
West,Laptop,2246,24320,Charlie
South,Phone,8396,24321,Bob
South,Laptop,1854,24322,Emma
South,Headphones,7830,24323,Alice
South,Phone,4788,24324,Alice
West,Tablet,9860,24325,Emma
North,Phone,5266,24326,David
East,Phone,6457,24327,Bob
East,Phone,7335,24328,Charlie
North,Laptop,3085,24329,Bob
West,Headphones,5207,24330,Emma
East,Phone,1400,24331,David
North,Tablet,3841,24332,David
West,Phone,8194,24333,Emma
East,Phone,627,24334,Bob
South,Headphones,2175,24335,Alice
South,Tablet,2277,24336,Bob
West,Tablet,5665,24337,David
South,Laptop,8925,24338,David
West,Tablet,1083,24339,Emma
North,Tablet,1966,24340,Bob
North,Tablet,9194,24341,Alice
East,Phone,7250,24342,Bob
West,Laptop,1655,24343,David
East,Tablet,8460,24344,Bob
East,Tablet,1435,24345,David
North,Tablet,855,24346,David
East,Phone,2494,24347,Charlie
South,Phone,5656,24348,Alice
East,Laptop,6781,24349,Emma
West,Headphones,7909,24350,Alice
South,Laptop,5864,24351,Bob
North,Phone,4474,24352,Charlie
West,Tablet,3004,24353,David
South,Tablet,2646,24354,Alice
West,Laptop,8169,24355,David
South,Tablet,7804,24356,David
West,Phone,1710,24357,Charlie
West,Laptop,6679,24358,Alice
South,Headphones,9321,24359,Charlie
North,Phone,5382,24360,David
North,Phone,7324,24361,Alice
West,Tablet,6698,24362,David
West,Phone,1607,24363,David
North,Phone,5486,24364,Alice
North,Headphones,3934,24365,Emma
East,Tablet,8523,24366,Charlie
North,Phone,3315,24367,Bob
West,Tablet,7561,24368,David
South,Phone,2535,24369,Charlie
North,Headphones,7307,24370,Charlie
East,Tablet,7473,24371,Alice
East,Tablet,669,24372,Alice
East,Headphones,9323,24373,Alice
South,Laptop,9496,24374,Charlie
North,Phone,5515,24375,Alice
North,Phone,7397,24376,Bob
North,Laptop,3534,24377,Charlie
South,Tablet,4980,24378,Alice
South,Tablet,3912,24379,David
West,Headphones,5488,24380,Charlie
East,Headphones,7630,24381,Emma
East,Headphones,4369,24382,Emma
North,Laptop,6599,24383,Charlie
South,Laptop,1291,24384,Charlie
South,Tablet,4341,24385,Emma
North,Headphones,3856,24386,David
North,Tablet,8022,24387,David
West,Laptop,5425,24388,David
East,Phone,5574,24389,Bob
East,Tablet,7200,24390,Bob
East,Laptop,2594,24391,David
West,Headphones,6750,24392,Emma
North,Phone,9307,24393,Bob
North,Phone,5752,24394,Alice
East,Phone,7503,24395,Bob
East,Headphones,4796,24396,Emma
West,Phone,2801,24397,Emma
South,Laptop,5769,24398,Charlie
South,Tablet,1004,24399,Emma
East,Phone,2445,24400,David
West,Phone,2361,24401,Emma
East,Laptop,4222,24402,Bob
South,Headphones,4183,24403,Bob
East,Phone,903,24404,Bob
South,Laptop,4831,24405,Emma
South,Laptop,3406,24406,David
South,Headphones,5228,24407,David
North,Headphones,8209,24408,Charlie
North,Tablet,2069,24409,Alice
East,Phone,639,24410,David
South,Tablet,5183,24411,Bob
North,Laptop,7230,24412,Charlie
East,Phone,5562,24413,David
East,Laptop,5165,24414,David
East,Laptop,2672,24415,Alice
East,Laptop,6579,24416,Alice
East,Headphones,3920,24417,Alice
West,Headphones,6777,24418,David
South,Phone,1749,24419,David
East,Laptop,6564,24420,Bob
West,Laptop,3197,24421,Emma
South,Phone,3253,24422,Alice
North,Tablet,5434,24423,Bob
East,Laptop,6965,24424,Bob
West,Headphones,4384,24425,Charlie
North,Tablet,7754,24426,Bob
West,Tablet,594,24427,Alice
South,Tablet,4791,24428,Emma
South,Tablet,6280,24429,Bob
North,Tablet,5583,24430,David
West,Tablet,8704,24431,David
East,Phone,2801,24432,Bob
East,Phone,4583,24433,Alice
North,Tablet,6619,24434,Emma
North,Headphones,6724,24435,Emma
North,Phone,872,24436,Alice
West,Phone,4989,24437,David
East,Tablet,6351,24438,David
East,Headphones,6528,24439,Charlie
East,Tablet,9109,24440,Bob
North,Headphones,1316,24441,Bob
East,Headphones,4112,24442,David
South,Laptop,8247,24443,Bob
North,Phone,6850,24444,Alice
East,Tablet,7939,24445,Emma
West,Phone,1832,24446,Charlie
North,Phone,6861,24447,Alice
South,Headphones,1255,24448,Alice
South,Phone,4025,24449,Alice
West,Laptop,2296,24450,Bob
West,Tablet,3559,24451,Emma
North,Phone,2677,24452,Charlie
North,Tablet,2550,24453,David
South,Phone,2489,24454,Alice
West,Tablet,8018,24455,Alice
North,Tablet,9246,24456,Alice
South,Tablet,6309,24457,David
West,Phone,6113,24458,Bob
South,Laptop,8957,24459,Bob
East,Tablet,9614,24460,Emma
West,Headphones,9225,24461,Bob
North,Headphones,6476,24462,Bob
North,Headphones,2193,24463,Charlie
East,Laptop,2551,24464,Charlie
West,Tablet,3420,24465,Bob
South,Laptop,5345,24466,Charlie
North,Tablet,4667,24467,Emma
East,Laptop,6731,24468,Bob
East,Tablet,5123,24469,Charlie
West,Headphones,9577,24470,David
West,Tablet,7246,24471,Charlie
North,Laptop,6639,24472,Charlie
East,Tablet,1958,24473,David
South,Phone,4295,24474,Emma
East,Tablet,3910,24475,David
South,Headphones,4524,24476,Emma
South,Tablet,6769,24477,David
North,Phone,1062,24478,Emma
East,Phone,6592,24479,Emma
South,Phone,7492,24480,Alice
West,Laptop,7508,24481,Alice
South,Phone,8296,24482,Charlie
West,Laptop,6159,24483,David
West,Phone,6584,24484,Emma
East,Laptop,3471,24485,Alice
West,Phone,844,24486,Charlie
South,Phone,7111,24487,Charlie
West,Tablet,7624,24488,Charlie
East,Phone,6784,24489,Alice
North,Tablet,3216,24490,Bob
South,Phone,6160,24491,Charlie
South,Phone,7732,24492,Bob
East,Tablet,5393,24493,Bob
East,Tablet,1619,24494,Bob
East,Laptop,2762,24495,Charlie
East,Headphones,1242,24496,Emma
South,Tablet,5501,24497,Bob
North,Laptop,5803,24498,Alice
West,Phone,7830,24499,Alice
West,Tablet,1282,24500,Bob
North,Tablet,596,24501,Bob
North,Phone,9278,24502,Bob
North,Phone,7161,24503,Alice
East,Phone,5411,24504,David
South,Phone,2738,24505,Emma
South,Headphones,9608,24506,David
South,Tablet,3849,24507,Alice
East,Phone,2988,24508,Alice
South,Phone,4293,24509,Charlie
East,Headphones,8317,24510,David
South,Tablet,3337,24511,Bob
North,Laptop,2886,24512,Bob
West,Tablet,7896,24513,Alice
West,Laptop,2341,24514,Charlie
East,Headphones,9894,24515,David
South,Phone,5866,24516,Charlie
West,Headphones,8564,24517,Emma
North,Tablet,5269,24518,Charlie
North,Phone,9421,24519,Emma
North,Tablet,816,24520,David
East,Laptop,7953,24521,Bob
East,Tablet,575,24522,Emma
South,Headphones,5569,24523,Bob
North,Headphones,703,24524,Charlie
South,Headphones,8395,24525,Charlie
South,Phone,7067,24526,David
North,Tablet,7960,24527,Bob
South,Phone,4275,24528,David
West,Tablet,8578,24529,Emma
East,Laptop,7424,24530,Charlie
South,Tablet,8080,24531,Charlie
North,Tablet,6058,24532,Charlie
East,Tablet,4855,24533,Charlie
East,Tablet,3551,24534,Charlie
South,Laptop,3163,24535,Emma
West,Phone,9123,24536,Emma
South,Headphones,7884,24537,David
West,Tablet,3662,24538,Alice
East,Headphones,8889,24539,Charlie
South,Headphones,5578,24540,Charlie
North,Headphones,538,24541,Alice
South,Headphones,9420,24542,David
West,Tablet,3665,24543,Emma
West,Headphones,5279,24544,Charlie
South,Tablet,6686,24545,David
West,Laptop,2624,24546,Alice
East,Phone,7899,24547,Emma
South,Phone,4634,24548,Emma
West,Tablet,6794,24549,David
South,Tablet,4271,24550,Bob
South,Phone,6038,24551,Bob
North,Headphones,3757,24552,Bob
South,Tablet,6961,24553,Alice
North,Headphones,5888,24554,Bob
West,Tablet,8400,24555,David
North,Tablet,1744,24556,Emma
North,Laptop,1157,24557,David
North,Laptop,2199,24558,David
East,Phone,4956,24559,Charlie
North,Laptop,6568,24560,Alice
South,Laptop,8547,24561,Emma
North,Phone,6463,24562,Charlie
South,Headphones,6735,24563,Alice
North,Laptop,5035,24564,Emma
East,Headphones,7773,24565,Charlie
West,Phone,2476,24566,Bob
North,Tablet,8437,24567,David
North,Headphones,4169,24568,Bob
East,Phone,4692,24569,Emma
North,Headphones,1437,24570,Charlie
South,Phone,6096,24571,Charlie
North,Phone,1789,24572,Charlie
North,Tablet,5170,24573,David
West,Headphones,2650,24574,Charlie
West,Tablet,7921,24575,Alice
North,Tablet,9204,24576,Alice
East,Headphones,2016,24577,Alice
West,Headphones,1904,24578,Bob
North,Phone,4992,24579,Emma
West,Headphones,6670,24580,Bob
North,Phone,2853,24581,Bob
West,Phone,1080,24582,David
West,Phone,3829,24583,Bob
South,Phone,8793,24584,David
North,Phone,5050,24585,Alice
North,Phone,3463,24586,Alice
North,Headphones,798,24587,Bob
North,Headphones,4616,24588,Bob
West,Laptop,544,24589,Alice
South,Headphones,8147,24590,Charlie
South,Tablet,3043,24591,Alice
East,Laptop,4359,24592,Charlie
North,Headphones,5278,24593,Alice
East,Tablet,4894,24594,Emma
West,Headphones,4052,24595,David
East,Phone,3655,24596,David
North,Laptop,787,24597,Emma
South,Phone,4205,24598,Charlie
South,Laptop,1016,24599,Bob
North,Laptop,2701,24600,Bob
West,Phone,7077,24601,David
North,Laptop,8602,24602,Bob
West,Laptop,4158,24603,Charlie
South,Headphones,7422,24604,Bob
West,Tablet,4786,24605,Alice
North,Phone,4436,24606,Emma
North,Headphones,9861,24607,David
North,Headphones,1490,24608,Bob
West,Phone,5471,24609,Charlie
West,Laptop,8221,24610,Bob
West,Phone,2351,24611,Emma
South,Tablet,8689,24612,Alice
East,Tablet,3209,24613,David
East,Phone,4507,24614,David
North,Headphones,3121,24615,Charlie
South,Phone,2678,24616,Alice
West,Tablet,1338,24617,Bob
North,Phone,9914,24618,Bob
South,Laptop,5434,24619,Charlie
North,Phone,8604,24620,Alice
South,Headphones,7838,24621,Charlie
South,Laptop,1668,24622,Emma
East,Tablet,7848,24623,Emma
North,Phone,1447,24624,Bob
West,Headphones,660,24625,Emma
East,Headphones,3127,24626,Charlie
East,Tablet,3035,24627,David
West,Phone,2772,24628,Emma
South,Headphones,3963,24629,Charlie
West,Laptop,5304,24630,David
North,Phone,660,24631,David
West,Tablet,2284,24632,Emma
South,Laptop,7098,24633,Alice
West,Phone,3682,24634,Emma
South,Headphones,4124,24635,Emma
South,Tablet,9458,24636,Alice
North,Tablet,2527,24637,Emma
West,Phone,8876,24638,Charlie
West,Tablet,2396,24639,Alice
North,Laptop,2904,24640,Charlie
South,Phone,3039,24641,David
West,Laptop,1232,24642,Alice
North,Tablet,1077,24643,David
South,Tablet,2661,24644,Bob
North,Tablet,9069,24645,Bob
West,Laptop,4348,24646,Charlie
North,Tablet,1808,24647,David
East,Phone,1341,24648,David
South,Headphones,2671,24649,Alice
East,Phone,8847,24650,Bob
East,Headphones,6753,24651,Charlie
South,Tablet,3885,24652,Charlie
South,Phone,5321,24653,Alice
North,Laptop,6313,24654,Alice
South,Headphones,1913,24655,Charlie
East,Laptop,544,24656,Alice
East,Headphones,2186,24657,David
West,Tablet,5736,24658,Charlie
South,Phone,7125,24659,Emma
East,Headphones,3225,24660,Bob
West,Phone,8509,24661,Bob
West,Headphones,4514,24662,Emma
North,Headphones,6280,24663,Emma
East,Tablet,5095,24664,David
North,Headphones,8765,24665,Charlie
East,Laptop,3518,24666,Alice
North,Headphones,6792,24667,Bob
North,Headphones,2060,24668,Emma
South,Headphones,9583,24669,Charlie
North,Tablet,9938,24670,Alice
South,Phone,972,24671,Bob
West,Phone,5935,24672,Charlie
East,Tablet,2717,24673,Bob
West,Laptop,9392,24674,David
East,Laptop,552,24675,Bob
West,Tablet,3487,24676,David
East,Phone,8830,24677,David
North,Laptop,2637,24678,David
East,Tablet,1327,24679,Alice
East,Phone,8664,24680,Alice
West,Laptop,1748,24681,David
West,Laptop,5335,24682,Charlie
West,Tablet,8877,24683,David
South,Phone,3942,24684,Charlie
South,Laptop,7902,24685,Bob
East,Tablet,3693,24686,Alice
East,Laptop,5428,24687,Charlie
North,Phone,8096,24688,Charlie
North,Headphones,3416,24689,Charlie
East,Laptop,9707,24690,Emma
South,Phone,5037,24691,Alice
East,Laptop,7551,24692,Emma
North,Headphones,6145,24693,Bob
South,Headphones,4761,24694,Charlie
South,Laptop,2435,24695,Alice
North,Tablet,8541,24696,Alice
East,Laptop,5038,24697,Alice
West,Phone,4926,24698,Charlie
East,Tablet,1858,24699,David
East,Phone,2269,24700,David
North,Phone,9881,24701,David
South,Tablet,1692,24702,Emma
North,Headphones,3316,24703,Charlie
East,Phone,6767,24704,Bob
West,Laptop,7525,24705,Emma
West,Headphones,5356,24706,Alice
West,Headphones,5717,24707,David
North,Tablet,1542,24708,Alice
South,Laptop,5743,24709,Emma
North,Laptop,8917,24710,David
West,Headphones,7255,24711,Charlie
East,Phone,6967,24712,David
South,Phone,4477,24713,David
North,Laptop,2383,24714,David
North,Headphones,1040,24715,Emma
South,Headphones,9337,24716,David
South,Headphones,5585,24717,Emma
East,Tablet,5301,24718,Alice
South,Laptop,5226,24719,Charlie
East,Laptop,7522,24720,David
West,Phone,2188,24721,Emma
West,Phone,9546,24722,David
North,Laptop,7134,24723,David
West,Laptop,904,24724,David
West,Phone,3843,24725,Bob
East,Laptop,8311,24726,Charlie
North,Phone,7518,24727,Charlie
South,Laptop,9211,24728,Emma
North,Tablet,1907,24729,Alice
West,Tablet,9512,24730,Alice
South,Headphones,7530,24731,Alice
North,Laptop,7859,24732,David
North,Phone,5030,24733,Emma
North,Laptop,8428,24734,David
North,Laptop,4567,24735,Bob
East,Headphones,6706,24736,Emma
North,Phone,2681,24737,Emma
West,Laptop,3732,24738,Emma
West,Phone,9116,24739,Bob
East,Laptop,2051,24740,Emma
South,Headphones,857,24741,Bob
South,Phone,2094,24742,Alice
West,Laptop,5628,24743,Emma
West,Tablet,9702,24744,David
East,Phone,8888,24745,Charlie
South,Headphones,9725,24746,Bob
South,Tablet,9553,24747,Alice
North,Phone,848,24748,Alice
North,Phone,2158,24749,Charlie
North,Phone,9266,24750,Emma
East,Phone,2319,24751,David
West,Laptop,6971,24752,Charlie
East,Laptop,6381,24753,Emma
South,Phone,7155,24754,Emma
West,Headphones,9622,24755,Bob
North,Laptop,4508,24756,David
East,Phone,6543,24757,David
East,Phone,983,24758,Bob
North,Headphones,4412,24759,Emma
East,Headphones,857,24760,Emma
North,Headphones,8945,24761,David
South,Tablet,9526,24762,David
West,Phone,1690,24763,David
South,Headphones,5064,24764,David
South,Phone,6479,24765,Emma
North,Laptop,9184,24766,David
East,Phone,3909,24767,Emma
South,Phone,8743,24768,Bob
South,Tablet,8953,24769,Alice
South,Laptop,2408,24770,Bob
East,Laptop,4146,24771,Bob
East,Tablet,8215,24772,Charlie
North,Headphones,2877,24773,Bob
South,Headphones,4836,24774,Charlie
West,Phone,5904,24775,Charlie
East,Tablet,6458,24776,Charlie
North,Headphones,2125,24777,Bob
South,Laptop,5918,24778,Alice
West,Tablet,9920,24779,Charlie
East,Headphones,4886,24780,David
West,Laptop,6854,24781,David
East,Tablet,1889,24782,Emma
North,Phone,6409,24783,David
West,Phone,1987,24784,David
South,Laptop,7001,24785,Charlie
South,Headphones,9608,24786,Bob
East,Headphones,1210,24787,David
South,Tablet,2386,24788,Bob
West,Laptop,2716,24789,Alice
North,Headphones,1820,24790,David
East,Phone,8406,24791,Alice
West,Laptop,4945,24792,Alice
East,Phone,5331,24793,Emma
North,Laptop,8317,24794,Bob
East,Tablet,7484,24795,Bob
South,Headphones,9092,24796,Emma
South,Headphones,1250,24797,Charlie
East,Headphones,6094,24798,Emma
North,Phone,7671,24799,Emma
North,Headphones,7991,24800,Emma
South,Laptop,2387,24801,Alice
North,Phone,4185,24802,Bob
East,Tablet,1918,24803,Charlie
West,Phone,3103,24804,David
East,Tablet,4271,24805,David
South,Phone,5600,24806,David
South,Headphones,3987,24807,Charlie
South,Tablet,9505,24808,David
North,Headphones,6410,24809,Charlie
East,Phone,6808,24810,David
West,Tablet,5233,24811,David
East,Laptop,3669,24812,Charlie
West,Laptop,1523,24813,Bob
East,Phone,1893,24814,Charlie
South,Tablet,5739,24815,Charlie
West,Laptop,2846,24816,Emma
East,Headphones,1355,24817,Alice
North,Headphones,9858,24818,Alice
North,Phone,3254,24819,Bob
East,Headphones,2165,24820,Bob
South,Headphones,4538,24821,Bob
West,Headphones,4187,24822,Alice
East,Laptop,1616,24823,Bob
North,Tablet,5042,24824,Bob
West,Phone,1233,24825,Charlie
North,Tablet,3421,24826,Charlie
North,Tablet,3998,24827,Alice
East,Tablet,9816,24828,Charlie
North,Laptop,5217,24829,Bob
West,Headphones,5354,24830,Charlie
South,Phone,2358,24831,Emma
East,Tablet,5973,24832,Charlie
West,Headphones,3013,24833,Alice
East,Laptop,5460,24834,Bob
North,Tablet,4015,24835,Bob
North,Headphones,2816,24836,Alice
West,Laptop,2514,24837,Charlie
West,Headphones,2667,24838,Bob
South,Phone,3528,24839,Bob
West,Headphones,9835,24840,Emma
West,Headphones,4731,24841,Alice
East,Phone,3648,24842,Charlie
North,Phone,8021,24843,Charlie
West,Headphones,9627,24844,Bob
South,Phone,500,24845,David
West,Headphones,8768,24846,Emma
North,Tablet,8111,24847,Emma
West,Headphones,3128,24848,Emma
East,Laptop,6634,24849,Bob
North,Phone,1073,24850,Alice
West,Tablet,2048,24851,Alice
East,Phone,8877,24852,Emma
North,Phone,6545,24853,David
West,Phone,3992,24854,David
East,Laptop,8725,24855,Charlie
South,Laptop,8339,24856,David
East,Headphones,6189,24857,Emma
South,Laptop,2396,24858,Charlie
West,Phone,2955,24859,Emma
East,Tablet,5916,24860,Alice
South,Tablet,5883,24861,Emma
North,Tablet,1905,24862,Charlie
East,Phone,5038,24863,Emma
West,Laptop,1686,24864,Bob
North,Tablet,2639,24865,Charlie
South,Phone,3178,24866,David
East,Phone,4294,24867,Alice
East,Tablet,3219,24868,David
West,Tablet,8548,24869,Emma
North,Headphones,5102,24870,David
East,Headphones,4950,24871,Charlie
East,Phone,4457,24872,Bob
North,Headphones,6569,24873,David
East,Headphones,9179,24874,Emma
North,Tablet,778,24875,David
North,Headphones,3091,24876,David
North,Phone,9341,24877,Charlie
West,Tablet,854,24878,Emma
North,Headphones,2742,24879,Emma
North,Headphones,5399,24880,Bob
South,Headphones,6736,24881,Charlie
South,Laptop,2980,24882,Charlie
West,Headphones,1057,24883,Alice
North,Headphones,3986,24884,Bob
South,Phone,661,24885,Bob
South,Headphones,6744,24886,Emma
East,Laptop,1198,24887,Emma
North,Tablet,4044,24888,Bob
South,Headphones,4277,24889,Charlie
West,Headphones,2705,24890,Alice
East,Phone,991,24891,Emma
East,Headphones,2492,24892,Alice
North,Headphones,1532,24893,Bob
North,Headphones,3783,24894,Charlie
East,Headphones,6516,24895,Alice
West,Tablet,5419,24896,David
North,Phone,6474,24897,Bob
North,Tablet,9477,24898,Charlie
East,Laptop,2333,24899,Bob
East,Headphones,1491,24900,Bob
North,Laptop,7484,24901,Alice
South,Tablet,6846,24902,Alice
North,Laptop,2283,24903,David
South,Headphones,5684,24904,Emma
East,Laptop,1684,24905,David
South,Tablet,2168,24906,Charlie
West,Headphones,7333,24907,Charlie
East,Phone,6324,24908,Bob
North,Tablet,1071,24909,Alice
North,Headphones,4800,24910,Bob
East,Phone,4238,24911,Emma
East,Laptop,1083,24912,Bob
West,Laptop,7823,24913,Charlie
East,Laptop,8999,24914,Charlie
North,Headphones,8753,24915,David
West,Laptop,8040,24916,Bob
North,Laptop,6079,24917,Alice
South,Phone,5070,24918,Emma
East,Phone,6191,24919,Emma
South,Phone,2459,24920,Alice
North,Headphones,8530,24921,Emma
South,Tablet,5626,24922,Alice
South,Laptop,4262,24923,Alice
North,Laptop,3286,24924,David
North,Headphones,2042,24925,Bob
East,Laptop,2175,24926,Charlie
South,Headphones,533,24927,Charlie
West,Headphones,3299,24928,Bob
West,Headphones,7996,24929,Emma
North,Tablet,2355,24930,Alice
North,Headphones,7423,24931,Charlie
South,Tablet,3185,24932,David
North,Tablet,1557,24933,Emma
West,Laptop,7438,24934,David
East,Phone,5001,24935,Charlie
East,Tablet,8097,24936,Bob
South,Tablet,7071,24937,Bob
East,Phone,4888,24938,David
North,Tablet,6522,24939,Emma
North,Phone,3127,24940,Charlie
North,Laptop,4320,24941,Alice
North,Headphones,7747,24942,Bob
South,Phone,4143,24943,David
East,Headphones,6691,24944,Charlie
West,Phone,4262,24945,Emma
East,Headphones,6487,24946,Alice
North,Laptop,9298,24947,Alice
West,Tablet,2855,24948,Bob
South,Laptop,1833,24949,Alice
North,Tablet,4508,24950,Charlie
North,Headphones,2973,24951,Bob
West,Headphones,6643,24952,Bob
South,Tablet,4233,24953,Bob
West,Phone,2586,24954,Charlie
South,Laptop,3850,24955,David
North,Phone,9067,24956,Alice
East,Headphones,2452,24957,Alice
North,Laptop,4210,24958,David
East,Laptop,2193,24959,Bob
East,Phone,8763,24960,Emma
South,Tablet,2274,24961,Charlie
West,Tablet,1073,24962,Bob
South,Laptop,6985,24963,Bob
North,Tablet,5164,24964,Bob
West,Headphones,5559,24965,Alice
East,Phone,5862,24966,Alice
East,Phone,4566,24967,Emma
North,Phone,6971,24968,Charlie
West,Laptop,6613,24969,Bob
North,Laptop,8844,24970,Alice
North,Tablet,5874,24971,David
South,Phone,9420,24972,Alice
North,Headphones,4163,24973,Bob
West,Headphones,7194,24974,Bob
North,Phone,6641,24975,Alice
West,Laptop,6786,24976,David
East,Laptop,6660,24977,David
North,Laptop,9691,24978,Bob
West,Headphones,7642,24979,Alice
East,Phone,5521,24980,Charlie
West,Headphones,7370,24981,Charlie
East,Phone,6808,24982,Bob
South,Headphones,9826,24983,David
North,Headphones,5242,24984,Charlie
North,Tablet,3645,24985,Alice
East,Headphones,8643,24986,Emma
South,Phone,3215,24987,Emma
West,Headphones,9045,24988,David
South,Tablet,5893,24989,Emma
West,Tablet,9994,24990,Alice
West,Phone,4582,24991,Bob
North,Tablet,4231,24992,Bob
East,Tablet,9201,24993,Alice
North,Laptop,2037,24994,Bob
North,Phone,8592,24995,Alice
North,Tablet,677,24996,Alice
West,Tablet,2876,24997,Emma
North,Tablet,8238,24998,Emma
West,Phone,9492,24999,David
East,Laptop,7331,25000,Emma
West,Headphones,3743,25001,Bob
West,Laptop,4166,25002,Emma
South,Phone,1437,25003,Alice
North,Phone,3527,25004,Emma
North,Phone,2520,25005,Bob
North,Headphones,7702,25006,David
North,Phone,2474,25007,Charlie
South,Laptop,1758,25008,Alice
South,Tablet,7552,25009,Bob
South,Tablet,3610,25010,Bob
South,Phone,9934,25011,Charlie
North,Phone,3253,25012,David
West,Headphones,6294,25013,Alice
East,Tablet,3175,25014,David
South,Headphones,919,25015,Charlie
West,Headphones,9344,25016,Alice
South,Headphones,3371,25017,Emma
North,Headphones,1367,25018,David
North,Laptop,8865,25019,Emma
West,Phone,8504,25020,Alice
West,Phone,5232,25021,Charlie
West,Headphones,4627,25022,Emma
North,Headphones,5092,25023,Emma
North,Laptop,2742,25024,Bob
East,Headphones,2988,25025,Alice
West,Laptop,2012,25026,Charlie
East,Laptop,6116,25027,Bob
South,Headphones,3271,25028,David
East,Phone,2143,25029,Charlie
South,Laptop,523,25030,Bob
South,Phone,2837,25031,David
East,Phone,3443,25032,Charlie
West,Laptop,8522,25033,Bob
South,Tablet,5226,25034,Charlie
West,Laptop,2216,25035,Emma
North,Tablet,7594,25036,Bob
South,Laptop,4633,25037,Emma
North,Laptop,7029,25038,Bob
East,Phone,1244,25039,Emma
West,Phone,4677,25040,Alice
East,Headphones,8685,25041,Emma
South,Phone,6440,25042,Alice
North,Phone,549,25043,Charlie
South,Phone,7312,25044,David
East,Phone,6717,25045,David
West,Headphones,3549,25046,David
West,Phone,5725,25047,Alice
South,Tablet,8368,25048,David
South,Tablet,4389,25049,David
North,Headphones,8451,25050,Emma
East,Phone,8135,25051,David
South,Tablet,6275,25052,Alice
North,Laptop,3855,25053,Emma
South,Tablet,9705,25054,Alice
West,Phone,8845,25055,Bob
North,Tablet,6761,25056,David
North,Laptop,2814,25057,Alice
South,Tablet,3956,25058,Alice
East,Phone,7908,25059,Emma
West,Laptop,4766,25060,Bob
East,Headphones,9308,25061,Bob
North,Laptop,3549,25062,David
East,Tablet,5143,25063,Charlie
North,Headphones,5804,25064,Charlie
East,Laptop,2425,25065,Emma
South,Laptop,7345,25066,David
East,Laptop,7310,25067,Emma
North,Phone,2957,25068,David
West,Headphones,7382,25069,Bob
West,Headphones,8320,25070,Charlie
West,Laptop,4741,25071,Alice
North,Headphones,3609,25072,Charlie
East,Tablet,5745,25073,David
West,Tablet,8463,25074,Charlie
West,Laptop,4940,25075,Alice
West,Tablet,8110,25076,Bob
South,Laptop,2498,25077,Bob
North,Tablet,1631,25078,David
North,Laptop,2492,25079,Charlie
North,Laptop,8547,25080,David
North,Headphones,9205,25081,Charlie
North,Headphones,5540,25082,Emma
South,Laptop,1212,25083,David
East,Headphones,714,25084,Charlie
South,Headphones,6246,25085,Emma
West,Phone,9295,25086,David
South,Tablet,7481,25087,Bob
North,Headphones,4269,25088,Emma
South,Laptop,5367,25089,David
North,Phone,9361,25090,Alice
South,Phone,1580,25091,Bob
North,Headphones,974,25092,Emma
West,Laptop,9823,25093,Charlie
North,Laptop,1362,25094,Alice
South,Laptop,9503,25095,Charlie
West,Laptop,4772,25096,Alice
South,Laptop,9178,25097,David
West,Tablet,9383,25098,David
East,Laptop,3608,25099,Charlie
East,Laptop,767,25100,Charlie
East,Tablet,9476,25101,Charlie
South,Headphones,4373,25102,Emma
South,Phone,7031,25103,Bob
West,Tablet,2901,25104,Charlie
West,Phone,5409,25105,David
West,Phone,2816,25106,David
West,Tablet,8676,25107,Charlie
North,Laptop,8109,25108,Charlie
East,Phone,1701,25109,David
North,Laptop,5686,25110,Emma
North,Headphones,776,25111,Alice
North,Tablet,5827,25112,David
North,Phone,8998,25113,Alice
East,Laptop,1130,25114,Charlie
North,Phone,3085,25115,Bob
West,Headphones,7161,25116,Charlie
South,Headphones,7941,25117,Charlie
West,Phone,7900,25118,Charlie
South,Tablet,1637,25119,David
West,Headphones,7468,25120,David
West,Laptop,2213,25121,Bob
South,Headphones,9740,25122,Alice
East,Laptop,3851,25123,Alice
North,Phone,8593,25124,Alice
West,Laptop,6715,25125,Charlie
East,Phone,9643,25126,Bob
North,Headphones,1724,25127,Charlie
East,Tablet,5945,25128,Bob
East,Headphones,8724,25129,Emma
North,Headphones,596,25130,David
West,Headphones,4858,25131,Charlie
East,Headphones,3641,25132,Emma
West,Tablet,8480,25133,Alice
West,Headphones,671,25134,Emma
West,Laptop,5353,25135,David
North,Tablet,9592,25136,David
South,Tablet,9433,25137,David
West,Laptop,5931,25138,Emma
South,Phone,8037,25139,Alice
South,Headphones,9082,25140,Charlie
East,Tablet,1458,25141,Alice
West,Headphones,5170,25142,Bob
West,Headphones,9035,25143,Bob
West,Laptop,3981,25144,Charlie
South,Laptop,2069,25145,David
North,Laptop,8431,25146,Charlie
South,Headphones,9147,25147,Emma
West,Tablet,6042,25148,David
West,Tablet,9135,25149,Charlie
West,Phone,3981,25150,Charlie
South,Headphones,8431,25151,Emma
West,Phone,6193,25152,Emma
East,Phone,1917,25153,Alice
West,Phone,6356,25154,Bob
North,Phone,8176,25155,Charlie
East,Phone,7511,25156,Alice
West,Headphones,7209,25157,David
East,Laptop,1170,25158,David
West,Phone,5913,25159,Bob
North,Tablet,6501,25160,David
West,Headphones,2784,25161,Bob
East,Phone,5940,25162,David
North,Tablet,8791,25163,David
South,Phone,3287,25164,Charlie
North,Laptop,8357,25165,Emma
North,Headphones,907,25166,Charlie
North,Laptop,1477,25167,Alice
East,Tablet,6053,25168,Emma
North,Phone,8834,25169,Charlie
West,Laptop,7952,25170,Emma
North,Laptop,9411,25171,Emma
North,Phone,9109,25172,Emma
West,Headphones,9796,25173,David
West,Tablet,1044,25174,Emma
South,Headphones,7653,25175,David
North,Tablet,7460,25176,Emma
East,Tablet,8044,25177,David
North,Laptop,6802,25178,Emma
North,Phone,6405,25179,Alice
West,Headphones,9464,25180,Charlie
South,Laptop,9760,25181,Emma
North,Laptop,4723,25182,Alice
East,Laptop,2073,25183,Charlie
North,Headphones,5472,25184,Bob
East,Laptop,4293,25185,Emma
West,Phone,8019,25186,Bob
South,Laptop,3153,25187,Charlie
North,Laptop,1040,25188,Charlie
South,Tablet,2711,25189,Emma
North,Laptop,8822,25190,Alice
East,Headphones,6043,25191,Emma
South,Headphones,4320,25192,Alice
North,Phone,2731,25193,Emma
West,Headphones,9517,25194,Alice
East,Headphones,3218,25195,David
South,Laptop,8190,25196,Alice
North,Phone,1522,25197,Alice
South,Headphones,5854,25198,Charlie
North,Phone,4726,25199,Bob
East,Phone,9388,25200,Emma
West,Tablet,9729,25201,Charlie
East,Tablet,1313,25202,Bob
South,Laptop,4337,25203,Charlie
South,Headphones,9350,25204,Charlie
North,Laptop,1583,25205,Emma
East,Laptop,3474,25206,David
North,Phone,9875,25207,Charlie
East,Phone,6066,25208,Emma
South,Phone,7181,25209,Alice
North,Laptop,3124,25210,Bob
North,Headphones,6005,25211,Emma
East,Laptop,8049,25212,David
West,Laptop,3232,25213,Emma
East,Laptop,2497,25214,Emma
West,Tablet,9940,25215,Alice
East,Tablet,8175,25216,Bob
South,Headphones,8277,25217,Bob
North,Tablet,4843,25218,David
East,Laptop,8703,25219,Bob
South,Tablet,4107,25220,Alice
East,Tablet,9428,25221,David
North,Laptop,1009,25222,Alice
East,Headphones,9960,25223,Alice
West,Tablet,6594,25224,Emma
North,Laptop,6245,25225,Emma
West,Laptop,5316,25226,Emma
South,Laptop,3542,25227,Charlie
South,Phone,5410,25228,Alice
East,Laptop,7072,25229,Bob
West,Tablet,1558,25230,David
West,Tablet,4800,25231,Charlie
North,Laptop,9581,25232,Emma
West,Phone,6003,25233,Charlie
West,Phone,3452,25234,Charlie
North,Phone,6196,25235,Alice
North,Tablet,8110,25236,Alice
West,Phone,3244,25237,Bob
East,Headphones,8137,25238,David
North,Headphones,3533,25239,David
North,Phone,6534,25240,Emma
West,Headphones,9824,25241,Bob
West,Laptop,1701,25242,David
North,Phone,748,25243,Charlie
West,Phone,8503,25244,Charlie
North,Phone,5776,25245,David
East,Laptop,8921,25246,Charlie
East,Laptop,3175,25247,Charlie
North,Phone,9976,25248,Emma
North,Tablet,3375,25249,Charlie
South,Tablet,9012,25250,David
South,Headphones,7794,25251,Alice
West,Laptop,527,25252,Charlie
West,Headphones,1009,25253,David
North,Headphones,1140,25254,Charlie
North,Phone,3750,25255,Bob
South,Tablet,4247,25256,Emma
South,Headphones,3219,25257,Alice
North,Phone,4403,25258,Charlie
East,Laptop,5505,25259,David
East,Headphones,3836,25260,Alice
West,Tablet,1918,25261,Charlie
North,Laptop,8099,25262,Bob
North,Phone,3959,25263,David
West,Laptop,5404,25264,Emma
South,Headphones,7812,25265,Charlie
South,Laptop,7842,25266,David
East,Laptop,5748,25267,Charlie
North,Laptop,3581,25268,Emma
South,Tablet,846,25269,Bob
East,Headphones,616,25270,Emma
East,Phone,3582,25271,Emma
East,Tablet,2131,25272,Emma
South,Headphones,2499,25273,Alice
South,Phone,8559,25274,David
North,Phone,7769,25275,Charlie
North,Phone,8632,25276,Bob
East,Headphones,6598,25277,Charlie
East,Phone,9498,25278,Alice
South,Phone,7503,25279,Bob
South,Tablet,2191,25280,Alice
North,Phone,3204,25281,Charlie
North,Laptop,6040,25282,Bob
West,Tablet,3935,25283,Charlie
North,Tablet,8902,25284,David
South,Headphones,2277,25285,Alice
East,Phone,3647,25286,David
West,Laptop,8557,25287,David
North,Laptop,2999,25288,Charlie
North,Phone,1186,25289,Charlie
South,Phone,5566,25290,Emma
West,Headphones,9621,25291,Emma
North,Laptop,3333,25292,Bob
East,Tablet,2745,25293,Charlie
South,Headphones,1685,25294,Alice
West,Headphones,2964,25295,Charlie
North,Tablet,9075,25296,Charlie
North,Headphones,2021,25297,David
West,Phone,1479,25298,David
South,Tablet,4677,25299,Emma
West,Tablet,4110,25300,Bob
West,Laptop,7971,25301,Bob
South,Tablet,6200,25302,Charlie
North,Headphones,8073,25303,Alice
East,Laptop,2453,25304,David
South,Headphones,6046,25305,Alice
East,Phone,1383,25306,David
North,Phone,5323,25307,Charlie
West,Laptop,623,25308,Bob
East,Laptop,1025,25309,Charlie
North,Headphones,2586,25310,David
North,Phone,6911,25311,Bob
West,Laptop,6599,25312,Alice
West,Phone,4906,25313,Alice
North,Phone,4635,25314,Emma
North,Phone,8526,25315,Alice
East,Headphones,5376,25316,Emma
North,Headphones,9272,25317,Bob
North,Phone,2493,25318,Charlie
East,Phone,5025,25319,Charlie
South,Phone,9148,25320,Bob
East,Tablet,703,25321,Bob
East,Tablet,4713,25322,David
West,Headphones,6423,25323,Alice
East,Phone,6865,25324,Alice
North,Tablet,5492,25325,Alice
North,Laptop,6706,25326,Emma
North,Laptop,8001,25327,Alice
South,Phone,7959,25328,David
North,Tablet,2692,25329,Charlie
South,Laptop,5549,25330,Charlie
North,Headphones,3209,25331,Emma
East,Laptop,9874,25332,David
West,Headphones,3328,25333,Bob
North,Laptop,9650,25334,Charlie
South,Laptop,4574,25335,David
South,Tablet,6450,25336,Bob
West,Laptop,568,25337,Emma
North,Laptop,2137,25338,Alice
East,Headphones,6163,25339,David
North,Headphones,8893,25340,Charlie
North,Laptop,8957,25341,Emma
West,Phone,6751,25342,David
North,Laptop,3625,25343,Emma
East,Laptop,7594,25344,Bob
South,Tablet,8005,25345,David
West,Laptop,6833,25346,Alice
East,Laptop,738,25347,Bob
South,Headphones,5546,25348,Alice
West,Headphones,8517,25349,Emma
West,Headphones,790,25350,Alice
South,Headphones,6964,25351,Bob
South,Laptop,2308,25352,Bob
East,Phone,1454,25353,Bob
North,Tablet,7532,25354,Emma
North,Tablet,2430,25355,Charlie
North,Phone,7489,25356,Emma
North,Phone,8975,25357,Bob
North,Tablet,9498,25358,Emma
East,Laptop,8279,25359,David
West,Tablet,5630,25360,David
East,Phone,7085,25361,Charlie
East,Laptop,3176,25362,Emma
East,Tablet,4071,25363,Emma
West,Laptop,4259,25364,David
East,Laptop,5621,25365,Bob
East,Phone,9500,25366,Alice
West,Headphones,4286,25367,Bob
East,Tablet,1441,25368,Charlie
North,Phone,8731,25369,Alice
South,Tablet,1838,25370,Bob
East,Headphones,5152,25371,Emma
South,Headphones,1821,25372,Emma
East,Headphones,2154,25373,David
East,Headphones,3568,25374,Emma
North,Tablet,5238,25375,Emma
West,Laptop,7093,25376,Charlie
South,Laptop,9086,25377,Alice
West,Headphones,1291,25378,Bob
North,Headphones,7176,25379,Bob
North,Laptop,1243,25380,Charlie
South,Phone,7024,25381,Alice
West,Headphones,7074,25382,Emma
North,Laptop,693,25383,Charlie
East,Phone,8394,25384,Emma
East,Laptop,4774,25385,Bob
East,Phone,4397,25386,Charlie
West,Tablet,8909,25387,Charlie
East,Phone,4082,25388,Charlie
East,Headphones,5583,25389,Bob
North,Phone,8629,25390,Bob
North,Phone,5843,25391,David
East,Headphones,8017,25392,Bob
East,Tablet,8289,25393,Bob
North,Phone,4403,25394,Emma
South,Tablet,2285,25395,Bob
West,Laptop,8462,25396,Alice
West,Laptop,9874,25397,Emma
North,Headphones,1023,25398,David
West,Tablet,3796,25399,Alice
North,Headphones,7456,25400,David
North,Headphones,4979,25401,Charlie
North,Phone,8211,25402,Charlie
North,Laptop,6185,25403,Charlie
South,Headphones,7147,25404,Bob
East,Phone,9060,25405,Bob
East,Phone,8294,25406,Emma
South,Tablet,6090,25407,Alice
West,Laptop,4883,25408,Alice
West,Tablet,898,25409,Charlie
East,Tablet,2651,25410,Charlie
West,Headphones,5930,25411,Bob
East,Tablet,4380,25412,David
East,Headphones,626,25413,Alice
South,Tablet,2587,25414,Alice
West,Phone,2270,25415,David
South,Laptop,7525,25416,Alice
East,Laptop,8938,25417,Alice
East,Laptop,6425,25418,Bob
East,Phone,3818,25419,Alice
North,Phone,2581,25420,Charlie
North,Tablet,2557,25421,Charlie
North,Tablet,5787,25422,Emma
South,Tablet,6403,25423,Bob
East,Tablet,5835,25424,Bob
West,Laptop,3489,25425,Charlie
South,Tablet,8075,25426,Bob
South,Phone,6221,25427,Bob
South,Phone,7578,25428,Emma
West,Phone,839,25429,David
East,Headphones,3228,25430,Alice
North,Headphones,2091,25431,Emma
East,Headphones,8343,25432,David
East,Tablet,6283,25433,Alice
South,Laptop,3661,25434,Charlie
South,Laptop,8675,25435,David
South,Tablet,5129,25436,Alice
North,Tablet,7401,25437,Emma
North,Headphones,2797,25438,Alice
North,Phone,5950,25439,Bob
East,Phone,7790,25440,Alice
South,Headphones,5444,25441,Charlie
West,Headphones,5818,25442,Emma
East,Laptop,4307,25443,David
North,Headphones,512,25444,Alice
West,Phone,4534,25445,Emma
West,Phone,6030,25446,Charlie
South,Tablet,3933,25447,David
West,Laptop,5133,25448,Alice
North,Tablet,2551,25449,Charlie
South,Laptop,4376,25450,Bob
West,Tablet,6408,25451,Emma
South,Laptop,6630,25452,Emma
West,Headphones,6927,25453,Alice
East,Phone,2323,25454,Charlie
East,Headphones,3930,25455,David
North,Laptop,3240,25456,David
East,Laptop,2288,25457,David
East,Tablet,2452,25458,David
East,Laptop,9643,25459,Alice
West,Headphones,3920,25460,Alice
West,Laptop,3527,25461,Emma
South,Laptop,3601,25462,Charlie
West,Tablet,6373,25463,Bob
East,Laptop,4088,25464,Alice
West,Tablet,4345,25465,David
North,Phone,6237,25466,Bob
South,Tablet,9839,25467,Emma
South,Laptop,1917,25468,David
West,Phone,4409,25469,Charlie
East,Laptop,5245,25470,Bob
South,Tablet,3272,25471,Emma
North,Headphones,5675,25472,Alice
North,Phone,6775,25473,Charlie
South,Headphones,2749,25474,David
East,Headphones,4358,25475,Bob
East,Phone,2125,25476,Emma
West,Headphones,3249,25477,Bob
West,Headphones,3105,25478,Charlie
South,Headphones,2347,25479,Alice
West,Headphones,7707,25480,Alice
West,Phone,9270,25481,Charlie
West,Laptop,1636,25482,David
North,Headphones,3633,25483,Bob
West,Phone,1657,25484,David
South,Phone,7952,25485,Emma
East,Phone,7775,25486,David
West,Phone,5913,25487,Charlie
East,Tablet,4872,25488,Alice
West,Laptop,6111,25489,Charlie
South,Laptop,2086,25490,Charlie
North,Headphones,2823,25491,Bob
South,Phone,733,25492,Charlie
North,Tablet,9957,25493,Emma
West,Phone,8416,25494,Bob
West,Headphones,531,25495,Bob
North,Laptop,9451,25496,David
South,Headphones,3703,25497,Charlie
South,Headphones,6394,25498,David
North,Headphones,2294,25499,David
West,Headphones,1261,25500,Bob
North,Headphones,4580,25501,David
West,Headphones,781,25502,David
North,Headphones,4571,25503,Bob
West,Laptop,5125,25504,Bob
North,Laptop,6478,25505,Alice
East,Phone,9507,25506,Charlie
West,Phone,5059,25507,Alice
South,Tablet,1970,25508,Bob
North,Tablet,3787,25509,Emma
South,Laptop,4759,25510,David
North,Laptop,6206,25511,David
South,Tablet,1010,25512,Bob
South,Laptop,8461,25513,David
North,Tablet,9246,25514,Alice
North,Phone,7284,25515,David
South,Laptop,9998,25516,Emma
South,Laptop,5993,25517,Charlie
South,Tablet,758,25518,Alice
West,Headphones,7088,25519,Charlie
West,Headphones,9916,25520,Charlie
East,Phone,2165,25521,Emma
West,Laptop,2365,25522,Emma
West,Laptop,1265,25523,Emma
North,Tablet,8756,25524,Emma
East,Headphones,3949,25525,Alice
East,Headphones,3205,25526,Emma
West,Phone,6265,25527,Alice
North,Headphones,5474,25528,David
North,Headphones,695,25529,Charlie
East,Headphones,1883,25530,David
North,Tablet,2935,25531,David
South,Headphones,1950,25532,Bob
West,Phone,8914,25533,David
South,Headphones,8424,25534,David
East,Phone,7558,25535,Bob
East,Tablet,7816,25536,David
North,Tablet,6128,25537,Bob
North,Phone,941,25538,Alice
East,Tablet,2867,25539,Charlie
East,Laptop,5365,25540,Emma
South,Laptop,9574,25541,David
South,Laptop,7659,25542,Alice
North,Laptop,950,25543,Charlie
South,Laptop,7539,25544,Alice
North,Tablet,5698,25545,Bob
North,Phone,9434,25546,Alice
West,Tablet,7786,25547,David
North,Headphones,3850,25548,David
South,Laptop,3329,25549,Emma
East,Laptop,3113,25550,Emma
East,Tablet,2415,25551,David
South,Headphones,7712,25552,Alice
East,Tablet,9940,25553,David
North,Phone,1027,25554,Alice
East,Laptop,5319,25555,David
South,Tablet,8379,25556,Charlie
East,Phone,8932,25557,Alice
North,Laptop,9056,25558,Bob
North,Laptop,1708,25559,Bob
South,Laptop,4620,25560,Emma
South,Headphones,6976,25561,Charlie
South,Tablet,3461,25562,Bob
West,Laptop,5276,25563,David
West,Laptop,2917,25564,Bob
North,Phone,2116,25565,David
West,Tablet,9727,25566,Charlie
West,Phone,9411,25567,Emma
East,Tablet,5182,25568,Bob
West,Laptop,9665,25569,Emma
East,Headphones,7325,25570,Charlie
South,Phone,2346,25571,Alice
East,Headphones,1871,25572,Charlie
East,Headphones,1966,25573,Charlie
South,Headphones,9382,25574,Charlie
South,Tablet,587,25575,Alice
North,Tablet,3012,25576,Alice
North,Headphones,9185,25577,Charlie
North,Laptop,1745,25578,Alice
North,Laptop,6616,25579,David
East,Headphones,9833,25580,Charlie
East,Phone,4731,25581,Bob
North,Phone,1477,25582,David
West,Tablet,9233,25583,Charlie
North,Phone,7222,25584,Bob
West,Laptop,9502,25585,Bob
South,Headphones,5007,25586,Emma
East,Phone,3992,25587,Emma
East,Headphones,5425,25588,Bob
West,Phone,1633,25589,Charlie
North,Tablet,5365,25590,Charlie
East,Laptop,8269,25591,Charlie
West,Tablet,9260,25592,Charlie
South,Headphones,3500,25593,Bob
South,Laptop,8166,25594,Alice
East,Laptop,7204,25595,Alice
North,Tablet,7865,25596,Charlie
West,Phone,7132,25597,Emma
East,Tablet,2267,25598,Bob
South,Headphones,2574,25599,Alice
North,Phone,1641,25600,Bob
West,Tablet,1577,25601,Emma
East,Tablet,5099,25602,Bob
West,Phone,6620,25603,Emma
North,Phone,8843,25604,Emma
North,Phone,5332,25605,David
South,Tablet,9170,25606,Emma
North,Phone,2185,25607,David
East,Phone,3991,25608,Emma
West,Phone,1871,25609,Emma
North,Laptop,5959,25610,Bob
North,Headphones,3923,25611,David
East,Phone,4476,25612,Alice
West,Headphones,1898,25613,Alice
West,Phone,5861,25614,Bob
South,Phone,1901,25615,Alice
South,Laptop,1912,25616,Alice
West,Laptop,6930,25617,Emma
East,Phone,3730,25618,Charlie
East,Phone,8021,25619,Charlie
South,Phone,6349,25620,Alice
North,Headphones,6556,25621,Bob
East,Phone,5222,25622,Bob
North,Headphones,8609,25623,David
East,Laptop,1764,25624,Bob
West,Headphones,2759,25625,Bob
South,Phone,862,25626,Emma
North,Laptop,6776,25627,Emma
North,Tablet,6920,25628,Alice
West,Laptop,5884,25629,Bob
East,Tablet,7248,25630,Charlie
North,Headphones,8331,25631,Bob
East,Laptop,1166,25632,Bob
West,Laptop,3312,25633,Alice
South,Laptop,2975,25634,Charlie
North,Headphones,7473,25635,Alice
East,Phone,3600,25636,Bob
North,Headphones,3901,25637,Charlie
East,Laptop,5515,25638,Bob
East,Phone,3051,25639,Alice
East,Laptop,2651,25640,Alice
West,Laptop,7137,25641,Emma
South,Tablet,887,25642,Charlie
North,Laptop,6364,25643,Emma
South,Headphones,3661,25644,Charlie
East,Headphones,2880,25645,David
East,Headphones,9068,25646,Charlie
South,Phone,4835,25647,Bob
South,Tablet,1780,25648,Charlie
North,Tablet,1243,25649,Emma
East,Laptop,7856,25650,Alice
South,Laptop,3986,25651,Alice
West,Tablet,8523,25652,Charlie
East,Phone,1568,25653,David
East,Headphones,9700,25654,Alice
North,Laptop,7471,25655,Alice
West,Tablet,8026,25656,Alice
North,Phone,9034,25657,David
West,Headphones,1130,25658,Emma
North,Laptop,797,25659,Charlie
West,Headphones,8648,25660,David
West,Headphones,9389,25661,Charlie
West,Tablet,5816,25662,Bob
South,Tablet,2005,25663,Charlie
East,Headphones,3325,25664,Alice
West,Headphones,9070,25665,David
South,Laptop,9397,25666,David
South,Phone,2914,25667,Emma
North,Phone,6156,25668,Bob
East,Headphones,9462,25669,Emma
East,Tablet,9786,25670,Emma
North,Phone,5647,25671,Bob
East,Headphones,4944,25672,Alice
North,Tablet,8047,25673,David
South,Laptop,9923,25674,Charlie
South,Phone,1946,25675,Bob
West,Laptop,2902,25676,Emma
North,Tablet,6142,25677,Charlie
South,Headphones,2326,25678,Bob
South,Laptop,8418,25679,Bob
North,Headphones,4347,25680,Alice
South,Phone,1592,25681,Alice
East,Laptop,5177,25682,David
South,Phone,2220,25683,David
North,Phone,1382,25684,Charlie
East,Phone,623,25685,David
East,Phone,3990,25686,Bob
South,Phone,6297,25687,Bob
West,Tablet,1102,25688,Bob
East,Laptop,4331,25689,Bob
North,Headphones,5960,25690,Alice
West,Headphones,8996,25691,Bob
West,Tablet,7446,25692,Bob
East,Headphones,3728,25693,Bob
South,Headphones,9943,25694,Emma
West,Headphones,9628,25695,Charlie
South,Laptop,7008,25696,Charlie
East,Headphones,2813,25697,Bob
North,Laptop,3789,25698,Bob
West,Headphones,7496,25699,Charlie
North,Headphones,5344,25700,David
South,Laptop,2698,25701,Emma
South,Tablet,9377,25702,Emma
North,Headphones,4735,25703,David
East,Phone,8746,25704,Bob
East,Phone,3712,25705,Charlie
West,Tablet,4669,25706,Emma
West,Phone,3706,25707,David
East,Laptop,1141,25708,David
East,Headphones,5339,25709,Alice
North,Headphones,6669,25710,David
South,Headphones,8155,25711,Alice
South,Headphones,561,25712,Alice
West,Phone,1723,25713,Emma
East,Phone,992,25714,Bob
North,Phone,7322,25715,Bob
West,Laptop,7111,25716,David
North,Phone,1639,25717,Charlie
East,Phone,5990,25718,Charlie
East,Headphones,7294,25719,Alice
East,Phone,1755,25720,David
South,Tablet,2995,25721,David
East,Tablet,3785,25722,Bob
West,Headphones,2755,25723,Charlie
South,Phone,9693,25724,Emma
North,Tablet,1625,25725,David
West,Tablet,4381,25726,David
West,Laptop,4605,25727,Bob
North,Headphones,1646,25728,Emma
South,Tablet,1286,25729,Emma
West,Tablet,758,25730,Emma
West,Headphones,4349,25731,Emma
West,Phone,6930,25732,Charlie
South,Headphones,6674,25733,Alice
South,Laptop,5116,25734,Emma
South,Laptop,8680,25735,Alice
West,Laptop,1215,25736,Alice
East,Tablet,2143,25737,Bob
North,Phone,623,25738,Emma
East,Laptop,2273,25739,Charlie
South,Headphones,9613,25740,Bob
West,Laptop,2677,25741,Bob
West,Tablet,7389,25742,Alice
East,Laptop,2003,25743,David
East,Phone,6161,25744,Charlie
North,Laptop,7594,25745,Emma
West,Phone,2624,25746,Emma
East,Phone,3754,25747,Charlie
North,Headphones,2913,25748,Emma
South,Phone,4887,25749,David
East,Tablet,6589,25750,David
South,Tablet,6333,25751,Emma
North,Phone,656,25752,Bob
South,Phone,9815,25753,Emma
West,Laptop,5503,25754,Emma
West,Laptop,6253,25755,Charlie
South,Headphones,1417,25756,David
West,Laptop,6753,25757,Bob
North,Tablet,2202,25758,Charlie
West,Laptop,2165,25759,Charlie
South,Headphones,5889,25760,Bob
South,Headphones,7663,25761,Bob
South,Phone,6307,25762,Charlie
East,Headphones,2611,25763,Emma
South,Phone,4214,25764,Bob
North,Tablet,7483,25765,Alice
West,Tablet,5610,25766,Bob
West,Laptop,2897,25767,Charlie
East,Headphones,5954,25768,Alice
East,Tablet,2055,25769,Charlie
North,Phone,5002,25770,David
South,Headphones,843,25771,David
East,Headphones,2044,25772,Emma
West,Phone,4496,25773,Bob
East,Headphones,7348,25774,Charlie
East,Headphones,8730,25775,Alice
South,Tablet,4882,25776,Bob
East,Phone,8546,25777,Emma
North,Tablet,5486,25778,Charlie
West,Phone,3923,25779,Charlie
South,Laptop,9720,25780,David
West,Headphones,735,25781,Emma
North,Headphones,8493,25782,Charlie
North,Tablet,9660,25783,David
East,Headphones,5724,25784,David
East,Headphones,1730,25785,Alice
East,Tablet,738,25786,Emma
West,Tablet,5424,25787,Emma
North,Phone,551,25788,Charlie
South,Laptop,1556,25789,Alice
East,Tablet,8713,25790,Bob
West,Phone,8998,25791,Charlie
East,Tablet,8109,25792,David
North,Phone,3109,25793,Bob
South,Laptop,4100,25794,Bob
North,Phone,2465,25795,Charlie
West,Phone,7032,25796,Alice
East,Headphones,4078,25797,Emma
North,Tablet,6061,25798,Alice
West,Phone,3043,25799,Charlie
East,Tablet,1004,25800,Emma
South,Phone,8828,25801,Bob
North,Headphones,5584,25802,David
East,Headphones,9994,25803,Alice
East,Laptop,4514,25804,Emma
East,Phone,6807,25805,Alice
East,Headphones,4114,25806,Emma
North,Tablet,5642,25807,David
East,Phone,6571,25808,Charlie
West,Phone,5306,25809,Charlie
North,Laptop,1006,25810,Emma
East,Tablet,4503,25811,Emma
North,Laptop,9399,25812,Charlie
West,Phone,8111,25813,Bob
West,Laptop,2207,25814,Bob
North,Phone,8993,25815,Bob
East,Phone,2944,25816,David
East,Laptop,9009,25817,Emma
West,Laptop,6406,25818,Alice
East,Phone,3455,25819,Alice
West,Laptop,3427,25820,Emma
East,Laptop,1357,25821,Charlie
West,Phone,3220,25822,Emma
South,Tablet,3522,25823,Bob
East,Laptop,9368,25824,Bob
East,Laptop,878,25825,Alice
East,Headphones,8908,25826,Emma
North,Tablet,6558,25827,Alice
East,Laptop,7918,25828,Charlie
North,Phone,5463,25829,David
North,Headphones,5351,25830,David
West,Headphones,3489,25831,Charlie
North,Headphones,4330,25832,Bob
North,Laptop,5903,25833,Bob
South,Phone,7350,25834,Bob
East,Headphones,9982,25835,Alice
North,Tablet,2439,25836,Alice
East,Headphones,5194,25837,David
North,Headphones,7825,25838,Bob
West,Tablet,8215,25839,Bob
South,Headphones,8927,25840,Charlie
North,Headphones,8127,25841,David
East,Tablet,4695,25842,Alice
West,Laptop,3286,25843,David
East,Tablet,1877,25844,Bob
West,Laptop,3255,25845,Bob
South,Laptop,2583,25846,Alice
West,Laptop,4909,25847,Alice
East,Tablet,7070,25848,David
East,Tablet,5112,25849,Emma
North,Laptop,6607,25850,Bob
West,Tablet,4604,25851,Bob
East,Laptop,4049,25852,Emma
North,Tablet,4652,25853,David
South,Phone,8157,25854,Charlie
East,Tablet,5978,25855,Charlie
North,Tablet,3141,25856,Bob
East,Tablet,5525,25857,Charlie
West,Laptop,8264,25858,David
North,Laptop,2612,25859,Charlie
West,Phone,4000,25860,Alice
South,Phone,6487,25861,David
West,Headphones,8124,25862,Emma
North,Phone,9701,25863,Bob
East,Laptop,2129,25864,David
North,Phone,9541,25865,Charlie
West,Phone,7861,25866,David
West,Tablet,6760,25867,Emma
East,Phone,7422,25868,David
South,Headphones,7666,25869,Emma
North,Tablet,978,25870,Emma
East,Laptop,1810,25871,David
East,Headphones,2643,25872,Bob
East,Laptop,913,25873,Bob
North,Headphones,4436,25874,Charlie
North,Tablet,8687,25875,David
North,Headphones,1894,25876,David
South,Headphones,3123,25877,Alice
East,Phone,2790,25878,Bob
West,Laptop,1138,25879,Emma
West,Tablet,852,25880,Alice
East,Headphones,639,25881,David
West,Laptop,8943,25882,Alice
South,Laptop,9360,25883,Bob
South,Phone,4342,25884,David
North,Laptop,9008,25885,Bob
North,Tablet,4518,25886,Alice
North,Phone,3426,25887,Charlie
North,Headphones,7392,25888,Emma
North,Tablet,7742,25889,Emma
West,Tablet,1552,25890,Charlie
West,Tablet,4063,25891,Charlie
North,Phone,9815,25892,Charlie
South,Laptop,1843,25893,Bob
West,Tablet,1069,25894,David
South,Laptop,8190,25895,Charlie
South,Laptop,4416,25896,Bob
East,Tablet,9692,25897,Alice
East,Laptop,3423,25898,Alice
North,Phone,5045,25899,Charlie
South,Phone,4425,25900,Alice
West,Headphones,3752,25901,Charlie
East,Laptop,8058,25902,Alice
East,Laptop,3892,25903,Alice
South,Headphones,3117,25904,David
East,Phone,6435,25905,David
East,Headphones,4855,25906,Alice
West,Headphones,2513,25907,David
South,Headphones,2427,25908,Charlie
East,Laptop,5832,25909,Emma
South,Laptop,6758,25910,Charlie
East,Laptop,5047,25911,David
West,Laptop,7415,25912,Bob
South,Tablet,4219,25913,Alice
East,Headphones,2182,25914,David
West,Headphones,884,25915,David
East,Laptop,5208,25916,David
South,Phone,3536,25917,Charlie
East,Tablet,7523,25918,Alice
South,Tablet,5152,25919,Emma
South,Phone,4945,25920,David
East,Laptop,889,25921,Bob
West,Tablet,3418,25922,Alice
North,Tablet,2613,25923,Emma
West,Headphones,1642,25924,Bob
West,Headphones,1245,25925,Emma
East,Laptop,6651,25926,Emma
West,Laptop,2230,25927,Alice
West,Headphones,4885,25928,Charlie
North,Headphones,4623,25929,Bob
West,Headphones,3730,25930,David
North,Phone,3014,25931,Emma
East,Tablet,2269,25932,Bob
North,Laptop,8799,25933,Alice
South,Laptop,2986,25934,Bob
South,Phone,4798,25935,David
North,Headphones,9468,25936,David
South,Tablet,8492,25937,Alice
East,Headphones,6944,25938,Bob
South,Laptop,6521,25939,Charlie
North,Phone,6546,25940,Charlie
East,Tablet,9129,25941,Emma
South,Tablet,9726,25942,Emma
East,Tablet,1336,25943,Bob
North,Tablet,5202,25944,Emma
South,Phone,1141,25945,David
East,Laptop,3674,25946,Alice
East,Tablet,2308,25947,Emma
South,Tablet,8153,25948,Charlie
East,Laptop,6753,25949,David
East,Headphones,4375,25950,Charlie
North,Tablet,9334,25951,Emma
North,Tablet,9394,25952,Emma
North,Headphones,3348,25953,David
North,Laptop,4112,25954,Charlie
North,Laptop,7562,25955,Alice
North,Tablet,9540,25956,Alice
South,Laptop,3054,25957,David
North,Headphones,6820,25958,Emma
East,Phone,1962,25959,David
South,Headphones,6462,25960,Charlie
East,Headphones,7311,25961,Alice
North,Phone,1010,25962,Emma
North,Headphones,2656,25963,Charlie
East,Tablet,3419,25964,Alice
East,Tablet,5691,25965,Alice
East,Laptop,7132,25966,Bob
West,Laptop,9424,25967,Emma
West,Headphones,1737,25968,David
West,Tablet,1980,25969,Bob
West,Tablet,2510,25970,Alice
South,Phone,7397,25971,Emma
North,Laptop,6129,25972,Emma
East,Tablet,5257,25973,Bob
North,Headphones,7990,25974,Charlie
East,Tablet,3235,25975,Charlie
North,Laptop,4699,25976,David
South,Headphones,7786,25977,Emma
West,Laptop,6700,25978,Bob
North,Tablet,1077,25979,Alice
East,Tablet,8579,25980,Charlie
North,Tablet,1318,25981,Bob
South,Laptop,7688,25982,David
South,Headphones,4674,25983,David
North,Tablet,2389,25984,Emma
West,Tablet,1058,25985,David
East,Tablet,3433,25986,David
South,Phone,7331,25987,Charlie
South,Phone,6449,25988,Charlie
North,Headphones,8143,25989,David
South,Laptop,569,25990,Emma
South,Tablet,1689,25991,Charlie
East,Tablet,3402,25992,Charlie
West,Laptop,4840,25993,David
East,Laptop,9375,25994,Emma
West,Headphones,6395,25995,David
East,Laptop,8050,25996,Alice
North,Tablet,6197,25997,Alice
South,Headphones,4410,25998,Emma
West,Phone,8762,25999,Alice
North,Headphones,6484,26000,Emma
South,Headphones,8215,26001,Alice
South,Headphones,9954,26002,Bob
South,Laptop,8247,26003,Charlie
East,Tablet,2655,26004,David
North,Laptop,8456,26005,Emma
North,Tablet,2415,26006,Alice
South,Laptop,8418,26007,Bob
West,Headphones,4851,26008,Alice
North,Tablet,7968,26009,Bob
East,Laptop,7567,26010,David
West,Headphones,5764,26011,Charlie
West,Phone,6295,26012,Charlie
West,Laptop,4955,26013,Bob
West,Laptop,8191,26014,Alice
North,Phone,1713,26015,Charlie
South,Laptop,6939,26016,Alice
West,Phone,9552,26017,Emma
East,Tablet,9681,26018,Alice
East,Phone,3423,26019,Emma
South,Headphones,1932,26020,Emma
North,Phone,840,26021,Charlie
South,Tablet,7881,26022,Emma
West,Phone,1698,26023,Alice
North,Phone,4796,26024,David
North,Tablet,8686,26025,Alice
West,Laptop,4693,26026,Bob
East,Laptop,8613,26027,Bob
West,Headphones,9983,26028,Alice
South,Headphones,5434,26029,Bob
West,Phone,9043,26030,David
East,Laptop,7110,26031,Bob
West,Laptop,9993,26032,Charlie
South,Phone,3587,26033,David
South,Tablet,6573,26034,Charlie
East,Laptop,955,26035,Charlie
South,Headphones,6353,26036,David
South,Phone,3750,26037,Charlie
West,Tablet,9849,26038,Bob
North,Headphones,757,26039,Alice
South,Laptop,981,26040,David
South,Tablet,5230,26041,Alice
East,Headphones,1896,26042,David
East,Phone,5918,26043,David
West,Tablet,5671,26044,Charlie
West,Tablet,6573,26045,Alice
South,Phone,7559,26046,Bob
North,Laptop,6955,26047,Alice
North,Laptop,6702,26048,David
West,Tablet,6678,26049,Bob
East,Tablet,1147,26050,Charlie
South,Tablet,2111,26051,Bob
South,Headphones,4384,26052,Bob
North,Tablet,5482,26053,Alice
West,Laptop,4086,26054,David
North,Phone,8173,26055,David
North,Phone,6580,26056,David
West,Phone,1258,26057,Emma
East,Tablet,1132,26058,Charlie
South,Tablet,8348,26059,Alice
East,Phone,829,26060,David
West,Headphones,5946,26061,Bob
West,Headphones,8701,26062,Emma
South,Headphones,1484,26063,Charlie
East,Headphones,1168,26064,David
South,Laptop,941,26065,Emma
North,Phone,3425,26066,Charlie
North,Laptop,4520,26067,Bob
North,Tablet,6177,26068,Emma
East,Headphones,8965,26069,Alice
North,Headphones,5213,26070,Charlie
South,Phone,9718,26071,Emma
East,Headphones,2873,26072,Emma
South,Phone,3626,26073,Charlie
West,Tablet,3433,26074,Emma
East,Headphones,9139,26075,Emma
South,Headphones,3868,26076,Charlie
South,Laptop,7016,26077,Bob
East,Phone,4306,26078,Alice
West,Phone,5755,26079,Charlie
East,Headphones,8566,26080,David
North,Laptop,8761,26081,Emma
North,Headphones,5085,26082,Alice
West,Phone,5098,26083,Alice
South,Phone,6317,26084,Charlie
South,Headphones,616,26085,David
South,Tablet,2313,26086,David
East,Headphones,1403,26087,Bob
East,Laptop,9185,26088,David
West,Phone,6705,26089,Charlie
North,Phone,4358,26090,Alice
South,Headphones,3183,26091,Alice
North,Tablet,4675,26092,David
East,Phone,4230,26093,Emma
East,Headphones,7128,26094,Bob
East,Tablet,5641,26095,David
North,Headphones,5943,26096,Charlie
West,Headphones,2040,26097,Bob
West,Headphones,8588,26098,David
East,Phone,8459,26099,Bob
South,Tablet,1125,26100,Emma
North,Laptop,6472,26101,Charlie
East,Laptop,6662,26102,David
North,Phone,7297,26103,Alice
North,Phone,5358,26104,Charlie
West,Headphones,1337,26105,Emma
East,Headphones,2515,26106,Emma
West,Tablet,5656,26107,Alice
East,Headphones,8763,26108,Charlie
North,Tablet,7734,26109,David
West,Headphones,5248,26110,Alice
North,Headphones,563,26111,David
East,Laptop,8721,26112,Bob
South,Phone,5152,26113,David
West,Tablet,7289,26114,Bob
West,Laptop,7683,26115,David
North,Headphones,2825,26116,Bob
North,Laptop,6350,26117,Charlie
South,Tablet,4872,26118,Emma
West,Phone,6864,26119,Charlie
East,Laptop,5265,26120,Alice
East,Tablet,7691,26121,Charlie
West,Headphones,3379,26122,Charlie
West,Laptop,2688,26123,Emma
West,Phone,3281,26124,Charlie
South,Tablet,2645,26125,Alice
East,Phone,775,26126,Charlie
East,Headphones,1766,26127,Charlie
North,Phone,7076,26128,Charlie
North,Headphones,4604,26129,Charlie
West,Headphones,2819,26130,Emma
North,Laptop,531,26131,Emma
South,Headphones,1351,26132,Alice
East,Phone,9296,26133,Alice
East,Laptop,6368,26134,Alice
North,Headphones,8220,26135,Charlie
West,Tablet,2307,26136,David
North,Tablet,6695,26137,Charlie
West,Headphones,6831,26138,David
South,Laptop,6563,26139,Alice
East,Laptop,7911,26140,Charlie
South,Laptop,4062,26141,Alice
East,Phone,3698,26142,Emma
South,Tablet,5004,26143,Alice
North,Headphones,8485,26144,Charlie
South,Headphones,7234,26145,Emma
South,Tablet,7489,26146,Emma
North,Phone,3447,26147,David
East,Laptop,4623,26148,Bob
East,Tablet,5283,26149,Emma
North,Headphones,6099,26150,Bob
South,Phone,571,26151,Alice
South,Headphones,9828,26152,Alice
South,Laptop,6016,26153,Emma
West,Tablet,8734,26154,David
East,Laptop,4860,26155,Alice
South,Phone,2331,26156,Bob
East,Tablet,545,26157,Emma
South,Laptop,8674,26158,Emma
North,Laptop,7892,26159,David
North,Laptop,6571,26160,Emma
East,Phone,2175,26161,Charlie
East,Laptop,7768,26162,Bob
North,Headphones,6881,26163,Charlie
West,Tablet,7244,26164,Charlie
North,Tablet,9961,26165,Bob
South,Laptop,7334,26166,Emma
West,Phone,3523,26167,Emma
North,Headphones,3290,26168,Charlie
West,Headphones,6843,26169,Bob
West,Tablet,1512,26170,Alice
West,Tablet,5089,26171,Bob
East,Headphones,4007,26172,Charlie
North,Tablet,5302,26173,Bob
East,Laptop,2571,26174,Bob
East,Headphones,8030,26175,Alice
South,Tablet,2817,26176,David
South,Laptop,5847,26177,David
West,Laptop,2675,26178,Alice
West,Headphones,2872,26179,Bob
South,Laptop,7302,26180,Charlie
South,Headphones,5725,26181,Alice
North,Laptop,6728,26182,David
West,Headphones,5621,26183,David
West,Headphones,8550,26184,Alice
South,Headphones,8232,26185,Bob
North,Headphones,5644,26186,Emma
South,Laptop,9750,26187,Charlie
South,Headphones,7312,26188,Emma
East,Tablet,9663,26189,Charlie
West,Laptop,8324,26190,Emma
North,Headphones,5955,26191,Emma
East,Laptop,3004,26192,Charlie
West,Laptop,9590,26193,Charlie
South,Laptop,2002,26194,David
North,Laptop,7542,26195,Bob
West,Headphones,9034,26196,Bob
South,Laptop,4360,26197,David
East,Tablet,8358,26198,Emma
North,Laptop,8019,26199,Charlie
West,Laptop,3360,26200,Alice
East,Tablet,1748,26201,Emma
South,Headphones,7583,26202,Bob
South,Tablet,9900,26203,Charlie
West,Phone,5510,26204,David
South,Tablet,6805,26205,Emma
North,Headphones,6262,26206,Alice
West,Tablet,4890,26207,Emma
East,Laptop,2639,26208,David
West,Headphones,7835,26209,Alice
West,Phone,9248,26210,Emma
East,Headphones,6618,26211,David
South,Laptop,4494,26212,Emma
East,Phone,1652,26213,Charlie
North,Headphones,4244,26214,Emma
South,Headphones,4121,26215,David
West,Laptop,6390,26216,Bob
South,Tablet,9664,26217,David
South,Tablet,4407,26218,Emma
North,Phone,4228,26219,Charlie
South,Laptop,8247,26220,Bob
South,Laptop,3566,26221,David
South,Tablet,9983,26222,Bob
West,Tablet,3360,26223,Charlie
South,Phone,663,26224,Alice
East,Tablet,2214,26225,Bob
South,Phone,3962,26226,David
North,Headphones,1940,26227,Charlie
South,Phone,5813,26228,David
South,Phone,9492,26229,Charlie
West,Phone,6727,26230,David
East,Headphones,3160,26231,Charlie
South,Tablet,2190,26232,Emma
East,Phone,733,26233,David
North,Tablet,2376,26234,Charlie
West,Phone,9653,26235,Alice
East,Tablet,3870,26236,Charlie
West,Phone,6839,26237,Alice
South,Tablet,5609,26238,Bob
North,Laptop,1545,26239,Charlie
West,Headphones,6591,26240,Bob
South,Phone,4981,26241,Bob
East,Headphones,4959,26242,Emma
North,Phone,8533,26243,Charlie
North,Laptop,6917,26244,Emma
East,Laptop,1907,26245,Emma
East,Headphones,707,26246,Bob
North,Phone,4870,26247,David
West,Tablet,7650,26248,Bob
North,Phone,9187,26249,Bob
East,Tablet,1401,26250,Alice
West,Headphones,7583,26251,David
South,Headphones,2249,26252,Bob
North,Laptop,9151,26253,David
East,Tablet,4989,26254,Alice
South,Phone,9608,26255,David
North,Laptop,7082,26256,Charlie
North,Headphones,8530,26257,Alice
West,Laptop,5234,26258,David
East,Phone,5165,26259,Emma
South,Phone,2694,26260,David
North,Headphones,7626,26261,Alice
West,Laptop,1459,26262,Emma
South,Tablet,9085,26263,David
South,Tablet,5038,26264,David
North,Tablet,4558,26265,Alice
South,Phone,5342,26266,Emma
North,Laptop,2677,26267,Emma
West,Tablet,2299,26268,David
West,Laptop,8070,26269,Charlie
South,Headphones,9196,26270,Alice
North,Tablet,1219,26271,Alice
East,Laptop,2487,26272,Bob
West,Phone,6273,26273,Emma
North,Headphones,9566,26274,Emma
North,Headphones,3378,26275,Bob
North,Headphones,9325,26276,David
South,Headphones,2920,26277,David
East,Phone,1824,26278,Alice
South,Phone,1508,26279,David
West,Tablet,9831,26280,Charlie
South,Phone,903,26281,Charlie
North,Phone,6733,26282,Charlie
South,Headphones,9387,26283,Bob
North,Phone,9599,26284,Charlie
East,Headphones,7272,26285,Bob
South,Laptop,7090,26286,Alice
South,Laptop,620,26287,Alice
South,Laptop,6960,26288,Charlie
North,Laptop,6781,26289,Bob
North,Laptop,6362,26290,Charlie
South,Laptop,3365,26291,David
South,Laptop,4231,26292,Bob
East,Headphones,4091,26293,Bob
East,Headphones,4986,26294,Bob
West,Headphones,7672,26295,Bob
East,Headphones,2914,26296,David
East,Phone,9532,26297,Charlie
East,Phone,7135,26298,Alice
North,Tablet,3305,26299,Emma
East,Phone,7165,26300,Emma
East,Headphones,5861,26301,Bob
South,Headphones,1965,26302,Bob
North,Laptop,903,26303,Alice
West,Laptop,7070,26304,Emma
West,Tablet,9104,26305,Bob
East,Phone,4749,26306,David
West,Headphones,6846,26307,Emma
West,Phone,8908,26308,David
West,Tablet,7125,26309,Alice
East,Laptop,9716,26310,Alice
West,Headphones,3313,26311,Emma
East,Laptop,1305,26312,Charlie
South,Headphones,3849,26313,Emma
South,Laptop,7861,26314,David
West,Laptop,3316,26315,Charlie
South,Tablet,9963,26316,David
East,Phone,6731,26317,David
South,Laptop,9125,26318,David
West,Headphones,7920,26319,Bob
East,Phone,9120,26320,Charlie
North,Phone,9879,26321,Bob
East,Laptop,4757,26322,Bob
South,Laptop,2812,26323,David
North,Laptop,2495,26324,Alice
East,Phone,5495,26325,Emma
North,Tablet,2242,26326,Alice
North,Laptop,1655,26327,David
North,Phone,3704,26328,Emma
East,Phone,9085,26329,Emma
South,Headphones,7263,26330,David
East,Laptop,7447,26331,Bob
South,Tablet,7702,26332,Emma
East,Headphones,5317,26333,Emma
East,Laptop,2540,26334,Emma
East,Headphones,2578,26335,Emma
South,Laptop,3364,26336,Charlie
East,Headphones,6329,26337,Bob
North,Tablet,6749,26338,Charlie
East,Headphones,7942,26339,Charlie
North,Headphones,5715,26340,David
West,Headphones,5612,26341,Bob
West,Laptop,7437,26342,Alice
South,Laptop,4756,26343,Bob
South,Tablet,8391,26344,Alice
West,Headphones,6839,26345,Emma
East,Phone,2885,26346,Alice
East,Headphones,5929,26347,Alice
East,Phone,5798,26348,Alice
West,Phone,3805,26349,Emma
North,Headphones,3820,26350,Emma
South,Phone,6775,26351,Charlie
North,Phone,6892,26352,Alice
West,Headphones,4026,26353,Bob
North,Laptop,7142,26354,David
East,Headphones,5414,26355,Charlie
East,Tablet,9963,26356,Alice
North,Phone,1787,26357,Charlie
West,Tablet,5444,26358,Alice
North,Phone,860,26359,Alice
East,Laptop,2474,26360,Charlie
East,Phone,3964,26361,Alice
West,Headphones,2726,26362,Alice
North,Phone,5544,26363,David
East,Tablet,6125,26364,Bob
East,Headphones,2350,26365,Emma
North,Tablet,6432,26366,David
North,Laptop,4405,26367,Emma
South,Tablet,4275,26368,Emma
West,Tablet,1317,26369,Bob
West,Tablet,2646,26370,David
North,Headphones,8274,26371,Alice
West,Laptop,8872,26372,Bob
East,Laptop,7596,26373,Alice
North,Laptop,8333,26374,Alice
North,Tablet,4969,26375,Alice
North,Headphones,6455,26376,Alice
South,Headphones,5219,26377,David
West,Headphones,8350,26378,Emma
South,Tablet,6514,26379,Emma
East,Laptop,5458,26380,David
West,Tablet,6765,26381,Emma
South,Headphones,941,26382,Bob
North,Tablet,8384,26383,Alice
South,Phone,8158,26384,Alice
North,Laptop,9562,26385,Alice
South,Laptop,3712,26386,Charlie
South,Headphones,2396,26387,Bob
South,Tablet,1589,26388,Charlie
North,Headphones,9174,26389,David
South,Tablet,808,26390,Charlie
West,Phone,9284,26391,Emma
West,Laptop,1518,26392,Emma
West,Laptop,4993,26393,Bob
North,Tablet,3761,26394,Charlie
North,Laptop,7584,26395,Charlie
West,Tablet,4790,26396,Alice
West,Headphones,7601,26397,Bob
West,Phone,1857,26398,Alice
East,Tablet,582,26399,Bob
West,Phone,8942,26400,Bob
South,Headphones,9785,26401,Charlie
East,Headphones,5911,26402,Alice
East,Headphones,2887,26403,David
North,Tablet,1908,26404,Alice
South,Phone,9790,26405,David
North,Phone,4228,26406,Emma
North,Laptop,5794,26407,Bob
South,Tablet,9424,26408,Alice
North,Laptop,822,26409,Bob
South,Laptop,2557,26410,Alice
South,Tablet,3560,26411,Emma
North,Laptop,4200,26412,Alice
West,Laptop,6135,26413,Emma
North,Laptop,3884,26414,Bob
East,Headphones,9953,26415,Charlie
North,Tablet,9497,26416,David
South,Headphones,4725,26417,Bob
East,Laptop,3956,26418,Charlie
South,Laptop,4164,26419,Bob
West,Headphones,3596,26420,Bob
West,Laptop,7928,26421,Alice
East,Tablet,8065,26422,Emma
West,Phone,5159,26423,Emma
West,Headphones,648,26424,Alice
North,Phone,6230,26425,Alice
North,Phone,7663,26426,Bob
West,Phone,6762,26427,Emma
West,Headphones,6053,26428,Bob
North,Laptop,1114,26429,Charlie
West,Tablet,8931,26430,Charlie
West,Laptop,1412,26431,Alice
South,Tablet,3513,26432,Emma
West,Laptop,5909,26433,Charlie
East,Phone,658,26434,Emma
South,Phone,1047,26435,Emma
East,Tablet,5632,26436,David
West,Headphones,3400,26437,Charlie
North,Laptop,8174,26438,Charlie
South,Phone,2765,26439,Bob
North,Tablet,9446,26440,Bob
South,Laptop,1234,26441,Emma
North,Tablet,4291,26442,Alice
South,Headphones,4817,26443,Bob
South,Headphones,2424,26444,Bob
East,Laptop,1023,26445,Emma
North,Headphones,6424,26446,Charlie
East,Laptop,9309,26447,Bob
East,Laptop,1360,26448,Alice
North,Headphones,6684,26449,Emma
South,Tablet,7992,26450,Charlie
East,Tablet,6380,26451,David
North,Laptop,8401,26452,Alice
South,Phone,1807,26453,Charlie
East,Laptop,6846,26454,Emma
East,Tablet,3321,26455,David
East,Laptop,4365,26456,Alice
South,Tablet,7425,26457,Bob
East,Headphones,8726,26458,Bob
South,Laptop,2600,26459,Alice
West,Laptop,936,26460,Bob
East,Headphones,3072,26461,Emma
West,Headphones,4862,26462,Alice
North,Phone,808,26463,Alice
East,Headphones,991,26464,Bob
North,Phone,5808,26465,Alice
North,Headphones,1021,26466,David
North,Tablet,2414,26467,Alice
West,Laptop,3425,26468,Bob
South,Headphones,3790,26469,Bob
West,Tablet,3729,26470,Bob
West,Headphones,4077,26471,Bob
North,Laptop,6109,26472,Emma
East,Headphones,3071,26473,Bob
South,Headphones,732,26474,David
North,Laptop,3152,26475,Alice
South,Headphones,6750,26476,Charlie
West,Laptop,1716,26477,Charlie
South,Phone,4039,26478,Emma
South,Headphones,1021,26479,Charlie
East,Tablet,3566,26480,Bob
North,Headphones,840,26481,Charlie
South,Laptop,8750,26482,David
South,Laptop,3753,26483,Bob
West,Tablet,5181,26484,Charlie
West,Tablet,6133,26485,Bob
South,Laptop,742,26486,Emma
North,Phone,727,26487,David
South,Phone,7203,26488,Alice
South,Laptop,3102,26489,Bob
East,Phone,8818,26490,David
North,Tablet,4930,26491,Emma
East,Phone,5353,26492,Emma
North,Tablet,2668,26493,David
North,Headphones,3248,26494,Charlie
North,Tablet,1808,26495,David
East,Headphones,2093,26496,Charlie
East,Tablet,1993,26497,Charlie
East,Tablet,8383,26498,David
West,Phone,5277,26499,Emma
East,Tablet,6938,26500,Alice
West,Laptop,7608,26501,Alice
West,Headphones,8938,26502,David
West,Headphones,1582,26503,Bob
South,Tablet,510,26504,David
South,Laptop,2506,26505,Alice
South,Tablet,4029,26506,David
West,Tablet,2792,26507,Emma
West,Phone,1444,26508,Alice
North,Tablet,9126,26509,Alice
West,Tablet,6748,26510,Alice
South,Phone,2789,26511,Emma
West,Phone,3843,26512,Alice
West,Laptop,3066,26513,Bob
North,Phone,2259,26514,Alice
West,Headphones,5663,26515,David
East,Headphones,4375,26516,Bob
North,Laptop,2728,26517,Charlie
West,Tablet,8959,26518,Alice
West,Laptop,7519,26519,Charlie
North,Phone,4977,26520,Charlie
West,Tablet,6417,26521,Emma
South,Laptop,1014,26522,David
East,Laptop,2243,26523,David
East,Headphones,9621,26524,Charlie
South,Laptop,8356,26525,Emma
West,Tablet,1948,26526,Bob
West,Laptop,4387,26527,Alice
East,Laptop,698,26528,Bob
West,Phone,2280,26529,Alice
East,Laptop,5400,26530,Charlie
East,Tablet,4922,26531,Emma
South,Headphones,6213,26532,Emma
East,Headphones,6243,26533,David
West,Headphones,4004,26534,David
West,Headphones,8172,26535,Bob
North,Phone,3067,26536,David
West,Tablet,9621,26537,Alice
North,Phone,5125,26538,Emma
East,Headphones,7590,26539,Emma
West,Phone,5852,26540,Charlie
South,Laptop,1919,26541,Charlie
South,Tablet,3057,26542,Bob
South,Laptop,8370,26543,Charlie
East,Phone,923,26544,Alice
East,Laptop,649,26545,David
North,Phone,8595,26546,David
South,Phone,638,26547,Bob
North,Tablet,7565,26548,David
North,Tablet,2370,26549,Emma
West,Tablet,2561,26550,David
West,Headphones,8620,26551,Charlie
South,Tablet,8681,26552,Emma
East,Laptop,4780,26553,Charlie
West,Tablet,6196,26554,Charlie
East,Tablet,1242,26555,Bob
North,Tablet,6924,26556,Bob
North,Phone,4681,26557,Emma
North,Phone,8768,26558,David
North,Tablet,2491,26559,Alice
South,Phone,5756,26560,David
North,Phone,4205,26561,Emma
West,Headphones,1516,26562,Alice
North,Laptop,8788,26563,Charlie
East,Phone,1494,26564,Charlie
West,Laptop,7441,26565,Alice
East,Phone,9724,26566,Charlie
East,Tablet,8774,26567,David
South,Phone,5025,26568,Bob
South,Phone,5709,26569,David
East,Laptop,1012,26570,Charlie
East,Tablet,2422,26571,Bob
North,Headphones,2197,26572,David
West,Laptop,2414,26573,Charlie
North,Tablet,5253,26574,David
South,Tablet,7316,26575,Charlie
South,Laptop,9338,26576,Emma
North,Phone,1297,26577,Alice
West,Tablet,8768,26578,Charlie
East,Headphones,6724,26579,David
North,Phone,7197,26580,Charlie
South,Laptop,9433,26581,Charlie
West,Laptop,1725,26582,David
South,Laptop,6066,26583,David
West,Laptop,9656,26584,Bob
West,Headphones,6422,26585,Charlie
West,Headphones,5536,26586,Emma
North,Tablet,9003,26587,Alice
North,Headphones,3146,26588,Charlie
North,Laptop,8184,26589,David
West,Headphones,3231,26590,Bob
West,Phone,9324,26591,Charlie
South,Phone,5194,26592,Emma
East,Tablet,6045,26593,David
North,Laptop,4181,26594,Emma
West,Headphones,914,26595,Emma
South,Tablet,9463,26596,Alice
South,Tablet,4979,26597,Alice
South,Headphones,7699,26598,Charlie
North,Tablet,9178,26599,Alice
North,Laptop,8032,26600,Charlie
East,Headphones,6907,26601,Charlie
South,Phone,7809,26602,David
North,Phone,8721,26603,David
South,Headphones,8821,26604,Bob
West,Tablet,8445,26605,Alice
South,Tablet,5689,26606,Bob
East,Phone,4714,26607,Emma
North,Phone,2874,26608,Charlie
West,Laptop,4483,26609,Charlie
North,Tablet,707,26610,David
West,Laptop,8639,26611,Emma
South,Phone,9673,26612,Charlie
South,Phone,4802,26613,Charlie
East,Phone,7411,26614,Emma
East,Phone,7190,26615,Emma
West,Laptop,611,26616,Charlie
East,Phone,7653,26617,Emma
East,Headphones,5209,26618,Alice
East,Tablet,5540,26619,Emma
East,Phone,1909,26620,Bob
South,Tablet,9397,26621,Bob
East,Phone,6372,26622,Charlie
South,Laptop,8632,26623,Charlie
South,Tablet,6775,26624,David
North,Laptop,7493,26625,Emma
South,Phone,4699,26626,Bob
South,Headphones,3100,26627,David
East,Headphones,5357,26628,Charlie
South,Headphones,8306,26629,Alice
West,Headphones,7305,26630,Emma
East,Headphones,7998,26631,David
East,Laptop,5539,26632,Alice
East,Headphones,9539,26633,Charlie
North,Phone,3443,26634,Bob
East,Laptop,8567,26635,David
South,Laptop,8860,26636,David
West,Headphones,7200,26637,Charlie
East,Tablet,1484,26638,Charlie
East,Phone,1607,26639,Bob
West,Laptop,8798,26640,Bob
East,Phone,7932,26641,Bob
North,Tablet,4842,26642,Alice
South,Laptop,2053,26643,Alice
West,Phone,2502,26644,Charlie
West,Headphones,8604,26645,David
North,Laptop,997,26646,Alice
South,Laptop,5449,26647,Charlie
North,Laptop,1921,26648,Alice
South,Laptop,3974,26649,Bob
North,Headphones,6480,26650,Charlie
East,Tablet,4873,26651,Bob
North,Tablet,9233,26652,Emma
West,Phone,7810,26653,David
West,Headphones,9480,26654,Bob
West,Headphones,9047,26655,David
North,Phone,6143,26656,Charlie
West,Headphones,9918,26657,Emma
West,Headphones,8941,26658,David
East,Laptop,6678,26659,Alice
East,Laptop,1031,26660,Charlie
South,Laptop,9250,26661,Emma
South,Headphones,2119,26662,Alice
South,Headphones,1791,26663,Alice
North,Tablet,3624,26664,Emma
South,Laptop,5380,26665,Bob
North,Phone,4613,26666,Emma
North,Headphones,9819,26667,Emma
South,Laptop,4411,26668,Emma
South,Tablet,7659,26669,David
North,Laptop,1607,26670,Bob
East,Tablet,5927,26671,Charlie
West,Tablet,5770,26672,Alice
West,Headphones,6996,26673,David
West,Tablet,2187,26674,Bob
East,Tablet,6487,26675,Emma
North,Phone,4971,26676,David
South,Tablet,6181,26677,David
North,Phone,3975,26678,Alice
North,Phone,3077,26679,Charlie
South,Laptop,3032,26680,Bob
East,Laptop,4717,26681,Bob
West,Headphones,7437,26682,Bob
West,Headphones,2529,26683,Emma
North,Headphones,9835,26684,Emma
East,Tablet,6458,26685,David
West,Laptop,5918,26686,Charlie
East,Tablet,6690,26687,Alice
South,Laptop,8264,26688,Alice
North,Tablet,5319,26689,Charlie
North,Headphones,6419,26690,Bob
East,Laptop,8909,26691,Charlie
West,Laptop,3310,26692,Alice
East,Phone,3915,26693,Emma
South,Laptop,6452,26694,Charlie
West,Laptop,5933,26695,David
West,Tablet,2216,26696,Emma
East,Headphones,8397,26697,David
South,Phone,789,26698,David
West,Tablet,5197,26699,Charlie
North,Laptop,1109,26700,David
South,Tablet,2853,26701,Bob
West,Headphones,8145,26702,Charlie
East,Phone,1035,26703,Alice
West,Tablet,3791,26704,Bob
North,Laptop,4257,26705,Emma
South,Tablet,9448,26706,Charlie
West,Laptop,7657,26707,Alice
North,Phone,4349,26708,Alice
West,Phone,8569,26709,Charlie
West,Tablet,9045,26710,Bob
South,Phone,5330,26711,Alice
East,Headphones,4830,26712,Charlie
East,Tablet,8997,26713,Charlie
North,Laptop,5729,26714,David
North,Tablet,3495,26715,Charlie
North,Laptop,7470,26716,Alice
South,Phone,2714,26717,David
East,Laptop,9901,26718,Alice
North,Laptop,775,26719,Bob
North,Laptop,6653,26720,Bob
West,Laptop,7053,26721,Alice
West,Headphones,8838,26722,Emma
North,Laptop,4048,26723,Emma
West,Tablet,7472,26724,Emma
West,Headphones,1351,26725,Alice
West,Laptop,5023,26726,Charlie
South,Laptop,9179,26727,David
North,Laptop,2053,26728,Charlie
North,Headphones,2261,26729,Alice
West,Laptop,9275,26730,Charlie
South,Laptop,7299,26731,Bob
West,Laptop,4810,26732,David
South,Phone,5105,26733,Alice
North,Tablet,9202,26734,David
West,Laptop,8256,26735,Emma
North,Tablet,4313,26736,Emma
South,Phone,6391,26737,Bob
East,Phone,7388,26738,Alice
South,Laptop,6694,26739,Emma
East,Tablet,8647,26740,David
North,Headphones,3702,26741,David
North,Laptop,842,26742,Bob
West,Headphones,8245,26743,Emma
East,Phone,1923,26744,Charlie
South,Phone,8837,26745,Emma
North,Tablet,5057,26746,Bob
East,Headphones,9607,26747,Emma
South,Headphones,7147,26748,Alice
East,Laptop,2411,26749,Bob
South,Tablet,1839,26750,Charlie
South,Tablet,2746,26751,David
South,Headphones,6946,26752,Emma
South,Phone,3451,26753,David
East,Tablet,997,26754,Bob
East,Phone,1290,26755,David
West,Laptop,8701,26756,Alice
East,Tablet,3598,26757,Bob
East,Tablet,8684,26758,Bob
West,Laptop,3316,26759,Emma
East,Tablet,826,26760,Bob
South,Headphones,1382,26761,Alice
North,Headphones,2171,26762,Emma
North,Laptop,5502,26763,Alice
West,Phone,9429,26764,Charlie
East,Phone,2674,26765,Emma
East,Tablet,5735,26766,Bob
West,Phone,1423,26767,Bob
North,Phone,4766,26768,Bob
South,Laptop,8612,26769,Charlie
East,Phone,3324,26770,Alice
West,Phone,5607,26771,Bob
South,Phone,7369,26772,David
West,Headphones,6220,26773,Bob
West,Headphones,9845,26774,Emma
West,Laptop,2570,26775,Emma
North,Tablet,7846,26776,David
North,Laptop,7044,26777,Charlie
West,Tablet,5100,26778,Emma
East,Tablet,1420,26779,Charlie
South,Phone,6591,26780,Charlie
East,Phone,3982,26781,David
North,Laptop,6972,26782,Emma
South,Laptop,1943,26783,Bob
West,Laptop,3301,26784,Charlie
East,Headphones,2275,26785,Charlie
East,Headphones,8720,26786,Emma
West,Headphones,2792,26787,Emma
East,Headphones,4203,26788,David
North,Headphones,1325,26789,Alice
West,Phone,8211,26790,Alice
East,Tablet,4241,26791,Alice
West,Headphones,8830,26792,Charlie
South,Laptop,4952,26793,David
West,Tablet,2759,26794,Alice
East,Headphones,1662,26795,Emma
North,Headphones,3939,26796,Charlie
West,Phone,3033,26797,Charlie
West,Phone,6112,26798,Emma
East,Phone,8430,26799,David
North,Headphones,2725,26800,David
North,Phone,4172,26801,Alice
South,Headphones,2660,26802,Emma
South,Tablet,8974,26803,Bob
East,Tablet,9831,26804,David
North,Headphones,2297,26805,Alice
North,Laptop,9882,26806,Charlie
South,Headphones,1744,26807,David
South,Tablet,7569,26808,Bob
East,Tablet,8393,26809,Charlie
North,Headphones,4908,26810,Charlie
West,Headphones,2430,26811,Emma
South,Headphones,3018,26812,Emma
East,Tablet,547,26813,David
North,Laptop,633,26814,Bob
North,Headphones,6175,26815,Emma
South,Tablet,2864,26816,Alice
East,Headphones,4009,26817,Charlie
West,Tablet,7653,26818,Alice
South,Headphones,4594,26819,Charlie
East,Tablet,3037,26820,Alice
North,Headphones,8496,26821,Charlie
West,Phone,6484,26822,Emma
East,Headphones,2971,26823,Alice
West,Tablet,2934,26824,David
East,Headphones,5521,26825,David
East,Laptop,4835,26826,Bob
East,Headphones,4022,26827,Bob
East,Headphones,2805,26828,Bob
West,Headphones,5787,26829,Alice
South,Laptop,1163,26830,Charlie
West,Laptop,6181,26831,Bob
East,Laptop,7943,26832,Emma
West,Phone,6444,26833,David
West,Laptop,8274,26834,David
West,Phone,5349,26835,Emma
East,Headphones,4700,26836,David
West,Phone,7597,26837,Alice
North,Headphones,5522,26838,Emma
East,Phone,3992,26839,Alice
West,Laptop,5968,26840,David
North,Laptop,8439,26841,Emma
West,Phone,9645,26842,Emma
South,Phone,2173,26843,Emma
West,Laptop,1842,26844,David
West,Headphones,8931,26845,David
South,Headphones,7070,26846,David
East,Headphones,3549,26847,Bob
South,Headphones,6783,26848,Bob
East,Tablet,4747,26849,Charlie
South,Headphones,7074,26850,Emma
West,Tablet,5831,26851,David
West,Tablet,899,26852,Emma
East,Laptop,2437,26853,Alice
East,Laptop,8873,26854,Alice
North,Phone,1574,26855,David
North,Headphones,3073,26856,Bob
West,Headphones,2897,26857,Charlie
West,Laptop,9773,26858,Bob
North,Laptop,918,26859,Emma
North,Laptop,9852,26860,Bob
East,Phone,1139,26861,David
South,Headphones,2584,26862,Bob
East,Phone,5089,26863,Alice
North,Tablet,858,26864,David
West,Tablet,2303,26865,David
North,Headphones,5704,26866,David
West,Laptop,8389,26867,Bob
West,Laptop,1038,26868,Alice
West,Phone,4939,26869,Bob
West,Tablet,7388,26870,Emma
South,Tablet,1365,26871,Charlie
North,Headphones,6528,26872,Charlie
East,Tablet,9467,26873,Charlie
West,Laptop,5171,26874,Emma
West,Laptop,1535,26875,Emma
East,Laptop,9052,26876,Emma
East,Headphones,3319,26877,Alice
West,Phone,8987,26878,David
East,Tablet,1926,26879,Emma
East,Headphones,5994,26880,Charlie
South,Phone,1192,26881,Charlie
East,Headphones,8093,26882,Bob
North,Tablet,1567,26883,David
North,Laptop,1632,26884,Emma
North,Phone,9813,26885,David
West,Phone,8112,26886,Emma
North,Headphones,9933,26887,Charlie
South,Headphones,1446,26888,David
North,Laptop,2115,26889,David
West,Headphones,8754,26890,Emma
South,Tablet,6215,26891,Emma
North,Tablet,6569,26892,David
South,Tablet,893,26893,Emma
South,Tablet,8034,26894,David
West,Laptop,7922,26895,Bob
West,Laptop,6702,26896,David
South,Laptop,1019,26897,Alice
North,Headphones,888,26898,David
West,Laptop,1087,26899,Bob
South,Phone,3997,26900,Bob
East,Phone,8169,26901,Charlie
East,Phone,3071,26902,Charlie
West,Headphones,8971,26903,Alice
North,Headphones,7208,26904,Emma
East,Laptop,9496,26905,Emma
East,Tablet,8766,26906,Bob
East,Phone,3485,26907,Bob
North,Headphones,1209,26908,Charlie
North,Phone,4162,26909,Bob
West,Laptop,5130,26910,David
West,Headphones,1930,26911,David
East,Tablet,5491,26912,Alice
North,Tablet,5567,26913,David
South,Headphones,9338,26914,Alice
East,Tablet,2538,26915,Charlie
West,Laptop,4633,26916,David
North,Tablet,5851,26917,Alice
West,Phone,2715,26918,Emma
West,Phone,3856,26919,Alice
North,Phone,602,26920,David
East,Headphones,8836,26921,Alice
North,Headphones,9446,26922,Charlie
East,Headphones,7303,26923,Bob
West,Headphones,4961,26924,Emma
North,Headphones,6796,26925,Charlie
South,Laptop,7065,26926,Emma
East,Headphones,6962,26927,Emma
South,Tablet,582,26928,Alice
East,Laptop,8463,26929,Bob
North,Headphones,6490,26930,Alice
South,Tablet,6252,26931,Alice
North,Laptop,6722,26932,David
East,Phone,4168,26933,Alice
East,Laptop,2115,26934,Bob
East,Headphones,4746,26935,Charlie
East,Laptop,2562,26936,Alice
West,Laptop,9471,26937,Bob
East,Phone,8055,26938,Alice
South,Laptop,1558,26939,Emma
East,Laptop,2898,26940,Alice
North,Phone,2830,26941,David
West,Headphones,2259,26942,Emma
South,Tablet,927,26943,Bob
West,Laptop,5877,26944,Alice
West,Phone,5529,26945,Emma
West,Laptop,4376,26946,Emma
North,Headphones,2616,26947,Charlie
West,Headphones,1059,26948,Emma
West,Phone,5941,26949,Bob
East,Tablet,3117,26950,Alice
North,Tablet,1089,26951,Emma
South,Laptop,998,26952,Bob
South,Phone,6847,26953,Charlie
South,Tablet,8404,26954,Alice
North,Headphones,9824,26955,David
South,Tablet,7932,26956,Emma
North,Phone,6456,26957,Emma
East,Headphones,4983,26958,Charlie
East,Laptop,9107,26959,Bob
North,Headphones,5496,26960,Charlie
South,Tablet,2091,26961,Bob
North,Tablet,4907,26962,Alice
North,Tablet,4383,26963,Emma
West,Laptop,2107,26964,David
North,Tablet,4224,26965,Charlie
West,Phone,8055,26966,David
East,Laptop,702,26967,David
West,Headphones,4354,26968,Emma
North,Tablet,8801,26969,Emma
East,Phone,1268,26970,David
West,Phone,638,26971,Alice
North,Laptop,720,26972,David
East,Phone,7856,26973,Bob
West,Laptop,9552,26974,Bob
North,Laptop,4427,26975,Bob
North,Laptop,2887,26976,Bob
South,Headphones,3025,26977,Charlie
South,Headphones,5554,26978,Alice
West,Phone,7456,26979,Charlie
West,Headphones,2109,26980,Charlie
West,Laptop,5943,26981,Bob
North,Laptop,698,26982,Alice
West,Headphones,6484,26983,Alice
North,Phone,9852,26984,David
West,Laptop,1869,26985,Charlie
North,Headphones,4071,26986,Alice
North,Tablet,988,26987,Emma
South,Phone,4040,26988,Charlie
East,Phone,9556,26989,Alice
North,Phone,2680,26990,Emma
West,Tablet,3828,26991,Emma
South,Laptop,4134,26992,Emma
West,Phone,1155,26993,Bob
West,Headphones,6486,26994,David
North,Phone,735,26995,David
North,Headphones,1488,26996,Alice
East,Phone,1882,26997,Alice
North,Headphones,9506,26998,David
North,Headphones,6129,26999,Emma
East,Headphones,2986,27000,Alice
West,Tablet,2165,27001,Bob
East,Tablet,4486,27002,Bob
East,Tablet,8686,27003,David
East,Laptop,2323,27004,Alice
South,Headphones,6328,27005,Alice
West,Laptop,5930,27006,Emma
South,Tablet,5836,27007,Alice
South,Headphones,4588,27008,David
North,Laptop,1110,27009,Alice
East,Tablet,4368,27010,Alice
East,Laptop,4825,27011,Bob
South,Laptop,4935,27012,David
North,Tablet,2663,27013,Charlie
North,Headphones,8762,27014,David
North,Phone,2249,27015,David
West,Phone,5445,27016,Charlie
South,Laptop,5672,27017,Charlie
West,Laptop,841,27018,Bob
North,Laptop,5183,27019,Emma
North,Headphones,4331,27020,David
North,Laptop,2879,27021,David
East,Laptop,6605,27022,David
South,Laptop,4369,27023,David
East,Tablet,6568,27024,Bob
West,Phone,2939,27025,David
East,Phone,8406,27026,Charlie
South,Tablet,8357,27027,Charlie
East,Headphones,5929,27028,Alice
North,Headphones,971,27029,Bob
West,Headphones,8559,27030,Alice
West,Tablet,4265,27031,David
North,Phone,8326,27032,Bob
North,Phone,8412,27033,Bob
North,Laptop,9345,27034,Emma
South,Phone,961,27035,Emma
East,Headphones,1673,27036,Alice
West,Headphones,2167,27037,Alice
East,Laptop,3821,27038,Charlie
North,Laptop,9331,27039,Charlie
North,Phone,4869,27040,Charlie
East,Laptop,9173,27041,Bob
West,Laptop,8773,27042,David
South,Tablet,4626,27043,Alice
East,Phone,3293,27044,Charlie
North,Headphones,9799,27045,Bob
North,Tablet,6685,27046,Emma
South,Headphones,4285,27047,David
East,Laptop,750,27048,Emma
South,Laptop,2120,27049,Emma
South,Headphones,8957,27050,David
West,Tablet,521,27051,Bob
West,Tablet,2623,27052,Emma
North,Tablet,2010,27053,Bob
East,Laptop,4352,27054,Emma
West,Phone,5275,27055,Charlie
North,Laptop,7508,27056,David
East,Headphones,3922,27057,Alice
North,Tablet,8931,27058,David
West,Phone,8742,27059,Emma
North,Tablet,3507,27060,Emma
East,Laptop,9167,27061,Charlie
East,Phone,656,27062,Charlie
North,Phone,6842,27063,David
East,Laptop,8098,27064,Alice
North,Tablet,5261,27065,David
East,Tablet,2519,27066,Alice
North,Tablet,5737,27067,Bob
North,Laptop,8423,27068,Emma
North,Headphones,4670,27069,Bob
South,Headphones,5547,27070,David
East,Tablet,2914,27071,Alice
West,Phone,2655,27072,Alice
North,Headphones,4257,27073,Bob
South,Tablet,592,27074,Charlie
West,Headphones,6743,27075,Charlie
North,Tablet,9362,27076,Bob
West,Headphones,2643,27077,Charlie
South,Headphones,8923,27078,Alice
West,Phone,6471,27079,David
North,Phone,2102,27080,Charlie
West,Headphones,3451,27081,Alice
West,Tablet,1810,27082,David
North,Phone,8467,27083,Alice
South,Laptop,6746,27084,Emma
South,Phone,658,27085,David
West,Headphones,4278,27086,Emma
East,Headphones,2086,27087,Charlie
West,Laptop,877,27088,Charlie
East,Phone,3795,27089,Alice
West,Headphones,9405,27090,Bob
South,Laptop,9429,27091,Alice
West,Laptop,3000,27092,Emma
West,Tablet,2363,27093,David
East,Phone,8388,27094,Bob
South,Phone,991,27095,Alice
East,Phone,8613,27096,Emma
West,Headphones,8001,27097,Emma
North,Laptop,7910,27098,Charlie
West,Tablet,8231,27099,Alice
West,Phone,1445,27100,Alice
East,Tablet,9393,27101,Emma
North,Tablet,2984,27102,Alice
North,Laptop,3255,27103,Charlie
East,Phone,8128,27104,Bob
South,Tablet,8317,27105,Emma
North,Phone,3533,27106,Charlie
North,Phone,889,27107,Charlie
East,Phone,8334,27108,David
South,Tablet,9935,27109,Bob
South,Laptop,3847,27110,Charlie
West,Laptop,511,27111,David
West,Tablet,2120,27112,David
East,Headphones,8740,27113,Alice
South,Phone,6653,27114,Charlie
East,Phone,8678,27115,Emma
West,Laptop,8952,27116,Alice
East,Tablet,9011,27117,Bob
East,Tablet,2427,27118,Emma
North,Headphones,7313,27119,Emma
North,Headphones,3332,27120,David
North,Laptop,7478,27121,Charlie
West,Headphones,4616,27122,David
East,Headphones,515,27123,David
North,Tablet,4366,27124,Charlie
North,Tablet,2845,27125,Charlie
North,Headphones,9632,27126,Charlie
West,Laptop,8950,27127,David
West,Headphones,1563,27128,Charlie
East,Laptop,775,27129,Charlie
East,Headphones,3066,27130,Emma
East,Tablet,5422,27131,David
North,Tablet,2430,27132,Charlie
South,Laptop,4082,27133,David
West,Headphones,1831,27134,Bob
North,Headphones,8566,27135,Alice
North,Laptop,979,27136,Emma
East,Headphones,5009,27137,Emma
East,Phone,3546,27138,David
North,Tablet,1988,27139,Charlie
West,Tablet,8652,27140,David
West,Laptop,2592,27141,Alice
North,Headphones,1329,27142,Emma
South,Laptop,8155,27143,Emma
South,Phone,3200,27144,Alice
West,Headphones,8835,27145,David
East,Phone,5430,27146,Emma
South,Laptop,3304,27147,Charlie
South,Tablet,8490,27148,David
East,Phone,6836,27149,Charlie
South,Headphones,9475,27150,Bob
North,Laptop,6516,27151,Alice
South,Laptop,4773,27152,Emma
East,Laptop,6961,27153,Alice
North,Tablet,8058,27154,Alice
South,Laptop,2698,27155,Charlie
West,Laptop,9302,27156,Emma
North,Tablet,9232,27157,Bob
North,Laptop,7875,27158,Alice
West,Laptop,8389,27159,Charlie
West,Phone,912,27160,Charlie
South,Laptop,7756,27161,Emma
South,Tablet,6368,27162,David
East,Phone,5877,27163,David
East,Laptop,6227,27164,Bob
North,Tablet,1927,27165,Charlie
West,Headphones,4010,27166,David
West,Laptop,2137,27167,Alice
East,Headphones,5076,27168,Bob
North,Phone,8871,27169,Alice
North,Tablet,3896,27170,David
East,Phone,5177,27171,Charlie
East,Headphones,6025,27172,David
East,Headphones,7622,27173,Bob
South,Headphones,2142,27174,Bob
North,Tablet,1794,27175,Alice
North,Headphones,4036,27176,Alice
North,Headphones,8287,27177,Bob
East,Tablet,9055,27178,Alice
East,Headphones,2616,27179,Emma
East,Laptop,3061,27180,Bob
East,Headphones,6539,27181,Alice
West,Tablet,7900,27182,David
East,Headphones,8368,27183,Charlie
South,Tablet,6765,27184,Emma
West,Headphones,3042,27185,Emma
West,Laptop,7220,27186,Charlie
East,Tablet,4520,27187,Charlie
North,Tablet,1383,27188,David
East,Tablet,1672,27189,Charlie
North,Tablet,7538,27190,Emma
East,Headphones,6095,27191,David
East,Headphones,5174,27192,Charlie
North,Laptop,8238,27193,David
North,Laptop,8804,27194,David
North,Headphones,7188,27195,Alice
North,Phone,7042,27196,Charlie
South,Tablet,9483,27197,Alice
North,Headphones,1815,27198,Emma
East,Laptop,3733,27199,David
East,Tablet,550,27200,Emma
South,Laptop,643,27201,David
North,Phone,4187,27202,Charlie
East,Tablet,6301,27203,Bob
South,Phone,5752,27204,Charlie
East,Phone,6118,27205,David
South,Phone,4985,27206,Bob
South,Headphones,7837,27207,Bob
West,Laptop,8651,27208,Charlie
West,Tablet,8616,27209,Emma
North,Headphones,4230,27210,Charlie
West,Laptop,9440,27211,David
South,Headphones,9566,27212,Emma
East,Laptop,3444,27213,David
East,Tablet,5303,27214,Emma
North,Tablet,1708,27215,Alice
West,Tablet,4233,27216,Emma
North,Tablet,713,27217,Alice
South,Laptop,7066,27218,David
West,Headphones,2318,27219,Charlie
North,Tablet,3994,27220,David
East,Tablet,985,27221,Charlie
East,Tablet,8044,27222,Alice
North,Phone,3515,27223,Charlie
North,Tablet,3979,27224,David
North,Tablet,7429,27225,David
South,Laptop,6914,27226,David
South,Phone,5716,27227,Emma
East,Laptop,5437,27228,David
South,Headphones,3618,27229,Emma
South,Phone,1163,27230,Bob
West,Laptop,1523,27231,Alice
South,Laptop,6816,27232,Bob
West,Headphones,4942,27233,Bob
South,Headphones,736,27234,Emma
East,Tablet,7186,27235,Emma
North,Tablet,3843,27236,Alice
East,Phone,7050,27237,Alice
South,Phone,2625,27238,Alice
North,Headphones,8458,27239,David
North,Phone,3717,27240,David
North,Tablet,2455,27241,Alice
West,Headphones,6655,27242,Emma
East,Laptop,8427,27243,Bob
West,Headphones,728,27244,Alice
North,Phone,5438,27245,Alice
East,Tablet,5560,27246,Bob
East,Tablet,7315,27247,Charlie
South,Laptop,3386,27248,Alice
West,Laptop,7374,27249,Alice
West,Headphones,8105,27250,David
South,Tablet,3319,27251,Bob
West,Laptop,3489,27252,Alice
North,Laptop,9778,27253,Alice
North,Headphones,7638,27254,Charlie
West,Headphones,2493,27255,Bob
South,Tablet,3545,27256,Alice
East,Phone,6693,27257,Charlie
West,Phone,3805,27258,Alice
East,Tablet,2492,27259,Emma
South,Phone,4099,27260,Charlie
East,Tablet,4087,27261,Emma
South,Tablet,1805,27262,Alice
South,Laptop,6863,27263,Charlie
North,Phone,5967,27264,Bob
North,Tablet,4959,27265,David
South,Phone,5587,27266,Alice
West,Phone,1419,27267,Charlie
North,Headphones,8733,27268,Emma
South,Phone,1782,27269,Charlie
East,Tablet,6609,27270,Bob
East,Laptop,2620,27271,Charlie
West,Phone,4996,27272,Emma
East,Tablet,3650,27273,Alice
East,Headphones,5806,27274,Emma
South,Phone,2333,27275,Emma
East,Laptop,8223,27276,Emma
East,Phone,6378,27277,David
East,Tablet,5509,27278,Alice
East,Phone,4362,27279,David
South,Phone,628,27280,Charlie
East,Headphones,1845,27281,Alice
West,Phone,7869,27282,Alice
North,Laptop,7632,27283,Charlie
West,Phone,5142,27284,Charlie
North,Headphones,3723,27285,Emma
West,Tablet,3976,27286,Alice
North,Phone,5597,27287,Bob
North,Phone,8947,27288,Emma
North,Headphones,6222,27289,Alice
North,Headphones,5246,27290,Charlie
South,Headphones,3911,27291,Charlie
West,Phone,575,27292,Bob
North,Laptop,4111,27293,Alice
West,Headphones,8501,27294,David
East,Tablet,9196,27295,Emma
North,Phone,3892,27296,Alice
West,Tablet,5611,27297,David
South,Tablet,6619,27298,Charlie
West,Laptop,2894,27299,Charlie
North,Tablet,1916,27300,David
East,Headphones,8343,27301,David
West,Headphones,8931,27302,Bob
East,Phone,6553,27303,Alice
South,Laptop,2277,27304,Charlie
West,Laptop,6814,27305,Emma
West,Tablet,6264,27306,Charlie
South,Laptop,4658,27307,Alice
South,Tablet,4646,27308,David
South,Tablet,3131,27309,Bob
North,Laptop,5940,27310,Charlie
North,Phone,3889,27311,Bob
West,Tablet,9906,27312,David
West,Headphones,1169,27313,Alice
West,Headphones,4061,27314,Charlie
East,Laptop,6733,27315,Alice
South,Laptop,6041,27316,Emma
West,Tablet,8158,27317,Alice
South,Tablet,9307,27318,David
North,Headphones,5158,27319,David
South,Tablet,7921,27320,Emma
East,Headphones,9822,27321,Alice
East,Tablet,7961,27322,David
South,Phone,6130,27323,David
East,Phone,5855,27324,David
East,Headphones,8512,27325,David
North,Phone,4951,27326,Bob
West,Phone,3164,27327,Charlie
East,Laptop,5362,27328,Bob
West,Tablet,8995,27329,David
South,Laptop,2015,27330,Alice
South,Headphones,1083,27331,Bob
East,Laptop,9058,27332,Emma
South,Headphones,9150,27333,Charlie
North,Phone,619,27334,Alice
East,Laptop,3784,27335,Bob
East,Phone,8408,27336,Charlie
East,Tablet,3754,27337,Bob
South,Phone,4959,27338,Emma
South,Tablet,6065,27339,David
East,Phone,2468,27340,Emma
West,Laptop,3031,27341,David
South,Laptop,9543,27342,Charlie
South,Phone,6889,27343,Bob
East,Headphones,2429,27344,Bob
West,Headphones,2443,27345,Emma
East,Tablet,9455,27346,Alice
South,Tablet,3796,27347,Charlie
East,Phone,5776,27348,David
East,Laptop,6225,27349,Charlie
East,Tablet,1401,27350,Emma
West,Phone,6465,27351,Bob
East,Tablet,3756,27352,David
South,Laptop,6006,27353,David
East,Tablet,9433,27354,David
West,Phone,4053,27355,David
North,Tablet,7932,27356,Charlie
West,Headphones,2193,27357,Charlie
East,Tablet,6995,27358,Emma
North,Laptop,2629,27359,Bob
East,Laptop,4511,27360,Bob
West,Laptop,3752,27361,Charlie
North,Laptop,1865,27362,Emma
North,Phone,8887,27363,Alice
East,Tablet,6703,27364,David
East,Tablet,650,27365,Bob
West,Tablet,5680,27366,David
East,Tablet,5023,27367,Bob
North,Phone,7594,27368,Alice
South,Laptop,830,27369,Bob
South,Tablet,3824,27370,Alice
West,Tablet,9581,27371,Bob
East,Laptop,1454,27372,Charlie
West,Headphones,7900,27373,David
South,Headphones,4949,27374,Emma
South,Laptop,6860,27375,Emma
East,Tablet,2544,27376,Bob
North,Laptop,6145,27377,Emma
East,Tablet,7054,27378,David
South,Tablet,4099,27379,Charlie
North,Headphones,7374,27380,Charlie
West,Headphones,7541,27381,Alice
South,Tablet,5510,27382,Emma
West,Tablet,4490,27383,David
North,Tablet,8348,27384,Emma
West,Headphones,6145,27385,David
South,Tablet,2075,27386,Alice
East,Laptop,5519,27387,Emma
West,Phone,7223,27388,Charlie
South,Phone,6254,27389,Alice
South,Tablet,2713,27390,Emma
North,Laptop,1726,27391,Charlie
South,Tablet,9055,27392,Charlie
East,Laptop,2447,27393,David
East,Headphones,6044,27394,Charlie
West,Headphones,5253,27395,Bob
West,Tablet,4132,27396,Emma
West,Headphones,6088,27397,Emma
West,Tablet,7158,27398,David
East,Phone,9966,27399,Charlie
North,Laptop,5327,27400,David
West,Laptop,6638,27401,Bob
North,Phone,6479,27402,David
South,Phone,9701,27403,Emma
South,Phone,5886,27404,David
West,Phone,5787,27405,Emma
South,Headphones,9387,27406,Alice
North,Laptop,5117,27407,Bob
North,Laptop,2884,27408,Bob
South,Phone,7296,27409,Emma
West,Tablet,4105,27410,Alice
North,Tablet,7533,27411,Charlie
North,Tablet,7247,27412,David
East,Tablet,9344,27413,Charlie
West,Headphones,8436,27414,Alice
East,Laptop,1258,27415,Bob
South,Laptop,1779,27416,Charlie
South,Laptop,941,27417,Alice
East,Tablet,6728,27418,Bob
West,Phone,8216,27419,Charlie
North,Tablet,4693,27420,Bob
South,Laptop,4470,27421,Emma
West,Tablet,2026,27422,Bob
West,Phone,690,27423,Bob
South,Phone,2373,27424,Alice
South,Tablet,8458,27425,Alice
West,Laptop,7868,27426,David
North,Headphones,7989,27427,Alice
East,Laptop,8368,27428,Emma
South,Headphones,8949,27429,Emma
East,Laptop,8846,27430,Bob
West,Tablet,6106,27431,Alice
East,Headphones,4402,27432,David
North,Laptop,7160,27433,Alice
West,Tablet,8585,27434,David
North,Laptop,2912,27435,Bob
West,Phone,523,27436,Emma
North,Phone,7124,27437,Alice
West,Laptop,8458,27438,Alice
North,Tablet,2241,27439,Emma
West,Laptop,3660,27440,Emma
North,Tablet,3871,27441,Charlie
West,Headphones,9752,27442,Charlie
North,Phone,3851,27443,Charlie
South,Headphones,960,27444,Emma
East,Tablet,2617,27445,Charlie
West,Laptop,6856,27446,Alice
North,Phone,2106,27447,Emma
South,Tablet,571,27448,Alice
West,Tablet,6851,27449,Emma
West,Phone,1206,27450,Bob
West,Laptop,2428,27451,Alice
East,Phone,3298,27452,Emma
North,Laptop,9869,27453,David
North,Laptop,8845,27454,Emma
West,Tablet,529,27455,Bob
West,Laptop,5571,27456,Emma
West,Laptop,3811,27457,Bob
South,Phone,7287,27458,Charlie
West,Phone,2374,27459,Alice
East,Laptop,8928,27460,Bob
North,Tablet,9309,27461,David
East,Phone,2071,27462,Alice
West,Headphones,7713,27463,Emma
South,Tablet,2937,27464,Emma
West,Phone,8031,27465,Bob
West,Phone,1081,27466,David
West,Headphones,2754,27467,Bob
West,Laptop,6352,27468,David
West,Phone,1100,27469,Bob
North,Headphones,9670,27470,Charlie
East,Headphones,9206,27471,Charlie
South,Phone,1309,27472,Charlie
West,Tablet,2985,27473,Bob
South,Phone,7898,27474,Alice
North,Headphones,1946,27475,Emma
East,Phone,968,27476,Alice
West,Tablet,1129,27477,Emma
North,Laptop,3882,27478,David
North,Laptop,7038,27479,Charlie
East,Phone,613,27480,Charlie
West,Phone,1725,27481,Emma
East,Headphones,5983,27482,Charlie
East,Tablet,2116,27483,Alice
South,Headphones,3817,27484,Bob
South,Headphones,7851,27485,Charlie
East,Laptop,8080,27486,Charlie
South,Headphones,6916,27487,David
North,Headphones,5140,27488,Bob
East,Laptop,6233,27489,Emma
West,Laptop,6118,27490,Bob
West,Tablet,5313,27491,Bob
North,Tablet,3037,27492,Emma
West,Tablet,3674,27493,Bob
West,Phone,8474,27494,David
East,Laptop,2722,27495,Alice
North,Phone,8521,27496,Bob
East,Phone,551,27497,Alice
North,Tablet,2844,27498,David
East,Laptop,5564,27499,David
East,Phone,6986,27500,Bob
South,Headphones,6330,27501,Charlie
West,Headphones,5195,27502,Bob
North,Laptop,4766,27503,Alice
West,Phone,2158,27504,David
South,Tablet,7868,27505,Alice
North,Phone,5683,27506,Alice
South,Headphones,9578,27507,Emma
West,Headphones,6121,27508,David
East,Tablet,4510,27509,David
South,Laptop,1135,27510,Alice
South,Phone,6921,27511,David
East,Headphones,674,27512,Bob
West,Phone,9748,27513,Emma
South,Tablet,9259,27514,Bob
West,Tablet,6656,27515,Charlie
East,Laptop,8207,27516,Charlie
North,Tablet,7509,27517,Alice
South,Laptop,2643,27518,Charlie
West,Phone,7499,27519,Bob
East,Headphones,1974,27520,Charlie
East,Headphones,5744,27521,Alice
South,Laptop,7748,27522,David
North,Headphones,4602,27523,Emma
South,Laptop,829,27524,Alice
West,Laptop,3173,27525,Alice
East,Phone,5122,27526,Alice
North,Phone,5732,27527,Bob
West,Tablet,7083,27528,David
South,Laptop,1389,27529,Alice
East,Phone,8521,27530,David
South,Laptop,9453,27531,Alice
North,Laptop,9715,27532,Bob
North,Laptop,2180,27533,Alice
North,Phone,6451,27534,Charlie
North,Laptop,9753,27535,Bob
North,Laptop,7366,27536,Alice
South,Tablet,9595,27537,Alice
North,Laptop,633,27538,Alice
North,Tablet,6564,27539,Charlie
East,Laptop,1625,27540,Charlie
North,Tablet,2539,27541,Alice
East,Phone,4688,27542,Charlie
East,Phone,3349,27543,Alice
East,Headphones,3866,27544,Charlie
South,Laptop,3411,27545,David
South,Headphones,3091,27546,Alice
West,Headphones,4783,27547,Alice
West,Tablet,4761,27548,Emma
East,Phone,7634,27549,Emma
South,Laptop,744,27550,Bob
North,Laptop,5628,27551,David
West,Tablet,9871,27552,David
South,Headphones,5425,27553,Bob
North,Tablet,7331,27554,Emma
North,Headphones,2278,27555,Bob
South,Laptop,6810,27556,Emma
West,Tablet,9128,27557,Alice
South,Headphones,6834,27558,Bob
West,Tablet,6406,27559,Charlie
East,Phone,9485,27560,Emma
South,Tablet,9972,27561,Alice
South,Laptop,9141,27562,Charlie
West,Tablet,8168,27563,Charlie
West,Laptop,2454,27564,David
South,Laptop,9306,27565,Emma
North,Tablet,7893,27566,Alice
North,Tablet,9430,27567,Emma
North,Tablet,2131,27568,Alice
East,Phone,5536,27569,Emma
East,Phone,4165,27570,Charlie
West,Headphones,8760,27571,David
East,Tablet,7374,27572,Bob
North,Headphones,1369,27573,Emma
South,Headphones,3691,27574,Charlie
East,Laptop,3619,27575,Bob
East,Headphones,2615,27576,Bob
North,Tablet,7752,27577,Bob
East,Phone,876,27578,Charlie
West,Headphones,2441,27579,Alice
South,Headphones,704,27580,Bob
North,Phone,9436,27581,David
West,Headphones,7554,27582,Alice
North,Tablet,6448,27583,Charlie
West,Headphones,7746,27584,Bob
South,Laptop,4920,27585,Charlie
South,Headphones,2925,27586,Charlie
West,Laptop,4473,27587,Bob
West,Phone,1170,27588,Charlie
West,Phone,3917,27589,David
West,Headphones,3565,27590,David
West,Headphones,2227,27591,Emma
West,Phone,6476,27592,Bob
South,Laptop,4526,27593,Bob
West,Phone,8362,27594,Bob
East,Phone,6564,27595,Emma
South,Laptop,4314,27596,David
North,Phone,2203,27597,David
South,Headphones,8121,27598,Bob
North,Headphones,7930,27599,Charlie
North,Phone,5041,27600,Alice
East,Headphones,553,27601,Alice
West,Tablet,1191,27602,Bob
West,Phone,6566,27603,Bob
South,Tablet,8948,27604,David
West,Phone,3932,27605,David
East,Phone,1333,27606,Charlie
South,Tablet,6294,27607,David
South,Phone,9853,27608,Alice
South,Headphones,4022,27609,Alice
West,Tablet,9164,27610,David
West,Phone,6360,27611,Alice
West,Headphones,2526,27612,Alice
South,Tablet,4048,27613,Alice
South,Tablet,1405,27614,Alice
North,Headphones,6864,27615,Emma
North,Phone,1683,27616,Bob
West,Phone,1588,27617,Charlie
South,Tablet,1692,27618,Emma
West,Laptop,2628,27619,Charlie
West,Phone,5887,27620,Emma
North,Phone,3951,27621,Emma
East,Headphones,831,27622,Charlie
West,Laptop,9903,27623,Bob
East,Laptop,1548,27624,David
East,Tablet,2775,27625,Emma
South,Headphones,5737,27626,Bob
South,Headphones,6885,27627,David
West,Phone,2134,27628,Charlie
North,Tablet,8148,27629,Emma
North,Phone,1002,27630,David
West,Laptop,4069,27631,Bob
West,Headphones,9771,27632,David
North,Tablet,7816,27633,Charlie
East,Phone,5147,27634,David
West,Phone,4518,27635,Alice
East,Laptop,4716,27636,Emma
West,Headphones,6391,27637,Bob
West,Laptop,5731,27638,Bob
East,Phone,8714,27639,Emma
East,Headphones,8348,27640,Emma
North,Headphones,7931,27641,Alice
West,Laptop,979,27642,Alice
South,Headphones,2854,27643,Bob
South,Laptop,5364,27644,David
West,Headphones,1643,27645,Emma
West,Headphones,2833,27646,Alice
West,Tablet,5583,27647,Alice
East,Headphones,8452,27648,Alice
South,Phone,8074,27649,David
South,Tablet,5771,27650,Bob
South,Laptop,3145,27651,Bob
West,Phone,5944,27652,Alice
East,Laptop,6567,27653,David
West,Laptop,1338,27654,David
North,Phone,7913,27655,Bob
North,Laptop,8691,27656,Emma
South,Tablet,5535,27657,Alice
West,Phone,2709,27658,David
North,Laptop,5548,27659,Emma
North,Laptop,2459,27660,Charlie
West,Headphones,775,27661,Alice
East,Headphones,5124,27662,Charlie
West,Laptop,9650,27663,Bob
West,Phone,2341,27664,Bob
East,Tablet,4645,27665,Bob
South,Laptop,6175,27666,David
South,Laptop,7557,27667,David
South,Laptop,8681,27668,Emma
East,Headphones,987,27669,Charlie
North,Phone,2627,27670,Bob
East,Laptop,5905,27671,Bob
West,Headphones,7204,27672,David
East,Laptop,7765,27673,David
North,Laptop,6097,27674,David
North,Phone,2440,27675,Alice
West,Headphones,8235,27676,Charlie
South,Tablet,4850,27677,Charlie
North,Phone,1459,27678,Alice
North,Tablet,7130,27679,Bob
North,Headphones,6292,27680,Emma
West,Headphones,3063,27681,Emma
North,Tablet,963,27682,Bob
South,Headphones,8171,27683,Emma
West,Phone,8707,27684,David
South,Laptop,1418,27685,Charlie
North,Tablet,6587,27686,David
North,Laptop,2113,27687,Emma
South,Tablet,9514,27688,Emma
West,Laptop,2620,27689,Charlie
West,Laptop,3891,27690,David
South,Phone,2381,27691,Charlie
North,Laptop,9431,27692,Emma
East,Tablet,7862,27693,Charlie
South,Laptop,5501,27694,Charlie
South,Headphones,7756,27695,Emma
South,Laptop,4343,27696,Charlie
North,Laptop,9489,27697,David
West,Headphones,6629,27698,Emma
North,Headphones,3710,27699,Charlie
South,Tablet,6016,27700,Bob
North,Headphones,3031,27701,David
North,Headphones,5987,27702,David
South,Tablet,5053,27703,David
North,Tablet,2779,27704,Alice
East,Laptop,7805,27705,Emma
North,Phone,6056,27706,Alice
North,Tablet,654,27707,Charlie
West,Headphones,9807,27708,Emma
West,Laptop,4165,27709,David
South,Headphones,7227,27710,David
South,Tablet,1614,27711,David
West,Phone,1199,27712,David
East,Laptop,8065,27713,Charlie
North,Tablet,7455,27714,Bob
East,Tablet,7609,27715,Emma
East,Headphones,9287,27716,Bob
West,Phone,1513,27717,Emma
South,Tablet,9231,27718,David
North,Headphones,511,27719,Alice
South,Laptop,7974,27720,Charlie
East,Headphones,4959,27721,Emma
East,Laptop,1161,27722,David
South,Headphones,5133,27723,Alice
South,Phone,7881,27724,David
West,Headphones,6074,27725,Charlie
South,Phone,6371,27726,Alice
South,Phone,9937,27727,Emma
West,Laptop,1079,27728,Emma
South,Headphones,8953,27729,Emma
East,Headphones,995,27730,Emma
South,Headphones,4725,27731,Alice
North,Phone,6434,27732,Charlie
East,Tablet,2636,27733,Alice
West,Headphones,5563,27734,Emma
East,Headphones,5951,27735,Charlie
West,Tablet,9321,27736,Bob
North,Laptop,9197,27737,Bob
North,Headphones,7797,27738,Alice
East,Tablet,706,27739,Emma
South,Headphones,3630,27740,Bob
East,Phone,2354,27741,Bob
East,Tablet,6078,27742,David
North,Phone,5764,27743,David
West,Tablet,7977,27744,Charlie
East,Laptop,2160,27745,Charlie
South,Phone,8584,27746,Emma
North,Headphones,8048,27747,Bob
East,Tablet,5479,27748,Alice
East,Headphones,5546,27749,Alice
South,Laptop,8976,27750,David
East,Tablet,1218,27751,Charlie
East,Laptop,9193,27752,Emma
East,Tablet,757,27753,David
East,Phone,5405,27754,David
South,Headphones,3097,27755,Emma
East,Phone,8512,27756,Emma
East,Phone,9931,27757,Bob
East,Phone,7298,27758,Emma
North,Phone,3513,27759,Emma
South,Tablet,5724,27760,David
North,Headphones,5117,27761,David
North,Tablet,5564,27762,Alice
South,Tablet,1387,27763,Alice
North,Tablet,7781,27764,Alice
North,Phone,1244,27765,Emma
North,Laptop,7736,27766,Bob
South,Phone,3936,27767,David
East,Tablet,5663,27768,Charlie
West,Phone,2204,27769,Bob
West,Headphones,8902,27770,Charlie
South,Headphones,4564,27771,Emma
West,Phone,5726,27772,Charlie
South,Phone,2456,27773,Alice
South,Laptop,2202,27774,David
West,Phone,4714,27775,Bob
North,Phone,9177,27776,Alice
East,Laptop,3001,27777,David
West,Phone,5627,27778,Alice
West,Phone,5107,27779,Bob
West,Phone,9758,27780,Emma
West,Phone,7037,27781,Charlie
South,Phone,4556,27782,Emma
South,Tablet,697,27783,Charlie
East,Phone,8131,27784,Charlie
East,Laptop,5463,27785,Bob
West,Phone,8468,27786,Bob
West,Tablet,1815,27787,Emma
West,Laptop,6796,27788,David
East,Laptop,8602,27789,David
West,Phone,5362,27790,Emma
North,Headphones,9873,27791,Charlie
East,Tablet,3841,27792,Bob
North,Headphones,8247,27793,Emma
West,Phone,8948,27794,David
South,Tablet,3062,27795,Charlie
North,Headphones,2167,27796,David
East,Tablet,6814,27797,Charlie
North,Phone,6913,27798,David
East,Tablet,3148,27799,Alice
West,Phone,6234,27800,Charlie
North,Headphones,9328,27801,Charlie
South,Tablet,8699,27802,Charlie
North,Laptop,2079,27803,Alice
South,Phone,8115,27804,Alice
East,Tablet,634,27805,David
West,Laptop,4620,27806,Bob
West,Laptop,3012,27807,David
South,Laptop,6605,27808,Charlie
East,Laptop,7347,27809,Charlie
West,Phone,8548,27810,David
East,Tablet,7045,27811,Emma
South,Laptop,6532,27812,Bob
South,Tablet,1732,27813,Alice
North,Tablet,9645,27814,Bob
West,Headphones,1407,27815,Emma
West,Tablet,6153,27816,David
North,Phone,5658,27817,David
South,Phone,6426,27818,Charlie
South,Laptop,4589,27819,David
South,Tablet,9310,27820,Emma
South,Phone,8279,27821,David
East,Phone,6403,27822,David
West,Phone,7590,27823,Emma
West,Laptop,3344,27824,Alice
South,Phone,4801,27825,Bob
South,Tablet,9388,27826,David
South,Phone,4803,27827,Bob
West,Phone,9096,27828,Bob
West,Laptop,8049,27829,Charlie
South,Tablet,5462,27830,Alice
East,Phone,1357,27831,Bob
North,Tablet,2892,27832,Charlie
North,Tablet,7271,27833,Emma
North,Phone,8059,27834,Emma
West,Laptop,4782,27835,Emma
West,Tablet,519,27836,Emma
North,Headphones,5957,27837,Emma
North,Phone,2920,27838,Charlie
East,Tablet,8423,27839,Alice
West,Tablet,566,27840,Alice
West,Tablet,3633,27841,Charlie
North,Phone,1285,27842,Charlie
East,Headphones,7265,27843,David
East,Tablet,8235,27844,Bob
North,Tablet,2632,27845,Emma
North,Laptop,1918,27846,Bob
West,Phone,4190,27847,David
North,Phone,2047,27848,Alice
South,Tablet,858,27849,Emma
East,Laptop,2062,27850,Alice
North,Tablet,4886,27851,Charlie
South,Tablet,2677,27852,Bob
East,Phone,4310,27853,Alice
South,Laptop,978,27854,David
South,Tablet,1147,27855,Alice
North,Phone,7175,27856,Emma
East,Tablet,763,27857,Emma
South,Tablet,7602,27858,Bob
West,Laptop,8503,27859,Charlie
East,Laptop,4242,27860,Emma
West,Laptop,7146,27861,David
North,Tablet,5700,27862,Bob
West,Headphones,2505,27863,Emma
East,Laptop,3640,27864,David
South,Headphones,9599,27865,Alice
South,Headphones,629,27866,David
East,Headphones,9629,27867,Bob
South,Phone,4218,27868,Emma
West,Tablet,1314,27869,Charlie
South,Laptop,6349,27870,Charlie
South,Tablet,6106,27871,David
West,Tablet,514,27872,David
West,Phone,5805,27873,David
West,Phone,3988,27874,Emma
North,Phone,9398,27875,Charlie
West,Tablet,1202,27876,Charlie
West,Headphones,5341,27877,Bob
North,Tablet,7075,27878,Bob
South,Phone,4631,27879,Alice
West,Tablet,5342,27880,Emma
East,Phone,6660,27881,David
West,Phone,7157,27882,Bob
West,Laptop,6992,27883,Alice
North,Headphones,5999,27884,Alice
East,Phone,3055,27885,Charlie
South,Laptop,4439,27886,Emma
South,Headphones,5451,27887,Emma
East,Phone,3838,27888,David
West,Headphones,9208,27889,Emma
North,Headphones,1297,27890,David
East,Tablet,9176,27891,Emma
East,Laptop,4174,27892,Charlie
South,Headphones,9134,27893,Alice
North,Tablet,7021,27894,Emma
East,Headphones,2153,27895,Emma
North,Tablet,9705,27896,Charlie
West,Phone,9654,27897,Bob
South,Phone,9264,27898,David
West,Tablet,7181,27899,Bob
North,Phone,6499,27900,Alice
West,Phone,1315,27901,Bob
South,Phone,7467,27902,Alice
North,Headphones,1710,27903,David
East,Tablet,3634,27904,Charlie
West,Laptop,5955,27905,Alice
South,Laptop,1054,27906,David
East,Tablet,3292,27907,Charlie
South,Headphones,6365,27908,Bob
North,Phone,6718,27909,Bob
North,Phone,7408,27910,Alice
West,Headphones,4802,27911,Emma
South,Laptop,8352,27912,Emma
South,Tablet,1764,27913,Charlie
South,Tablet,7319,27914,Bob
North,Headphones,9585,27915,David
West,Phone,2804,27916,Charlie
South,Phone,4458,27917,Alice
South,Phone,6036,27918,Alice
East,Tablet,9930,27919,Charlie
South,Laptop,2317,27920,David
West,Tablet,1266,27921,Bob
East,Headphones,1072,27922,Bob
East,Tablet,4963,27923,David
East,Headphones,5820,27924,Bob
North,Tablet,8248,27925,Emma
East,Laptop,1250,27926,Emma
South,Headphones,3311,27927,David
North,Phone,4956,27928,Emma
North,Phone,7854,27929,Charlie
North,Tablet,4054,27930,Bob
North,Tablet,2918,27931,Charlie
North,Laptop,5640,27932,David
North,Laptop,5536,27933,Emma
North,Phone,3488,27934,Charlie
East,Tablet,1354,27935,Charlie
West,Headphones,3350,27936,Alice
South,Laptop,3879,27937,Charlie
South,Headphones,693,27938,Emma
East,Headphones,9438,27939,Bob
East,Laptop,5461,27940,Bob
North,Tablet,5240,27941,Bob
West,Headphones,6132,27942,Emma
North,Tablet,8841,27943,Bob
East,Headphones,8483,27944,Bob
North,Tablet,7649,27945,David
South,Tablet,6253,27946,David
South,Tablet,5397,27947,Alice
North,Tablet,7469,27948,Alice
West,Laptop,5832,27949,Charlie
North,Headphones,7034,27950,Charlie
North,Tablet,8620,27951,Charlie
West,Phone,6290,27952,Alice
West,Headphones,1173,27953,Bob
West,Headphones,4201,27954,Charlie
South,Tablet,1860,27955,Bob
North,Headphones,3567,27956,Bob
East,Phone,1944,27957,Alice
West,Phone,5987,27958,David
West,Phone,5679,27959,David
North,Headphones,3853,27960,Emma
East,Headphones,6880,27961,David
North,Tablet,7281,27962,Charlie
North,Headphones,6560,27963,Alice
West,Headphones,7712,27964,Bob
West,Tablet,6419,27965,Alice
South,Phone,6360,27966,Emma
East,Tablet,2270,27967,Emma
East,Laptop,6410,27968,Emma
West,Headphones,694,27969,Bob
West,Headphones,9266,27970,Emma
West,Laptop,6354,27971,Emma
East,Laptop,6414,27972,Emma
South,Laptop,5186,27973,Bob
East,Tablet,5143,27974,Emma
West,Phone,9080,27975,Charlie
West,Tablet,8374,27976,Alice
South,Laptop,2252,27977,Emma
North,Tablet,1160,27978,Emma
North,Headphones,6115,27979,Alice
East,Tablet,3332,27980,Emma
North,Laptop,8988,27981,Emma
North,Headphones,6113,27982,Charlie
East,Phone,7470,27983,David
West,Tablet,7370,27984,Bob
North,Tablet,830,27985,Bob
West,Laptop,7277,27986,Alice
East,Phone,9976,27987,Charlie
West,Headphones,9770,27988,Bob
West,Laptop,5901,27989,Alice
East,Laptop,7415,27990,Alice
West,Tablet,9566,27991,Alice
North,Phone,4366,27992,Bob
North,Laptop,6613,27993,David
North,Tablet,7926,27994,Alice
North,Headphones,2085,27995,Emma
West,Laptop,3440,27996,David
North,Headphones,6789,27997,David
West,Headphones,6905,27998,Emma
South,Tablet,2002,27999,Bob
West,Phone,1245,28000,Bob
North,Headphones,3112,28001,Charlie
South,Laptop,2008,28002,Bob
East,Phone,2270,28003,Charlie
West,Phone,2461,28004,Alice
North,Tablet,8251,28005,Bob
North,Laptop,4158,28006,Bob
North,Laptop,7477,28007,Emma
East,Tablet,7109,28008,Alice
South,Tablet,965,28009,Charlie
South,Phone,2569,28010,Alice
North,Headphones,2943,28011,David
West,Headphones,9924,28012,Emma
North,Headphones,8836,28013,David
North,Headphones,7063,28014,Charlie
West,Laptop,8016,28015,Bob
North,Laptop,3548,28016,Bob
East,Tablet,4542,28017,Bob
North,Tablet,4639,28018,Charlie
East,Headphones,4702,28019,David
North,Tablet,6624,28020,Charlie
South,Laptop,8273,28021,Charlie
West,Headphones,1787,28022,David
South,Headphones,8801,28023,Bob
North,Laptop,8003,28024,Emma
North,Phone,5319,28025,Charlie
East,Headphones,3290,28026,Charlie
North,Tablet,1361,28027,David
North,Phone,9152,28028,Emma
North,Laptop,1604,28029,Charlie
South,Phone,5874,28030,Alice
East,Phone,1243,28031,Emma
South,Headphones,2910,28032,Charlie
East,Phone,5493,28033,Emma
South,Tablet,9134,28034,Alice
North,Headphones,2333,28035,Alice
South,Laptop,1385,28036,Emma
South,Tablet,4104,28037,Bob
East,Headphones,5857,28038,Emma
East,Phone,7589,28039,David
South,Tablet,3721,28040,Bob
East,Headphones,8843,28041,Alice
East,Headphones,7437,28042,Bob
East,Laptop,2096,28043,Alice
West,Headphones,9642,28044,Alice
East,Laptop,2992,28045,Alice
West,Phone,9423,28046,David
West,Headphones,4833,28047,David
East,Headphones,1038,28048,Charlie
South,Phone,8663,28049,David
East,Headphones,1268,28050,Alice
North,Headphones,3356,28051,Emma
South,Tablet,7405,28052,Bob
West,Laptop,2621,28053,Emma
West,Headphones,6053,28054,Alice
South,Headphones,513,28055,Emma
South,Laptop,5207,28056,Bob
East,Tablet,4990,28057,Charlie
West,Laptop,8882,28058,Charlie
North,Headphones,6493,28059,David
East,Phone,3364,28060,Emma
South,Phone,8105,28061,David
West,Tablet,4602,28062,David
South,Tablet,1604,28063,Emma
South,Headphones,3312,28064,Emma
South,Tablet,6631,28065,Bob
East,Headphones,1151,28066,Emma
North,Phone,7128,28067,Emma
North,Tablet,8331,28068,David
West,Headphones,1301,28069,Charlie
South,Laptop,5044,28070,Alice
North,Tablet,6928,28071,Charlie
South,Headphones,4640,28072,Emma
West,Headphones,2052,28073,Alice
South,Laptop,3292,28074,Emma
North,Phone,3223,28075,Bob
South,Laptop,6076,28076,Emma
North,Headphones,2522,28077,Alice
West,Laptop,5170,28078,Bob
South,Laptop,4688,28079,Alice
North,Headphones,1103,28080,Bob
West,Phone,7528,28081,David
South,Laptop,7650,28082,Alice
West,Laptop,7396,28083,David
North,Tablet,9018,28084,David
South,Tablet,6462,28085,Emma
South,Headphones,8478,28086,Charlie
South,Headphones,3275,28087,Bob
West,Headphones,4139,28088,Alice
West,Tablet,9282,28089,David
North,Headphones,1938,28090,Emma
East,Laptop,1350,28091,Alice
South,Laptop,939,28092,Emma
South,Phone,8300,28093,Alice
North,Headphones,7357,28094,Emma
South,Laptop,7075,28095,Emma
West,Laptop,3408,28096,Charlie
West,Phone,5693,28097,David
South,Laptop,1757,28098,Bob
South,Phone,2044,28099,Bob
West,Phone,2405,28100,Alice
South,Tablet,2315,28101,Alice
West,Laptop,2776,28102,Charlie
East,Tablet,1950,28103,Alice
East,Laptop,4044,28104,Bob
South,Tablet,5406,28105,David
South,Phone,4134,28106,Charlie
South,Phone,6348,28107,Alice
West,Phone,8865,28108,Charlie
East,Phone,9790,28109,Charlie
East,Laptop,1622,28110,Charlie
North,Headphones,7784,28111,Alice
North,Laptop,5852,28112,Emma
South,Tablet,2676,28113,Alice
West,Laptop,5337,28114,Alice
South,Laptop,6833,28115,Alice
East,Tablet,6811,28116,Alice
South,Phone,790,28117,Alice
South,Tablet,8008,28118,Charlie
East,Tablet,1918,28119,Charlie
East,Headphones,6093,28120,Alice
East,Headphones,5810,28121,David
East,Phone,2488,28122,David
North,Tablet,9259,28123,Emma
West,Tablet,6138,28124,David
West,Tablet,5670,28125,Bob
East,Laptop,3538,28126,Bob
West,Headphones,2803,28127,David
West,Headphones,808,28128,Alice
West,Phone,2638,28129,David
West,Headphones,2696,28130,Bob
East,Headphones,961,28131,David
South,Phone,4320,28132,Charlie
South,Tablet,8459,28133,Emma
South,Laptop,5232,28134,Charlie
North,Phone,1145,28135,Charlie
West,Headphones,6514,28136,Emma
East,Phone,3768,28137,Alice
East,Headphones,8415,28138,Emma
North,Tablet,1315,28139,Alice
East,Tablet,2405,28140,Bob
South,Tablet,8540,28141,David
North,Headphones,5398,28142,Bob
East,Phone,3704,28143,Bob
North,Headphones,1629,28144,Bob
North,Tablet,2297,28145,David
East,Tablet,3914,28146,Alice
South,Tablet,2984,28147,Emma
East,Headphones,6723,28148,Alice
West,Laptop,8223,28149,Alice
West,Tablet,1188,28150,Charlie
East,Phone,9267,28151,David
South,Tablet,6931,28152,Alice
West,Headphones,6501,28153,Alice
West,Phone,7599,28154,Bob
East,Headphones,6921,28155,Charlie
East,Laptop,7538,28156,Emma
East,Laptop,3339,28157,Charlie
North,Headphones,3574,28158,Bob
North,Tablet,3025,28159,Bob
North,Phone,2517,28160,Bob
East,Tablet,3878,28161,David
South,Headphones,9743,28162,Bob
West,Headphones,8778,28163,Alice
North,Tablet,3597,28164,David
South,Phone,8024,28165,Bob
East,Phone,6948,28166,David
North,Phone,1777,28167,Alice
East,Phone,7266,28168,Bob
South,Phone,9211,28169,Bob
North,Laptop,6570,28170,Alice
North,Laptop,7496,28171,Bob
North,Headphones,7853,28172,Alice
North,Laptop,9078,28173,Bob
South,Phone,8167,28174,Bob
North,Phone,513,28175,Charlie
West,Phone,7897,28176,David
West,Headphones,4686,28177,Emma
East,Headphones,3975,28178,Charlie
North,Tablet,503,28179,Charlie
West,Laptop,3790,28180,David
West,Laptop,8430,28181,Charlie
West,Tablet,5326,28182,Alice
South,Tablet,8040,28183,Charlie
North,Laptop,6660,28184,Emma
South,Phone,4473,28185,Alice
South,Laptop,7087,28186,David
West,Phone,6877,28187,David
West,Headphones,3733,28188,David
East,Laptop,1886,28189,Alice
North,Laptop,8043,28190,David
North,Headphones,5292,28191,David
West,Headphones,1697,28192,Emma
West,Headphones,2785,28193,Bob
North,Headphones,9679,28194,Bob
East,Headphones,3459,28195,Bob
West,Tablet,1761,28196,David
East,Tablet,9947,28197,Alice
South,Headphones,9279,28198,David
West,Headphones,2040,28199,Bob
South,Headphones,8397,28200,Emma
West,Headphones,9485,28201,David
South,Phone,6163,28202,David
West,Phone,6820,28203,David
East,Headphones,8167,28204,Alice
East,Headphones,618,28205,Emma
East,Laptop,1713,28206,Emma
South,Headphones,9305,28207,Emma
East,Headphones,4734,28208,Emma
South,Tablet,8003,28209,Bob
West,Phone,3973,28210,David
South,Headphones,1789,28211,Emma
West,Phone,2880,28212,Charlie
North,Phone,723,28213,Charlie
North,Laptop,6179,28214,Bob
North,Phone,3140,28215,Charlie
South,Phone,9678,28216,Charlie
North,Headphones,1523,28217,Charlie
North,Tablet,2043,28218,Bob
North,Headphones,7504,28219,David
West,Headphones,9964,28220,Bob
East,Tablet,2279,28221,Alice
South,Tablet,2200,28222,Alice
North,Laptop,8499,28223,Charlie
West,Tablet,4483,28224,Charlie
East,Headphones,9715,28225,David
East,Tablet,7885,28226,Charlie
East,Tablet,8094,28227,Alice
West,Tablet,6658,28228,Charlie
North,Phone,4339,28229,David
East,Laptop,1325,28230,Alice
West,Phone,3236,28231,Charlie
West,Phone,3906,28232,David
South,Laptop,3274,28233,David
West,Phone,5132,28234,Alice
East,Tablet,9183,28235,Alice
East,Laptop,9283,28236,Alice
West,Phone,3234,28237,David
East,Headphones,7387,28238,Alice
West,Phone,1992,28239,Alice
East,Headphones,9639,28240,David
South,Tablet,1182,28241,David
North,Headphones,9320,28242,Alice
South,Phone,4982,28243,Alice
South,Phone,5247,28244,Alice
North,Phone,2740,28245,David
East,Laptop,600,28246,Emma
North,Laptop,1593,28247,Bob
West,Phone,4272,28248,Charlie
North,Phone,9124,28249,Bob
South,Tablet,5834,28250,David
North,Laptop,1036,28251,Emma
East,Laptop,1100,28252,David
South,Laptop,3255,28253,Alice
West,Headphones,9010,28254,Charlie
East,Phone,8016,28255,Bob
South,Tablet,5441,28256,David
West,Tablet,8008,28257,Emma
East,Phone,2027,28258,Alice
West,Phone,8762,28259,Emma
North,Tablet,5748,28260,Charlie
North,Headphones,943,28261,Emma
West,Tablet,9078,28262,Emma
North,Headphones,6174,28263,Alice
West,Headphones,5695,28264,Emma
East,Laptop,2369,28265,Alice
South,Phone,5148,28266,Charlie
West,Laptop,779,28267,David
South,Headphones,1270,28268,Alice
South,Tablet,6062,28269,David
West,Laptop,1453,28270,Bob
North,Tablet,2059,28271,Emma
East,Headphones,3946,28272,David
South,Tablet,7482,28273,Emma
East,Laptop,2940,28274,Alice
South,Headphones,608,28275,Emma
West,Phone,4954,28276,Charlie
North,Laptop,9647,28277,David
East,Laptop,7578,28278,Emma
South,Phone,3860,28279,David
West,Headphones,3989,28280,David
West,Phone,817,28281,Charlie
South,Laptop,840,28282,Alice
South,Headphones,4944,28283,Emma
South,Tablet,2574,28284,Bob
North,Laptop,9329,28285,David
South,Tablet,6178,28286,Alice
South,Phone,5984,28287,Bob
North,Headphones,7479,28288,David
West,Phone,2866,28289,Bob
South,Tablet,2065,28290,Emma
East,Laptop,9484,28291,Emma
West,Headphones,4204,28292,David
East,Phone,9046,28293,David
South,Tablet,4701,28294,Emma
North,Tablet,9256,28295,Alice
North,Laptop,3953,28296,Bob
North,Tablet,9994,28297,David
South,Headphones,3090,28298,David
South,Tablet,8117,28299,Charlie
East,Laptop,757,28300,Bob
North,Phone,6721,28301,Emma
South,Headphones,1546,28302,David
West,Phone,7146,28303,David
South,Phone,2732,28304,Emma
South,Tablet,4577,28305,Bob
West,Tablet,548,28306,Alice
North,Laptop,8859,28307,Emma
West,Tablet,2353,28308,Alice
North,Tablet,4241,28309,David
West,Phone,2568,28310,Alice
East,Headphones,9083,28311,Alice
North,Tablet,7957,28312,Emma
South,Headphones,6323,28313,David
East,Tablet,728,28314,Bob
North,Tablet,3752,28315,Charlie
North,Laptop,851,28316,Alice
North,Tablet,2772,28317,David
West,Laptop,4537,28318,Charlie
North,Phone,8925,28319,Bob
South,Headphones,8957,28320,Charlie
North,Tablet,1357,28321,Bob
South,Laptop,9190,28322,Charlie
South,Phone,9568,28323,Bob
South,Tablet,4694,28324,Alice
East,Laptop,2892,28325,Charlie
South,Laptop,3824,28326,Bob
West,Phone,6761,28327,David
North,Tablet,5451,28328,Emma
West,Tablet,1932,28329,Charlie
East,Headphones,980,28330,Charlie
North,Tablet,8691,28331,Charlie
South,Laptop,3470,28332,Charlie
North,Headphones,2165,28333,Emma
East,Headphones,828,28334,Charlie
East,Tablet,3754,28335,Alice
West,Headphones,9108,28336,Alice
North,Laptop,7750,28337,David
North,Laptop,2801,28338,Emma
North,Phone,1444,28339,David
West,Laptop,2552,28340,Alice
East,Phone,9671,28341,Charlie
South,Headphones,8203,28342,Charlie
North,Phone,1951,28343,Bob
West,Tablet,8418,28344,Emma
West,Phone,4503,28345,Bob
South,Tablet,2086,28346,Emma
East,Headphones,889,28347,Emma
North,Phone,4228,28348,Charlie
North,Laptop,9541,28349,Charlie
West,Tablet,8507,28350,David
East,Headphones,9510,28351,Alice
North,Laptop,4135,28352,Alice
South,Tablet,6980,28353,Charlie
East,Headphones,3154,28354,Alice
East,Headphones,4606,28355,Emma
West,Laptop,9181,28356,Alice
West,Headphones,2819,28357,David
North,Phone,6652,28358,Alice
West,Headphones,3434,28359,Alice
East,Tablet,9838,28360,David
North,Tablet,3323,28361,David
North,Tablet,3005,28362,Charlie
East,Phone,7579,28363,David
North,Laptop,8298,28364,Charlie
South,Phone,8369,28365,Emma
South,Phone,7434,28366,Bob
North,Phone,9503,28367,Alice
West,Headphones,555,28368,David
South,Laptop,9399,28369,Alice
North,Headphones,1509,28370,Emma
South,Phone,4618,28371,Bob
West,Tablet,3816,28372,David
East,Phone,3989,28373,Charlie
North,Laptop,4826,28374,Charlie
North,Tablet,4805,28375,David
North,Laptop,5781,28376,David
North,Phone,1693,28377,Emma
North,Laptop,5494,28378,Bob
North,Headphones,8006,28379,David
West,Tablet,8469,28380,Charlie
East,Laptop,1997,28381,Bob
West,Tablet,9942,28382,David
West,Tablet,9564,28383,Bob
East,Phone,2910,28384,Emma
West,Phone,9166,28385,David
South,Tablet,5631,28386,David
West,Laptop,4066,28387,Bob
North,Tablet,4548,28388,David
South,Phone,7427,28389,Bob
South,Laptop,5124,28390,Bob
East,Tablet,8962,28391,David
West,Phone,7181,28392,Charlie
West,Tablet,6517,28393,Emma
South,Tablet,7300,28394,Bob
West,Tablet,7505,28395,Charlie
West,Laptop,4051,28396,Bob
East,Phone,5085,28397,Charlie
South,Phone,4957,28398,David
North,Headphones,4383,28399,Emma
South,Tablet,9686,28400,Charlie
East,Tablet,1268,28401,Alice
East,Headphones,9236,28402,Bob
East,Tablet,5574,28403,Charlie
West,Laptop,9623,28404,Emma
South,Headphones,8782,28405,Emma
West,Phone,4833,28406,Emma
West,Tablet,7691,28407,Charlie
South,Phone,9542,28408,Charlie
East,Tablet,8048,28409,David
North,Headphones,3468,28410,Alice
North,Phone,3159,28411,Charlie
South,Tablet,1133,28412,David
South,Laptop,3728,28413,Bob
East,Headphones,9916,28414,Alice
South,Tablet,1748,28415,Emma
South,Tablet,1482,28416,Alice
East,Tablet,3010,28417,Bob
East,Headphones,4350,28418,Charlie
West,Tablet,5258,28419,Charlie
South,Tablet,4493,28420,David
North,Phone,1489,28421,Charlie
South,Phone,2116,28422,Charlie
North,Headphones,7521,28423,Alice
North,Headphones,9116,28424,Bob
North,Laptop,2135,28425,Emma
West,Tablet,6895,28426,Emma
East,Phone,5718,28427,David
East,Phone,677,28428,Bob
West,Tablet,5751,28429,Alice
East,Tablet,1219,28430,Emma
West,Headphones,3628,28431,David
South,Laptop,7535,28432,Charlie
West,Laptop,3289,28433,Charlie
East,Headphones,9345,28434,Alice
East,Headphones,6761,28435,Emma
South,Phone,9181,28436,Charlie
West,Headphones,7400,28437,David
South,Laptop,8023,28438,David
North,Phone,1107,28439,Emma
West,Laptop,4091,28440,Alice
South,Tablet,6145,28441,David
South,Laptop,4619,28442,Bob
East,Phone,5811,28443,David
West,Laptop,9444,28444,Alice
North,Phone,3548,28445,David
North,Phone,4944,28446,Charlie
West,Headphones,4620,28447,Alice
West,Laptop,1514,28448,Charlie
South,Headphones,5396,28449,Charlie
East,Headphones,7553,28450,Emma
East,Laptop,9650,28451,Alice
East,Phone,2091,28452,Charlie
West,Tablet,3088,28453,Emma
East,Laptop,3038,28454,Emma
South,Headphones,9482,28455,Charlie
West,Headphones,6681,28456,Charlie
West,Phone,4894,28457,Bob
East,Headphones,3598,28458,Alice
North,Tablet,9339,28459,Emma
North,Headphones,6376,28460,Alice
South,Phone,1975,28461,Emma
East,Laptop,5704,28462,David
East,Phone,8237,28463,David
West,Headphones,5575,28464,Emma
West,Phone,9815,28465,Bob
East,Headphones,9307,28466,David
West,Phone,9976,28467,Alice
East,Laptop,4172,28468,Charlie
South,Headphones,3355,28469,Alice
West,Tablet,2123,28470,Alice
East,Tablet,6136,28471,Alice
West,Tablet,9832,28472,Emma
South,Tablet,3330,28473,Emma
West,Headphones,9190,28474,Alice
East,Headphones,5182,28475,Charlie
West,Laptop,9795,28476,Bob
West,Phone,3589,28477,Bob
East,Headphones,2252,28478,David
North,Tablet,4514,28479,David
West,Headphones,1113,28480,Charlie
West,Tablet,1143,28481,Alice
South,Laptop,1635,28482,Emma
North,Phone,4199,28483,David
South,Headphones,661,28484,Alice
East,Phone,6569,28485,Bob
East,Tablet,3902,28486,Charlie
South,Tablet,4493,28487,Emma
West,Phone,5355,28488,Emma
North,Laptop,556,28489,David
South,Phone,5784,28490,Alice
South,Phone,3737,28491,Emma
East,Headphones,5402,28492,Bob
West,Headphones,6496,28493,Bob
North,Tablet,1119,28494,Charlie
South,Headphones,5374,28495,Charlie
North,Laptop,3113,28496,Bob
North,Laptop,7641,28497,Bob
South,Laptop,5873,28498,Alice
North,Tablet,3335,28499,Emma
East,Laptop,9357,28500,Alice
West,Laptop,8819,28501,Charlie
West,Headphones,4057,28502,Charlie
West,Tablet,4671,28503,Charlie
East,Phone,5482,28504,Emma
East,Laptop,7425,28505,David
East,Headphones,1134,28506,Charlie
West,Phone,4108,28507,Charlie
North,Laptop,8106,28508,Alice
East,Phone,6237,28509,Alice
South,Phone,9677,28510,David
East,Tablet,8445,28511,David
South,Tablet,3073,28512,David
West,Laptop,1656,28513,David
South,Laptop,6153,28514,Alice
East,Tablet,4368,28515,Charlie
East,Laptop,7034,28516,Alice
North,Laptop,8935,28517,Bob
West,Tablet,1267,28518,Bob
South,Phone,9106,28519,Charlie
West,Laptop,7070,28520,David
East,Headphones,3386,28521,Charlie
North,Tablet,1361,28522,Bob
East,Laptop,5414,28523,Charlie
East,Laptop,5457,28524,David
East,Tablet,4433,28525,Alice
South,Headphones,709,28526,David
East,Headphones,6622,28527,Alice
West,Tablet,2657,28528,Bob
West,Headphones,2877,28529,Emma
North,Laptop,2689,28530,Charlie
West,Headphones,9367,28531,Emma
East,Laptop,6730,28532,David
East,Phone,6783,28533,Alice
West,Headphones,1855,28534,David
North,Phone,8717,28535,David
North,Tablet,2150,28536,Bob
West,Headphones,3458,28537,David
South,Laptop,4957,28538,Charlie
South,Headphones,6490,28539,Bob
South,Tablet,2182,28540,Emma
South,Tablet,2466,28541,David
West,Laptop,3786,28542,Emma
North,Headphones,1495,28543,Charlie
East,Phone,8768,28544,Charlie
East,Tablet,2642,28545,Charlie
West,Tablet,1456,28546,Emma
East,Laptop,717,28547,Emma
South,Headphones,4446,28548,Alice
North,Phone,2915,28549,Bob
West,Headphones,6695,28550,David
North,Headphones,1967,28551,Bob
West,Phone,3372,28552,Charlie
West,Laptop,532,28553,David
West,Tablet,3987,28554,Alice
West,Laptop,7287,28555,Bob
North,Laptop,9116,28556,Charlie
East,Headphones,5382,28557,David
West,Phone,3578,28558,David
South,Tablet,7138,28559,Charlie
West,Headphones,5362,28560,Emma
North,Tablet,2317,28561,Bob
West,Headphones,6367,28562,David
South,Phone,5973,28563,Emma
North,Tablet,4794,28564,Alice
West,Tablet,1214,28565,David
South,Laptop,3707,28566,David
North,Headphones,4480,28567,Alice
West,Headphones,4883,28568,Alice
South,Headphones,2524,28569,David
North,Laptop,7362,28570,Charlie
West,Laptop,3114,28571,Alice
North,Tablet,1310,28572,Emma
South,Headphones,2530,28573,Alice
West,Headphones,6533,28574,David
West,Tablet,2472,28575,David
West,Tablet,8454,28576,Bob
South,Tablet,9408,28577,Emma
East,Phone,1324,28578,Bob
West,Phone,2227,28579,Alice
South,Tablet,8003,28580,Bob
North,Laptop,5621,28581,David
North,Laptop,2732,28582,Charlie
South,Headphones,6180,28583,Alice
East,Phone,7245,28584,David
South,Phone,8105,28585,Alice
North,Tablet,1262,28586,Bob
North,Tablet,521,28587,Bob
West,Tablet,2759,28588,Alice
East,Tablet,5061,28589,Alice
South,Tablet,7632,28590,Bob
North,Laptop,3805,28591,Alice
North,Laptop,8270,28592,Bob
North,Tablet,5392,28593,Alice
South,Laptop,9112,28594,Charlie
South,Tablet,4936,28595,Alice
East,Tablet,7597,28596,Alice
West,Phone,7314,28597,David
West,Laptop,8814,28598,Charlie
West,Laptop,5467,28599,Bob
North,Phone,9125,28600,Bob
West,Laptop,6831,28601,Emma
North,Phone,4665,28602,Charlie
East,Headphones,3982,28603,Charlie
North,Laptop,8537,28604,Alice
East,Tablet,3384,28605,David
East,Phone,3138,28606,Bob
West,Tablet,4377,28607,Bob
West,Tablet,2115,28608,David
North,Laptop,6504,28609,David
South,Phone,4308,28610,Charlie
West,Headphones,726,28611,David
West,Tablet,1035,28612,David
South,Tablet,1622,28613,Alice
South,Headphones,4865,28614,Charlie
West,Phone,7589,28615,Emma
South,Laptop,5713,28616,Emma
North,Tablet,4034,28617,Bob
East,Laptop,1158,28618,David
East,Phone,7718,28619,Alice
West,Headphones,9858,28620,David
West,Laptop,5491,28621,Bob
North,Phone,8708,28622,David
South,Laptop,2403,28623,Emma
West,Laptop,2112,28624,Charlie
East,Tablet,5897,28625,David
North,Laptop,9127,28626,Emma
North,Tablet,3955,28627,Emma
South,Phone,2504,28628,Bob
West,Phone,3233,28629,Charlie
West,Tablet,5751,28630,Bob
North,Headphones,8954,28631,Alice
East,Laptop,2941,28632,Charlie
West,Phone,8450,28633,Alice
East,Phone,6541,28634,Charlie
North,Headphones,6851,28635,Emma
West,Phone,1307,28636,Alice
East,Tablet,3012,28637,Charlie
North,Headphones,857,28638,Charlie
East,Phone,7811,28639,Alice
West,Headphones,2901,28640,Charlie
South,Headphones,1774,28641,Bob
East,Phone,1488,28642,Bob
South,Phone,517,28643,Alice
West,Phone,2238,28644,Emma
South,Headphones,3263,28645,David
North,Tablet,7128,28646,Alice
South,Tablet,5621,28647,Alice
East,Laptop,1413,28648,Alice
East,Phone,9257,28649,Alice
South,Tablet,7833,28650,Bob
North,Laptop,3412,28651,Alice
West,Laptop,1971,28652,Emma
South,Phone,3663,28653,David
East,Laptop,5871,28654,David
East,Tablet,9303,28655,Emma
South,Laptop,9754,28656,Alice
South,Laptop,9127,28657,David
South,Tablet,9339,28658,Bob
West,Laptop,4517,28659,David
East,Laptop,3109,28660,Emma
East,Headphones,582,28661,David
East,Laptop,2289,28662,Emma
West,Laptop,9742,28663,Alice
North,Headphones,6208,28664,David
East,Headphones,8473,28665,Emma
East,Headphones,4616,28666,Bob
North,Phone,6026,28667,Bob
West,Phone,3241,28668,Charlie
North,Tablet,1297,28669,David
North,Laptop,3026,28670,Alice
North,Tablet,5251,28671,Charlie
North,Phone,8231,28672,David
West,Laptop,1262,28673,Bob
West,Laptop,9309,28674,Alice
North,Headphones,5306,28675,Bob
South,Phone,4363,28676,David
South,Laptop,4186,28677,Alice
South,Headphones,1267,28678,Alice
South,Laptop,6101,28679,Charlie
East,Phone,3685,28680,Alice
West,Tablet,9712,28681,David
West,Tablet,7929,28682,Emma
North,Laptop,1577,28683,Emma
East,Headphones,2390,28684,Alice
North,Headphones,2126,28685,Emma
North,Headphones,7146,28686,David
West,Phone,2071,28687,Charlie
East,Tablet,4175,28688,Bob
South,Tablet,5932,28689,Bob
West,Laptop,9884,28690,David
East,Tablet,5273,28691,Charlie
East,Headphones,5544,28692,David
West,Phone,9820,28693,Alice
West,Headphones,9807,28694,Charlie
North,Headphones,5308,28695,Emma
North,Tablet,4252,28696,Alice
North,Phone,1828,28697,Emma
South,Phone,4623,28698,Alice
West,Headphones,1811,28699,Alice
East,Laptop,4950,28700,Alice
West,Tablet,3225,28701,Alice
East,Laptop,8071,28702,Charlie
South,Headphones,2683,28703,Charlie
West,Tablet,653,28704,Alice
East,Laptop,6082,28705,David
East,Laptop,1315,28706,Alice
North,Laptop,1619,28707,Alice
South,Tablet,2655,28708,David
West,Laptop,5665,28709,David
North,Phone,1709,28710,Alice
South,Headphones,9145,28711,Bob
North,Tablet,6928,28712,Bob
West,Phone,1606,28713,David
East,Laptop,4916,28714,Alice
West,Headphones,5764,28715,Emma
South,Laptop,1537,28716,Emma
West,Phone,3833,28717,Alice
South,Laptop,913,28718,Alice
North,Tablet,8404,28719,Alice
South,Phone,2439,28720,Emma
East,Tablet,1155,28721,Emma
East,Headphones,7957,28722,David
East,Tablet,2979,28723,Charlie
North,Tablet,6139,28724,David
South,Laptop,6421,28725,David
North,Laptop,7020,28726,Bob
West,Phone,4106,28727,David
West,Headphones,5703,28728,David
West,Phone,4558,28729,David
West,Headphones,5504,28730,David
East,Headphones,6968,28731,Charlie
South,Tablet,8515,28732,Bob
East,Laptop,815,28733,Emma
South,Headphones,6563,28734,Alice
South,Laptop,8912,28735,Emma
North,Headphones,6541,28736,Bob
West,Laptop,2761,28737,David
South,Phone,8139,28738,Emma
West,Laptop,1344,28739,David
West,Tablet,2014,28740,Charlie
West,Headphones,1608,28741,Charlie
East,Tablet,5623,28742,Bob
West,Headphones,2230,28743,Emma
South,Tablet,3685,28744,Charlie
East,Headphones,1738,28745,Bob
West,Laptop,5955,28746,Bob
North,Headphones,3424,28747,Bob
West,Tablet,7296,28748,Emma
West,Tablet,9882,28749,Emma
East,Headphones,6539,28750,Bob
South,Headphones,4066,28751,Alice
West,Phone,1956,28752,Emma
East,Phone,1609,28753,Emma
East,Laptop,2430,28754,Alice
South,Laptop,8203,28755,Emma
East,Laptop,1122,28756,Emma
South,Laptop,2837,28757,Charlie
North,Laptop,1758,28758,Alice
West,Headphones,6800,28759,Charlie
East,Phone,5001,28760,Alice
North,Headphones,8340,28761,Alice
East,Phone,7789,28762,Alice
East,Phone,2523,28763,Emma
North,Tablet,1376,28764,Bob
East,Tablet,7690,28765,David
East,Phone,3026,28766,Bob
North,Headphones,9036,28767,Emma
East,Phone,4172,28768,Emma
South,Laptop,2413,28769,David
East,Headphones,2945,28770,Emma
West,Headphones,9476,28771,Alice
East,Phone,1987,28772,Charlie
West,Laptop,5391,28773,Charlie
West,Phone,5734,28774,Alice
East,Laptop,949,28775,Bob
North,Headphones,1927,28776,Charlie
South,Phone,3095,28777,Alice
South,Laptop,2776,28778,Bob
East,Tablet,6265,28779,Charlie
North,Headphones,8935,28780,Alice
North,Headphones,2612,28781,Charlie
South,Tablet,9637,28782,Charlie
North,Laptop,1526,28783,Charlie
East,Headphones,4192,28784,David
East,Laptop,3549,28785,Bob
North,Tablet,6646,28786,Charlie
East,Phone,8084,28787,Alice
West,Headphones,7598,28788,David
South,Headphones,6379,28789,Emma
East,Laptop,8752,28790,Emma
North,Headphones,5553,28791,Bob
South,Phone,4106,28792,Alice
East,Tablet,7169,28793,David
South,Headphones,889,28794,Alice
North,Tablet,5116,28795,David
West,Laptop,752,28796,David
West,Phone,8552,28797,Emma
East,Headphones,3666,28798,Bob
West,Tablet,1195,28799,Bob
East,Phone,6423,28800,Alice
South,Tablet,5248,28801,David
East,Laptop,8365,28802,David
East,Phone,2005,28803,Charlie
East,Phone,3243,28804,Bob
West,Laptop,5154,28805,David
East,Laptop,8389,28806,Alice
North,Headphones,1798,28807,Emma
East,Laptop,5190,28808,Emma
South,Laptop,4368,28809,Bob
North,Tablet,8100,28810,Bob
South,Phone,7700,28811,Charlie
South,Tablet,715,28812,Bob
South,Laptop,6744,28813,David
North,Headphones,679,28814,David
North,Tablet,3186,28815,David
West,Tablet,8155,28816,David
North,Phone,6079,28817,Charlie
East,Phone,876,28818,Bob
South,Phone,7460,28819,Bob
West,Headphones,8545,28820,Bob
North,Headphones,2327,28821,Charlie
South,Laptop,8272,28822,Charlie
North,Laptop,6352,28823,David
West,Phone,8077,28824,Charlie
North,Tablet,2827,28825,Charlie
North,Phone,9444,28826,Alice
South,Laptop,8084,28827,David
East,Tablet,8941,28828,David
North,Laptop,7772,28829,Alice
West,Headphones,3320,28830,Bob
North,Phone,5236,28831,Alice
North,Phone,6970,28832,Alice
East,Tablet,9581,28833,Alice
South,Phone,6101,28834,Charlie
West,Laptop,5366,28835,Alice
South,Laptop,7020,28836,Emma
South,Headphones,3243,28837,Alice
South,Laptop,5076,28838,Bob
North,Tablet,7683,28839,Bob
East,Laptop,6900,28840,Bob
North,Headphones,8255,28841,Alice
West,Headphones,3596,28842,David
East,Phone,8521,28843,Bob
South,Tablet,8690,28844,Alice
East,Laptop,1585,28845,Bob
West,Headphones,4229,28846,Charlie
North,Laptop,4828,28847,Charlie
North,Headphones,1987,28848,Alice
South,Phone,9040,28849,Bob
North,Headphones,7953,28850,Bob
North,Phone,9105,28851,Emma
West,Tablet,7837,28852,Bob
East,Laptop,7602,28853,David
North,Laptop,1509,28854,Charlie
West,Phone,4882,28855,Bob
West,Tablet,7205,28856,David
South,Phone,9473,28857,Alice
West,Headphones,3579,28858,Charlie
South,Phone,4952,28859,Alice
North,Tablet,2686,28860,Bob
South,Headphones,6130,28861,Alice
West,Laptop,9898,28862,Charlie
East,Laptop,5018,28863,Alice
East,Laptop,804,28864,Alice
North,Tablet,5638,28865,Alice
North,Tablet,3954,28866,David
East,Tablet,6582,28867,David
South,Tablet,5849,28868,Bob
North,Tablet,1350,28869,Alice
West,Headphones,6227,28870,David
North,Phone,9186,28871,Charlie
South,Laptop,4055,28872,Charlie
North,Tablet,3174,28873,Alice
West,Laptop,3930,28874,Bob
West,Tablet,8040,28875,David
West,Laptop,3649,28876,David
South,Phone,3847,28877,David
South,Laptop,4449,28878,Bob
West,Laptop,1004,28879,Emma
West,Tablet,8265,28880,David
South,Headphones,3154,28881,Alice
South,Headphones,3906,28882,David
South,Laptop,4017,28883,David
East,Headphones,5912,28884,Emma
South,Phone,5757,28885,Alice
West,Phone,2079,28886,Alice
East,Headphones,813,28887,Alice
South,Headphones,4815,28888,David
West,Phone,3187,28889,David
North,Headphones,7810,28890,Charlie
East,Headphones,6023,28891,Emma
West,Tablet,4999,28892,Alice
North,Tablet,5074,28893,Alice
West,Headphones,7365,28894,Charlie
South,Headphones,8227,28895,David
South,Tablet,9515,28896,Charlie
North,Tablet,4815,28897,Charlie
South,Headphones,2914,28898,David
West,Tablet,5815,28899,Bob
North,Phone,5279,28900,Emma
West,Laptop,4320,28901,Bob
West,Phone,6306,28902,Bob
West,Tablet,2469,28903,Emma
South,Phone,2259,28904,Bob
South,Laptop,3625,28905,David
West,Tablet,7066,28906,Bob
East,Phone,8365,28907,Bob
West,Phone,2781,28908,Bob
West,Laptop,5729,28909,David
North,Tablet,1623,28910,Charlie
West,Headphones,6331,28911,Alice
South,Tablet,1734,28912,Emma
North,Laptop,7376,28913,Emma
East,Laptop,8070,28914,David
North,Laptop,6456,28915,Alice
East,Laptop,1174,28916,Bob
North,Headphones,6013,28917,Emma
North,Tablet,2805,28918,Bob
East,Tablet,1768,28919,David
South,Phone,5597,28920,David
South,Headphones,3721,28921,David
South,Headphones,5219,28922,Charlie
North,Phone,4694,28923,David
West,Phone,1749,28924,Bob
North,Tablet,4529,28925,Charlie
West,Tablet,3360,28926,Bob
West,Tablet,4013,28927,David
South,Headphones,3719,28928,Charlie
West,Headphones,8870,28929,Alice
North,Phone,2699,28930,David
North,Laptop,5430,28931,Charlie
South,Laptop,5177,28932,Charlie
East,Laptop,5972,28933,Charlie
North,Laptop,7208,28934,Emma
West,Laptop,8341,28935,Charlie
North,Tablet,8330,28936,Alice
North,Phone,3029,28937,David
North,Laptop,9627,28938,David
East,Laptop,7970,28939,David
West,Laptop,9648,28940,Charlie
South,Tablet,2973,28941,David
North,Laptop,1585,28942,Alice
West,Phone,7862,28943,Emma
West,Tablet,5162,28944,Alice
South,Tablet,3934,28945,Emma
North,Headphones,8228,28946,David
East,Headphones,3165,28947,Bob
West,Tablet,9793,28948,Emma
South,Laptop,8975,28949,Alice
East,Laptop,4971,28950,Alice
West,Laptop,7019,28951,Bob
North,Laptop,1287,28952,Emma
West,Headphones,9548,28953,Emma
East,Phone,7405,28954,Alice
East,Tablet,8488,28955,Emma
North,Laptop,7706,28956,Bob
North,Headphones,2633,28957,Emma
South,Phone,2921,28958,Emma
North,Tablet,4431,28959,Bob
South,Tablet,6525,28960,David
East,Tablet,5827,28961,Emma
East,Laptop,9316,28962,Alice
West,Tablet,7626,28963,Charlie
West,Laptop,8692,28964,Alice
South,Phone,5005,28965,Alice
North,Headphones,7381,28966,David
North,Headphones,7023,28967,David
West,Headphones,1298,28968,Alice
East,Tablet,9634,28969,Emma
South,Headphones,3962,28970,Alice
East,Phone,7995,28971,Emma
East,Laptop,1827,28972,Bob
North,Headphones,7949,28973,Bob
South,Laptop,9386,28974,David
East,Laptop,685,28975,Charlie
West,Headphones,9169,28976,Charlie
West,Headphones,7531,28977,David
North,Headphones,7184,28978,Bob
West,Tablet,9683,28979,David
West,Headphones,8091,28980,Bob
East,Tablet,3249,28981,Emma
West,Phone,3445,28982,Bob
West,Laptop,7062,28983,Bob
East,Phone,3898,28984,Bob
North,Headphones,8886,28985,Charlie
North,Laptop,8560,28986,Bob
South,Headphones,578,28987,Alice
West,Headphones,1621,28988,Emma
East,Laptop,3721,28989,Charlie
South,Phone,9477,28990,Alice
North,Headphones,3361,28991,Charlie
North,Laptop,9138,28992,Charlie
East,Phone,4718,28993,Alice
South,Tablet,6229,28994,David
South,Phone,3223,28995,David
East,Phone,858,28996,Bob
East,Laptop,2786,28997,Alice
South,Phone,2265,28998,Bob
North,Tablet,1304,28999,David
West,Tablet,6149,29000,Alice
North,Headphones,3230,29001,Alice
East,Tablet,6491,29002,Alice
South,Headphones,8325,29003,Bob
South,Tablet,642,29004,Charlie
West,Phone,9815,29005,Charlie
South,Headphones,783,29006,Charlie
West,Tablet,7592,29007,Alice
North,Phone,883,29008,David
North,Phone,2078,29009,Bob
South,Headphones,3445,29010,Bob
South,Laptop,1123,29011,David
East,Phone,1044,29012,Charlie
East,Phone,8086,29013,Emma
South,Laptop,1413,29014,David
South,Headphones,3043,29015,Charlie
North,Tablet,2247,29016,Alice
South,Tablet,2663,29017,David
East,Phone,9735,29018,Charlie
North,Laptop,1877,29019,Bob
West,Phone,6208,29020,Emma
East,Headphones,8914,29021,Emma
East,Phone,5031,29022,Emma
North,Tablet,2653,29023,Charlie
West,Laptop,3199,29024,Charlie
East,Headphones,3820,29025,Alice
South,Phone,1066,29026,Emma
East,Tablet,2542,29027,Bob
North,Phone,9321,29028,Emma
North,Tablet,3235,29029,David
North,Laptop,5973,29030,David
East,Headphones,1224,29031,Bob
West,Phone,8319,29032,Charlie
South,Headphones,4548,29033,Emma
North,Laptop,7480,29034,David
West,Tablet,3398,29035,Bob
South,Laptop,1964,29036,Alice
North,Laptop,9999,29037,David
South,Headphones,6114,29038,David
South,Laptop,7589,29039,Emma
West,Phone,653,29040,Charlie
South,Tablet,7263,29041,David
North,Laptop,6959,29042,David
West,Phone,4566,29043,Emma
East,Tablet,1310,29044,Charlie
East,Headphones,650,29045,Alice
West,Tablet,8637,29046,Alice
East,Headphones,9770,29047,Alice
South,Tablet,1278,29048,Alice
North,Laptop,4749,29049,Charlie
South,Headphones,4468,29050,Alice
West,Headphones,8167,29051,Emma
North,Headphones,5096,29052,Emma
West,Laptop,7857,29053,Emma
West,Laptop,3053,29054,Alice
West,Tablet,4603,29055,Emma
South,Tablet,6304,29056,Emma
North,Laptop,5064,29057,Bob
North,Laptop,6964,29058,Alice
North,Headphones,7215,29059,Emma
South,Tablet,4178,29060,Charlie
East,Tablet,4205,29061,Emma
South,Headphones,3858,29062,Bob
South,Headphones,9544,29063,Charlie
West,Headphones,4682,29064,Charlie
North,Phone,4465,29065,David
North,Phone,5700,29066,Bob
East,Laptop,5129,29067,Bob
East,Tablet,6833,29068,Emma
West,Headphones,8265,29069,Bob
North,Headphones,6103,29070,Charlie
East,Tablet,4974,29071,Charlie
East,Phone,9147,29072,Emma
North,Tablet,7675,29073,Charlie
South,Laptop,729,29074,Emma
East,Phone,7307,29075,David
North,Tablet,6094,29076,Bob
East,Tablet,5519,29077,Bob
West,Laptop,3977,29078,Bob
East,Tablet,3858,29079,David
North,Phone,1259,29080,Bob
East,Headphones,1866,29081,David
West,Headphones,9016,29082,David
West,Headphones,1376,29083,Emma
East,Phone,666,29084,Alice
East,Tablet,4164,29085,Alice
West,Tablet,7963,29086,Emma
West,Tablet,9272,29087,Emma
South,Tablet,7850,29088,Emma
South,Headphones,6195,29089,Bob
West,Phone,9801,29090,Charlie
East,Laptop,8552,29091,Emma
North,Phone,9864,29092,David
East,Tablet,9463,29093,Alice
East,Tablet,1427,29094,Bob
South,Phone,9297,29095,Charlie
South,Phone,4600,29096,Alice
South,Headphones,4594,29097,Alice
West,Tablet,7483,29098,Alice
West,Phone,7694,29099,David
East,Tablet,9693,29100,David
East,Phone,4473,29101,David
North,Tablet,8244,29102,Charlie
East,Phone,913,29103,Alice
East,Tablet,6428,29104,Emma
South,Laptop,2514,29105,Charlie
South,Headphones,9474,29106,David
South,Laptop,9218,29107,David
South,Headphones,500,29108,David
South,Headphones,8962,29109,Bob
North,Phone,3031,29110,Alice
North,Laptop,1571,29111,Emma
North,Headphones,9385,29112,Alice
South,Tablet,3387,29113,Charlie
West,Phone,7016,29114,Bob
South,Phone,8405,29115,Charlie
South,Tablet,2495,29116,David
North,Tablet,4077,29117,David
South,Headphones,6709,29118,Emma
North,Tablet,2209,29119,Alice
South,Phone,2599,29120,Charlie
East,Tablet,6617,29121,David
West,Laptop,9161,29122,Emma
West,Phone,2790,29123,Emma
North,Tablet,9028,29124,Charlie
East,Phone,8470,29125,Alice
West,Headphones,1255,29126,Bob
North,Laptop,7712,29127,Emma
South,Headphones,2599,29128,Charlie
South,Laptop,912,29129,David
East,Tablet,4603,29130,Bob
West,Phone,3493,29131,Bob
South,Tablet,746,29132,Alice
North,Headphones,8062,29133,Charlie
South,Phone,7477,29134,Alice
South,Tablet,8006,29135,Emma
West,Tablet,9103,29136,Emma
West,Phone,7595,29137,Charlie
North,Phone,3867,29138,David
East,Headphones,3189,29139,Emma
East,Laptop,1087,29140,Emma
South,Laptop,1968,29141,David
North,Phone,732,29142,Bob
East,Laptop,7385,29143,Charlie
East,Headphones,8511,29144,Bob
South,Laptop,7640,29145,Alice
North,Phone,2386,29146,David
East,Headphones,809,29147,Charlie
West,Phone,8580,29148,David
West,Headphones,9635,29149,David
South,Headphones,9599,29150,Bob
South,Phone,3248,29151,Bob
South,Tablet,2100,29152,Alice
South,Phone,1045,29153,Charlie
East,Headphones,4323,29154,David
North,Phone,3814,29155,Alice
South,Phone,5430,29156,David
South,Headphones,6229,29157,Alice
East,Laptop,8491,29158,David
South,Headphones,6061,29159,Bob
South,Phone,2341,29160,Emma
North,Headphones,2136,29161,Alice
West,Headphones,8076,29162,Alice
South,Laptop,2175,29163,Emma
East,Tablet,2290,29164,Bob
North,Phone,3644,29165,Alice
East,Phone,7467,29166,Bob
North,Laptop,655,29167,David
North,Headphones,7414,29168,David
South,Tablet,9625,29169,Emma
South,Phone,9267,29170,Charlie
South,Tablet,3607,29171,Bob
West,Tablet,4843,29172,Charlie
West,Headphones,5663,29173,Charlie
East,Headphones,5048,29174,Bob
South,Headphones,5738,29175,Charlie
West,Phone,8016,29176,Alice
South,Tablet,7336,29177,David
West,Tablet,1439,29178,Emma
West,Phone,9785,29179,Bob
North,Laptop,7590,29180,Emma
South,Headphones,4441,29181,David
South,Phone,4862,29182,Emma
West,Headphones,1961,29183,Bob
South,Tablet,8435,29184,Emma
West,Phone,9902,29185,Charlie
South,Laptop,3798,29186,Charlie
North,Headphones,560,29187,David
South,Tablet,2715,29188,Charlie
North,Tablet,6775,29189,Emma
East,Laptop,5317,29190,Alice
South,Laptop,4602,29191,Emma
South,Headphones,6331,29192,Alice
South,Tablet,750,29193,Emma
North,Laptop,2099,29194,Alice
South,Phone,7929,29195,Alice
South,Laptop,2667,29196,Bob
West,Phone,6691,29197,Bob
East,Tablet,9977,29198,Emma
North,Headphones,1968,29199,Charlie
West,Tablet,4533,29200,Bob
North,Tablet,2002,29201,Alice
West,Tablet,9946,29202,Emma
East,Tablet,7100,29203,Charlie
West,Headphones,5314,29204,Emma
North,Laptop,5544,29205,Alice
South,Headphones,527,29206,Bob
South,Headphones,8398,29207,Bob
East,Headphones,9592,29208,David
North,Headphones,9540,29209,David
North,Laptop,600,29210,Emma
North,Tablet,5010,29211,Emma
East,Laptop,7894,29212,Charlie
South,Laptop,3740,29213,Bob
West,Tablet,1988,29214,Bob
East,Laptop,1953,29215,David
West,Headphones,2301,29216,Alice
South,Headphones,8584,29217,Alice
East,Tablet,5059,29218,David
South,Tablet,6740,29219,Emma
West,Tablet,8317,29220,Bob
North,Headphones,2015,29221,Bob
North,Tablet,8715,29222,Bob
West,Laptop,9087,29223,Alice
North,Laptop,1927,29224,Emma
West,Phone,6585,29225,Alice
East,Phone,1513,29226,Emma
East,Tablet,7779,29227,David
East,Phone,4726,29228,Emma
North,Headphones,9111,29229,Alice
South,Headphones,3849,29230,Bob
North,Laptop,6576,29231,Alice
North,Laptop,8257,29232,David
South,Phone,5687,29233,Bob
South,Phone,7518,29234,Alice
South,Headphones,4770,29235,Bob
South,Laptop,9155,29236,David
North,Phone,889,29237,Emma
West,Headphones,7391,29238,Emma
East,Laptop,635,29239,Charlie
West,Headphones,2956,29240,Bob
North,Headphones,2771,29241,David
South,Laptop,9292,29242,Alice
East,Headphones,7613,29243,Alice
East,Phone,9310,29244,Charlie
West,Headphones,6596,29245,Alice
North,Phone,7855,29246,David
North,Tablet,6006,29247,David
North,Tablet,8700,29248,Emma
East,Tablet,9895,29249,Bob
West,Headphones,8111,29250,Bob
East,Tablet,9285,29251,Alice
East,Tablet,9297,29252,Bob
South,Headphones,6520,29253,Charlie
West,Laptop,1969,29254,Bob
South,Headphones,2195,29255,Alice
North,Phone,1806,29256,Bob
East,Headphones,5832,29257,David
West,Laptop,6297,29258,David
North,Tablet,4483,29259,Emma
West,Headphones,9740,29260,Emma
East,Tablet,2235,29261,Emma
West,Phone,4828,29262,Emma
North,Laptop,3859,29263,Bob
South,Tablet,9376,29264,Alice
East,Tablet,6827,29265,Bob
South,Tablet,9640,29266,Alice
East,Tablet,7441,29267,Alice
North,Headphones,804,29268,Alice
East,Laptop,2897,29269,Alice
South,Laptop,6567,29270,David
East,Tablet,3026,29271,Alice
North,Laptop,7659,29272,Bob
East,Tablet,686,29273,Alice
South,Phone,2064,29274,David
North,Phone,7313,29275,Bob
South,Phone,2409,29276,Charlie
East,Laptop,8969,29277,Bob
West,Tablet,1982,29278,David
South,Headphones,8404,29279,David
East,Headphones,5382,29280,Emma
West,Phone,7478,29281,Charlie
West,Phone,2424,29282,Alice
North,Laptop,3198,29283,David
West,Headphones,9989,29284,Emma
South,Laptop,9909,29285,Emma
South,Phone,771,29286,Alice
West,Tablet,1823,29287,Bob
East,Tablet,8251,29288,Charlie
South,Tablet,2743,29289,Alice
South,Phone,3452,29290,Alice
North,Laptop,830,29291,Bob
East,Tablet,6371,29292,Bob
West,Headphones,4057,29293,David
East,Headphones,8064,29294,Bob
North,Phone,2327,29295,Bob
North,Headphones,8449,29296,Charlie
East,Headphones,7684,29297,Charlie
North,Phone,8372,29298,Charlie
North,Laptop,2673,29299,Alice
North,Tablet,4209,29300,Charlie
East,Phone,629,29301,Charlie
North,Headphones,6387,29302,Emma
West,Tablet,2058,29303,Charlie
West,Tablet,3700,29304,Alice
South,Tablet,4224,29305,Emma
West,Phone,4033,29306,Alice
South,Tablet,5565,29307,Alice
East,Laptop,5193,29308,Emma
North,Headphones,9306,29309,Emma
West,Phone,5762,29310,Emma
South,Phone,2364,29311,Emma
East,Tablet,1187,29312,Alice
South,Headphones,7800,29313,Emma
North,Tablet,6907,29314,Bob
West,Tablet,4742,29315,Charlie
East,Phone,6459,29316,Charlie
South,Laptop,6523,29317,Bob
East,Headphones,6698,29318,Alice
South,Headphones,2117,29319,Alice
South,Headphones,6580,29320,Charlie
North,Headphones,2399,29321,David
North,Laptop,2534,29322,Bob
South,Phone,6822,29323,Bob
West,Laptop,8029,29324,Charlie
East,Tablet,7875,29325,Emma
East,Phone,4473,29326,David
North,Laptop,1225,29327,Alice
West,Headphones,4003,29328,Alice
South,Headphones,8531,29329,Alice
North,Phone,9869,29330,Alice
South,Laptop,2840,29331,Bob
South,Phone,7039,29332,Bob
North,Headphones,3541,29333,Emma
West,Laptop,7600,29334,Bob
East,Headphones,2059,29335,Emma
North,Phone,900,29336,Emma
West,Phone,4710,29337,Alice
South,Phone,3831,29338,Alice
North,Phone,5471,29339,Bob
East,Phone,1749,29340,Bob
East,Tablet,9305,29341,Emma
South,Phone,4726,29342,Charlie
North,Phone,6907,29343,Alice
East,Headphones,6143,29344,David
North,Phone,2454,29345,Charlie
East,Laptop,7477,29346,Alice
South,Phone,9040,29347,Alice
South,Tablet,8852,29348,Bob
North,Phone,8805,29349,David
West,Headphones,6661,29350,David
West,Laptop,7771,29351,Alice
South,Laptop,5961,29352,Emma
East,Phone,2128,29353,David
West,Phone,8480,29354,Charlie
South,Phone,4738,29355,Emma
East,Phone,7096,29356,Bob
East,Headphones,2998,29357,Alice
West,Headphones,2495,29358,Alice
South,Laptop,1095,29359,Charlie
East,Phone,1439,29360,Charlie
East,Headphones,1799,29361,Bob
North,Headphones,5914,29362,Bob
North,Laptop,9844,29363,David
West,Laptop,3516,29364,Emma
North,Tablet,3369,29365,Alice
South,Headphones,9852,29366,David
West,Laptop,6881,29367,Bob
West,Headphones,9487,29368,Charlie
North,Headphones,4630,29369,David
East,Phone,7963,29370,Charlie
South,Phone,3417,29371,Emma
South,Phone,4853,29372,Charlie
South,Phone,4865,29373,Alice
West,Headphones,3618,29374,Emma
South,Tablet,7249,29375,Charlie
East,Tablet,9645,29376,David
East,Tablet,2241,29377,Alice
North,Headphones,2958,29378,Alice
South,Tablet,6855,29379,Bob
West,Headphones,7563,29380,Bob
North,Laptop,3837,29381,David
East,Tablet,6778,29382,Bob
South,Headphones,6503,29383,Charlie
East,Laptop,1289,29384,Bob
North,Phone,6958,29385,Alice
East,Laptop,8991,29386,David
South,Laptop,1821,29387,Charlie
South,Tablet,6922,29388,Alice
North,Phone,4969,29389,Alice
South,Phone,8155,29390,Emma
East,Tablet,2609,29391,Bob
East,Laptop,7522,29392,Charlie
West,Headphones,2885,29393,David
West,Tablet,3946,29394,David
West,Laptop,5585,29395,David
East,Headphones,7936,29396,Emma
East,Tablet,1118,29397,Charlie
North,Tablet,5390,29398,Alice
West,Phone,9574,29399,Emma
East,Phone,2203,29400,Bob
North,Phone,8253,29401,Alice
East,Headphones,2919,29402,David
North,Tablet,9199,29403,Bob
West,Phone,6871,29404,Charlie
West,Phone,1917,29405,Charlie
West,Tablet,6658,29406,Emma
East,Headphones,7648,29407,Charlie
East,Phone,3360,29408,David
North,Laptop,2885,29409,Emma
South,Headphones,9978,29410,Emma
South,Phone,1425,29411,David
West,Laptop,6721,29412,Charlie
South,Phone,728,29413,Bob
West,Headphones,2268,29414,Emma
North,Tablet,7091,29415,Bob
South,Tablet,5042,29416,Bob
South,Headphones,7075,29417,Bob
West,Phone,7836,29418,Bob
North,Headphones,5393,29419,David
South,Laptop,9925,29420,Alice
South,Phone,7926,29421,Charlie
South,Headphones,3096,29422,Alice
North,Tablet,7721,29423,Alice
North,Headphones,9160,29424,Emma
South,Phone,9545,29425,Alice
West,Headphones,6615,29426,Alice
West,Tablet,1623,29427,David
South,Laptop,2120,29428,Bob
North,Headphones,4474,29429,Alice
South,Headphones,8443,29430,Alice
North,Laptop,3529,29431,Emma
South,Headphones,1970,29432,Charlie
North,Tablet,8784,29433,Emma
East,Laptop,1776,29434,Charlie
West,Tablet,3610,29435,Charlie
East,Tablet,5141,29436,Charlie
West,Tablet,3929,29437,David
North,Phone,7676,29438,David
East,Laptop,8879,29439,Bob
West,Phone,7288,29440,Charlie
South,Phone,6782,29441,David
North,Headphones,9795,29442,David
North,Laptop,5875,29443,Alice
South,Headphones,2726,29444,Charlie
South,Phone,1780,29445,Emma
West,Headphones,4813,29446,Alice
North,Tablet,4593,29447,David
West,Phone,1840,29448,David
South,Tablet,9282,29449,David
North,Laptop,9370,29450,David
South,Headphones,9307,29451,Emma
West,Phone,8483,29452,Bob
West,Laptop,9541,29453,Bob
West,Tablet,2507,29454,Charlie
North,Headphones,4670,29455,David
South,Headphones,9027,29456,Charlie
South,Phone,9495,29457,Emma
West,Headphones,9054,29458,Charlie
West,Headphones,6833,29459,Bob
West,Tablet,8139,29460,Bob
West,Tablet,2521,29461,Bob
East,Tablet,6713,29462,Charlie
East,Laptop,3069,29463,David
East,Laptop,7881,29464,Alice
West,Headphones,2575,29465,Bob
West,Laptop,9596,29466,Charlie
South,Phone,6554,29467,Alice
North,Tablet,8497,29468,Bob
South,Laptop,4958,29469,Bob
East,Headphones,2585,29470,Emma
South,Tablet,3211,29471,Bob
West,Laptop,7347,29472,Alice
East,Tablet,4204,29473,Alice
East,Laptop,6302,29474,David
North,Headphones,5729,29475,Alice
North,Laptop,643,29476,Charlie
East,Laptop,3768,29477,Charlie
East,Laptop,9761,29478,Bob
South,Tablet,2685,29479,David
East,Laptop,3037,29480,Bob
West,Laptop,7245,29481,David
South,Laptop,6197,29482,Emma
West,Tablet,801,29483,David
West,Headphones,2665,29484,Emma
West,Headphones,2260,29485,Emma
East,Headphones,5786,29486,Bob
North,Laptop,3154,29487,Charlie
North,Tablet,5367,29488,David
West,Headphones,5592,29489,Bob
East,Headphones,7080,29490,Emma
South,Headphones,1131,29491,Emma
West,Phone,9053,29492,Alice
South,Tablet,2574,29493,Alice
South,Phone,4900,29494,David
East,Laptop,3270,29495,Charlie
East,Headphones,9460,29496,Alice
North,Laptop,9677,29497,Emma
North,Tablet,8896,29498,Bob
East,Laptop,9558,29499,Charlie
West,Laptop,5610,29500,David
North,Headphones,1161,29501,Bob
South,Tablet,1178,29502,David
West,Laptop,6863,29503,Bob
South,Phone,799,29504,Bob
East,Headphones,757,29505,Charlie
South,Phone,3262,29506,David
West,Headphones,739,29507,Alice
East,Laptop,8494,29508,Bob
West,Headphones,3800,29509,Bob
South,Laptop,7823,29510,Alice
West,Phone,2765,29511,Charlie
East,Laptop,4790,29512,Charlie
South,Headphones,6147,29513,Charlie
South,Headphones,8431,29514,Emma
North,Headphones,7206,29515,Emma
North,Phone,7183,29516,Charlie
West,Tablet,7271,29517,Charlie
North,Phone,9100,29518,Alice
North,Laptop,8108,29519,Emma
North,Laptop,1020,29520,David
North,Phone,6142,29521,Charlie
East,Phone,4384,29522,Charlie
East,Laptop,2376,29523,Charlie
North,Laptop,3241,29524,Bob
West,Laptop,4032,29525,Emma
East,Tablet,1150,29526,David
North,Tablet,2658,29527,Bob
East,Phone,3151,29528,Bob
South,Phone,9720,29529,David
East,Tablet,7962,29530,David
East,Headphones,8125,29531,David
West,Tablet,8629,29532,David
East,Phone,7538,29533,David
West,Tablet,9204,29534,Charlie
South,Headphones,1735,29535,David
North,Phone,618,29536,David
West,Laptop,759,29537,Emma
East,Phone,6018,29538,Charlie
East,Tablet,1698,29539,Bob
West,Tablet,8081,29540,Charlie
South,Headphones,6777,29541,Alice
North,Tablet,2932,29542,David
East,Headphones,7729,29543,Bob
South,Phone,1459,29544,Alice
North,Tablet,3448,29545,Bob
North,Phone,1065,29546,Charlie
East,Laptop,6436,29547,Alice
West,Laptop,7158,29548,David
East,Headphones,2879,29549,David
East,Tablet,9136,29550,Alice
East,Phone,6978,29551,Charlie
South,Phone,4039,29552,Alice
West,Tablet,3208,29553,Charlie
South,Phone,2835,29554,Bob
East,Tablet,9727,29555,Charlie
West,Tablet,3544,29556,Alice
North,Laptop,8290,29557,Alice
West,Tablet,1786,29558,Bob
East,Phone,2130,29559,Alice
West,Tablet,4527,29560,Emma
North,Laptop,3616,29561,Alice
North,Laptop,6165,29562,Emma
West,Headphones,763,29563,Alice
North,Phone,6944,29564,Alice
South,Tablet,6075,29565,Bob
West,Phone,7893,29566,Emma
North,Phone,4699,29567,Bob
North,Tablet,5582,29568,Emma
West,Laptop,8912,29569,Emma
South,Phone,833,29570,David
West,Headphones,9652,29571,Emma
North,Phone,935,29572,Bob
West,Laptop,2941,29573,Bob
North,Headphones,7377,29574,Charlie
East,Headphones,542,29575,Alice
West,Headphones,1465,29576,David
West,Headphones,715,29577,Alice
North,Tablet,4820,29578,Bob
North,Tablet,3205,29579,David
North,Tablet,9464,29580,Emma
North,Headphones,2322,29581,Bob
West,Laptop,4611,29582,Bob
North,Phone,6936,29583,Bob
West,Headphones,8622,29584,Bob
South,Laptop,8749,29585,David
West,Phone,5446,29586,Alice
North,Headphones,5243,29587,Alice
North,Phone,2343,29588,Emma
South,Tablet,5950,29589,Bob
West,Tablet,960,29590,Bob
South,Tablet,9660,29591,Alice
West,Laptop,4315,29592,Emma
North,Tablet,7792,29593,Charlie
West,Laptop,8129,29594,David
North,Tablet,789,29595,Alice
North,Tablet,9812,29596,David
East,Tablet,6892,29597,Alice
East,Laptop,9424,29598,Emma
West,Phone,7168,29599,Bob
North,Laptop,4076,29600,Charlie
South,Headphones,8485,29601,David
North,Headphones,7348,29602,Charlie
South,Laptop,4282,29603,Bob
West,Laptop,7415,29604,Alice
West,Phone,5437,29605,Emma
South,Laptop,4558,29606,Bob
South,Tablet,2656,29607,Charlie
North,Phone,3377,29608,Charlie
West,Laptop,8634,29609,Charlie
North,Laptop,9759,29610,Alice
South,Headphones,4937,29611,Charlie
East,Phone,4420,29612,Alice
East,Headphones,1627,29613,Charlie
East,Laptop,7101,29614,David
South,Phone,4567,29615,David
North,Tablet,9682,29616,Bob
West,Laptop,3986,29617,Bob
South,Laptop,5227,29618,Emma
East,Headphones,6009,29619,Charlie
North,Tablet,5981,29620,Charlie
West,Laptop,3954,29621,Alice
West,Headphones,1551,29622,Bob
South,Headphones,7774,29623,David
South,Laptop,3087,29624,Alice
West,Phone,3757,29625,David
West,Laptop,2742,29626,Alice
East,Tablet,5367,29627,Bob
West,Laptop,9563,29628,Charlie
South,Phone,7332,29629,Charlie
North,Headphones,627,29630,Bob
East,Tablet,6515,29631,David
East,Tablet,8797,29632,Emma
West,Tablet,1906,29633,Emma
North,Tablet,3920,29634,Bob
East,Phone,6100,29635,Alice
South,Phone,8682,29636,Charlie
West,Phone,9692,29637,David
South,Phone,7988,29638,Emma
West,Headphones,5597,29639,Charlie
East,Laptop,4612,29640,Bob
West,Phone,1893,29641,Charlie
North,Laptop,2371,29642,Emma
South,Tablet,1589,29643,David
North,Headphones,6035,29644,Alice
South,Headphones,4666,29645,Alice
South,Laptop,5039,29646,Charlie
West,Laptop,3516,29647,Alice
East,Laptop,3815,29648,Emma
East,Headphones,4392,29649,David
North,Phone,1893,29650,Alice
West,Headphones,1220,29651,Alice
East,Phone,4826,29652,Bob
South,Tablet,4097,29653,Alice
South,Phone,5459,29654,Alice
West,Laptop,8258,29655,Emma
North,Phone,8136,29656,Alice
West,Phone,4380,29657,Bob
North,Headphones,5364,29658,Bob
West,Laptop,7173,29659,Bob
South,Tablet,8981,29660,Alice
West,Phone,6743,29661,Charlie
East,Tablet,6792,29662,Charlie
East,Laptop,9086,29663,Emma
West,Phone,875,29664,Charlie
North,Headphones,6745,29665,Emma
North,Tablet,6246,29666,Emma
South,Headphones,5377,29667,Bob
South,Tablet,2639,29668,David
North,Laptop,2474,29669,Emma
West,Phone,5001,29670,Alice
South,Tablet,6664,29671,Bob
North,Headphones,6662,29672,Alice
North,Tablet,9104,29673,Alice
West,Tablet,6845,29674,Charlie
East,Tablet,6630,29675,Alice
North,Tablet,6655,29676,Emma
South,Tablet,6778,29677,Alice
West,Tablet,1878,29678,Alice
West,Headphones,1593,29679,Charlie
West,Tablet,7635,29680,Alice
East,Tablet,1210,29681,Emma
East,Tablet,7961,29682,Emma
South,Phone,3986,29683,Alice
South,Laptop,5392,29684,Emma
West,Laptop,3999,29685,Emma
South,Laptop,3727,29686,Charlie
North,Headphones,1230,29687,Bob
East,Headphones,6920,29688,Bob
West,Headphones,7932,29689,David
West,Tablet,6692,29690,Bob
North,Laptop,9301,29691,Alice
North,Tablet,7688,29692,Emma
North,Phone,1967,29693,Bob
North,Laptop,2058,29694,Charlie
West,Phone,5757,29695,David
East,Phone,729,29696,Alice
East,Tablet,7481,29697,Bob
North,Laptop,6024,29698,Emma
South,Phone,9232,29699,Charlie
West,Laptop,3374,29700,Bob
East,Phone,9627,29701,Emma
North,Phone,3592,29702,Bob
South,Tablet,8521,29703,Alice
South,Laptop,6230,29704,David
North,Tablet,7457,29705,Emma
West,Tablet,3192,29706,David
East,Tablet,5724,29707,David
South,Tablet,7266,29708,Charlie
East,Tablet,503,29709,Emma
East,Phone,5259,29710,Charlie
South,Laptop,3434,29711,David
North,Laptop,5133,29712,Alice
South,Tablet,7861,29713,Alice
South,Laptop,2907,29714,Bob
West,Phone,3067,29715,Bob
East,Tablet,9788,29716,Emma
North,Headphones,3649,29717,Alice
East,Headphones,8327,29718,David
South,Phone,7338,29719,Alice
North,Phone,1857,29720,Emma
North,Headphones,6728,29721,Bob
North,Tablet,6115,29722,Bob
North,Phone,8770,29723,Charlie
West,Headphones,7973,29724,Bob
North,Tablet,2105,29725,David
South,Phone,7784,29726,Emma
West,Laptop,5475,29727,Bob
South,Laptop,6069,29728,Bob
South,Laptop,527,29729,David
East,Tablet,1852,29730,Bob
North,Phone,4234,29731,David
North,Headphones,8031,29732,Bob
South,Phone,918,29733,David
North,Laptop,8952,29734,Bob
West,Laptop,2607,29735,Emma
East,Tablet,6806,29736,Charlie
North,Headphones,4791,29737,Charlie
North,Tablet,9596,29738,Alice
West,Headphones,2726,29739,Charlie
East,Phone,8160,29740,David
West,Tablet,9259,29741,David
South,Tablet,1278,29742,Charlie
South,Tablet,9617,29743,David
North,Laptop,6758,29744,Emma
East,Laptop,8021,29745,David
South,Headphones,2115,29746,Emma
West,Phone,2349,29747,Emma
South,Tablet,2443,29748,Emma
South,Laptop,2870,29749,Bob
West,Tablet,8208,29750,Alice
North,Headphones,8733,29751,David
East,Headphones,3690,29752,Bob
North,Phone,8334,29753,Alice
West,Headphones,2320,29754,Bob
South,Tablet,9132,29755,David
East,Phone,8795,29756,Emma
North,Phone,1068,29757,Bob
West,Laptop,9148,29758,Alice
South,Tablet,810,29759,Alice
South,Headphones,2407,29760,Alice
North,Laptop,3955,29761,Bob
West,Tablet,2191,29762,Alice
South,Tablet,7832,29763,Charlie
South,Phone,5002,29764,Alice
East,Phone,1080,29765,Alice
South,Tablet,2515,29766,Bob
North,Laptop,8143,29767,David
West,Phone,7362,29768,Bob
West,Phone,4555,29769,Bob
East,Tablet,8083,29770,Charlie
West,Tablet,2360,29771,David
North,Phone,4375,29772,Bob
South,Laptop,7918,29773,Charlie
East,Phone,3791,29774,Bob
West,Tablet,8878,29775,Charlie
East,Phone,3443,29776,Emma
East,Tablet,3011,29777,Alice
West,Phone,6992,29778,Alice
East,Tablet,7143,29779,Bob
West,Tablet,8334,29780,Charlie
North,Laptop,2390,29781,Emma
West,Tablet,8971,29782,Alice
South,Phone,1354,29783,Bob
West,Tablet,5783,29784,Bob
South,Headphones,897,29785,Charlie
East,Phone,4003,29786,David
West,Laptop,4970,29787,Bob
South,Phone,7659,29788,Emma
West,Laptop,4295,29789,Emma
West,Headphones,1131,29790,David
West,Laptop,3536,29791,Emma
North,Tablet,1427,29792,Charlie
South,Headphones,8769,29793,Bob
North,Headphones,5083,29794,Charlie
North,Laptop,1561,29795,David
South,Phone,7210,29796,David
West,Laptop,3861,29797,Charlie
North,Laptop,5237,29798,Alice
North,Headphones,2199,29799,David
North,Tablet,6201,29800,Bob
West,Phone,791,29801,David
North,Laptop,6537,29802,Charlie
East,Tablet,1080,29803,Charlie
South,Tablet,4700,29804,Emma
East,Phone,1379,29805,Alice
West,Tablet,1982,29806,Charlie
North,Laptop,7570,29807,Emma
South,Headphones,6952,29808,Emma
North,Tablet,9821,29809,Bob
West,Headphones,6480,29810,Emma
South,Phone,814,29811,Alice
East,Phone,9300,29812,Bob
South,Tablet,4425,29813,Charlie
North,Headphones,3086,29814,Charlie
South,Laptop,2619,29815,Emma
West,Headphones,9069,29816,David
West,Tablet,7852,29817,Alice
South,Headphones,8825,29818,Alice
West,Headphones,3745,29819,Emma
West,Phone,8277,29820,Alice
West,Tablet,4988,29821,Bob
East,Headphones,3635,29822,Emma
North,Tablet,5010,29823,David
West,Laptop,7046,29824,Charlie
South,Tablet,1636,29825,Alice
West,Laptop,6708,29826,Charlie
East,Tablet,2251,29827,David
South,Tablet,5461,29828,David
North,Headphones,7044,29829,Bob
South,Headphones,8981,29830,David
South,Laptop,8087,29831,David
South,Laptop,7000,29832,Alice
South,Phone,5473,29833,Charlie
West,Headphones,7641,29834,Alice
North,Laptop,1251,29835,Alice
West,Headphones,4089,29836,Emma
East,Tablet,1248,29837,Emma
East,Phone,864,29838,Bob
South,Headphones,766,29839,Bob
West,Headphones,4321,29840,David
West,Headphones,4734,29841,Bob
North,Headphones,9880,29842,Bob
North,Laptop,6413,29843,David
North,Laptop,7309,29844,Charlie
West,Phone,3677,29845,David
North,Tablet,3720,29846,David
North,Tablet,6029,29847,Charlie
North,Phone,1202,29848,David
South,Tablet,700,29849,Emma
East,Laptop,2513,29850,Bob
East,Headphones,4041,29851,David
West,Tablet,7655,29852,Alice
West,Headphones,4005,29853,Bob
South,Headphones,4659,29854,Emma
East,Laptop,7580,29855,Emma
North,Headphones,7183,29856,David
North,Tablet,7153,29857,Charlie
West,Laptop,568,29858,Alice
East,Phone,4872,29859,David
West,Laptop,9801,29860,Charlie
West,Tablet,6820,29861,Emma
North,Laptop,3518,29862,Bob
North,Tablet,3153,29863,Emma
East,Tablet,9032,29864,David
West,Laptop,9112,29865,Charlie
South,Tablet,2775,29866,David
East,Phone,2418,29867,Emma
West,Tablet,972,29868,Alice
East,Phone,3921,29869,Emma
East,Phone,6429,29870,David
East,Tablet,6265,29871,Charlie
South,Headphones,2587,29872,David
South,Phone,8317,29873,Bob
North,Phone,8685,29874,Bob
North,Laptop,8947,29875,Charlie
West,Phone,4369,29876,Emma
East,Phone,6216,29877,David
West,Phone,8496,29878,Bob
North,Phone,9230,29879,Alice
South,Headphones,3887,29880,Bob
North,Phone,1357,29881,Emma
West,Tablet,631,29882,Charlie
North,Headphones,6222,29883,Alice
West,Phone,3415,29884,David
West,Tablet,3086,29885,David
West,Tablet,3874,29886,Charlie
West,Headphones,2531,29887,Alice
North,Headphones,2425,29888,Alice
West,Tablet,2501,29889,Alice
West,Headphones,4877,29890,Charlie
East,Headphones,7135,29891,Charlie
West,Laptop,7866,29892,David
North,Headphones,5994,29893,Bob
West,Laptop,1165,29894,Emma
South,Headphones,7198,29895,David
South,Headphones,5941,29896,Alice
West,Tablet,2146,29897,Bob
South,Laptop,5007,29898,Emma
South,Headphones,6099,29899,Alice
North,Phone,1663,29900,Charlie
East,Headphones,3425,29901,Bob
South,Tablet,7333,29902,Charlie
South,Tablet,8171,29903,Emma
East,Tablet,5552,29904,Emma
East,Laptop,6413,29905,Alice
South,Laptop,9516,29906,Charlie
West,Laptop,9424,29907,David
South,Phone,4986,29908,David
West,Laptop,7811,29909,Charlie
West,Tablet,7379,29910,Emma
West,Laptop,526,29911,Bob
East,Laptop,8411,29912,Charlie
South,Headphones,3170,29913,Alice
South,Laptop,6127,29914,David
North,Headphones,1383,29915,Alice
East,Laptop,6410,29916,Bob
North,Headphones,626,29917,David
North,Tablet,1979,29918,David
West,Laptop,9010,29919,David
East,Tablet,2988,29920,Alice
North,Laptop,840,29921,Emma
South,Phone,5373,29922,Alice
North,Phone,7356,29923,Emma
East,Tablet,6601,29924,Charlie
South,Tablet,2105,29925,David
South,Phone,5777,29926,Alice
South,Phone,6336,29927,Bob
West,Headphones,2908,29928,Bob
South,Laptop,3339,29929,Emma
West,Phone,1608,29930,Emma
West,Tablet,4954,29931,David
North,Tablet,7370,29932,Emma
North,Phone,8054,29933,Bob
South,Tablet,7914,29934,Alice
East,Laptop,2425,29935,Alice
South,Headphones,6594,29936,Emma
North,Laptop,8133,29937,Emma
South,Headphones,9770,29938,Bob
North,Headphones,4900,29939,Charlie
South,Phone,2476,29940,Alice
East,Tablet,5129,29941,Emma
South,Headphones,2582,29942,David
East,Phone,9855,29943,Emma
East,Tablet,9706,29944,Emma
South,Tablet,3944,29945,Alice
East,Headphones,1258,29946,Emma
East,Tablet,3594,29947,David
North,Laptop,4879,29948,David
North,Tablet,612,29949,David
East,Laptop,2920,29950,Bob
West,Tablet,5783,29951,David
South,Headphones,1321,29952,Alice
East,Headphones,4139,29953,Charlie
South,Phone,6264,29954,Emma
North,Laptop,2319,29955,Emma
South,Laptop,776,29956,Emma
East,Headphones,9958,29957,David
East,Headphones,7131,29958,David
East,Headphones,8511,29959,David
East,Laptop,775,29960,Charlie
West,Phone,6833,29961,Charlie
West,Laptop,2393,29962,Charlie
West,Headphones,1092,29963,Charlie
East,Phone,1887,29964,Charlie
West,Tablet,4495,29965,Emma
South,Tablet,7593,29966,Emma
East,Headphones,5572,29967,Charlie
North,Phone,5633,29968,Emma
East,Headphones,7199,29969,Charlie
South,Laptop,9755,29970,Charlie
West,Laptop,3605,29971,Charlie
East,Phone,7390,29972,Emma
West,Headphones,6405,29973,Bob
East,Headphones,2403,29974,Bob
South,Tablet,3861,29975,Bob
East,Phone,9546,29976,Alice
West,Headphones,3498,29977,Bob
West,Laptop,1841,29978,Bob
South,Headphones,2361,29979,Bob
East,Headphones,2955,29980,David
North,Laptop,4292,29981,Charlie
East,Laptop,6364,29982,Emma
South,Headphones,7491,29983,David
North,Laptop,6396,29984,Charlie
South,Tablet,1808,29985,Bob
East,Tablet,8631,29986,Bob
North,Tablet,8589,29987,David
South,Laptop,8297,29988,Emma
West,Laptop,3713,29989,David
North,Laptop,8938,29990,David
North,Phone,2724,29991,Charlie
South,Laptop,3358,29992,Alice
West,Tablet,1867,29993,Emma
North,Tablet,5644,29994,Emma
South,Tablet,1202,29995,David
North,Phone,2050,29996,David
North,Headphones,7171,29997,Bob
North,Tablet,1833,29998,David
West,Phone,2298,29999,Charlie
East,Headphones,3955,30000,Bob
